season,district,field_size_acres,potato_variety,soil_type,planned_fertilizer_kg_per_acre,seed_cost_lkr,fertilizer_cost_lkr,labor_cost_lkr,crop_quality,hands_on_money_lkr,selling_price_lkr_per_kg,actual_yield_kg_per_acre
Yala,Badulla,0.96,Lapala,Sandy_Loam,1016,165569,14904,102858,Low,283331,122,5374
Yala,Nuwara_Eliya,1.03,Granola,Loamy,1175,182374,19032,128875,High,330281,104,7379
Maha,Nuwara_Eliya,1.23,Granola,Loamy,1074,177974,17978,94180,Medium,290132,120,6434
Maha,Nuwara_Eliya,2.86,Granola,Loamy,1319,185712,18264,111692,High,315668,124,7375
Maha,Nuwara_Eliya,1.48,Granola,Sandy_Loam,924,155587,11319,165805,Medium,332711,112,6586
Yala,Nuwara_Eliya,2.32,Granola,Sandy_Loam,1129,187461,22229,166008,Medium,375698,127,6880
Maha,Badulla,1.2,Granola,Loamy,1316,232208,23911,96664,Medium,352783,107,6317
Yala,Nuwara_Eliya,1.62,Granola,Loamy,1377,238829,23859,143216,High,405904,103,7271
Maha,Badulla,2.93,Lapala,Sandy_Loam,1044,148270,18463,99980,Low,266713,111,5645
Yala,Nuwara_Eliya,1.91,Lapala,Loamy,1031,175497,16824,108275,Medium,300596,137,6703
Maha,Nuwara_Eliya,2.7,Lapala,Loamy,1178,177786,18061,169495,Low,365342,106,5771
Yala,Badulla,2.77,Granola,Sandy_Loam,1008,141146,14939,117430,Medium,273515,98,6869
Yala,Badulla,0.8,Granola,Clay_Loam,1242,217537,18517,177460,Low,413514,138,5978
Maha,Badulla,1.25,Granola,Loamy,795,135530,12737,94633,High,242900,103,8014
Maha,Nuwara_Eliya,0.86,Granola,Clay_Loam,1353,240943,18808,155539,Medium,415290,108,6716
Maha,Badulla,0.73,Lapala,Loamy,970,144846,11956,143180,Low,299982,123,5565
Maha,Badulla,1.07,Lapala,Loamy,1016,189825,13309,120695,High,323829,95,7339
Maha,Badulla,1.07,Granola,Clay_Loam,1509,250240,21256,179662,Medium,451158,138,6572
Maha,Badulla,1.35,Granola,Sandy_Loam,1323,190785,17586,170869,Low,379240,120,5798
Yala,Badulla,2.93,Granola,Loamy,1443,237057,22492,179501,Medium,439050,98,6107
Yala,Nuwara_Eliya,2.37,Lapala,Clay_Loam,1364,197348,20380,113868,Medium,331596,102,6725
Yala,Badulla,2.73,Lapala,Sandy_Loam,1579,260743,26235,134326,Medium,421304,99,6613
Maha,Nuwara_Eliya,0.56,Lapala,Loamy,1155,162592,22437,128536,High,313565,138,7415
Yala,Nuwara_Eliya,1.24,Granola,Clay_Loam,1342,209145,17923,140112,Medium,367180,136,6839
Maha,Nuwara_Eliya,2.18,Granola,Loamy,994,181338,13014,153801,Medium,348153,117,6704
Maha,Badulla,1.14,Lapala,Loamy,963,135069,16393,107484,Medium,258946,93,6308
Yala,Badulla,1.34,Granola,Loamy,1102,179934,18007,115788,Medium,313729,119,6134
Yala,Nuwara_Eliya,2.56,Granola,Loamy,1216,201992,22082,109423,Medium,333497,121,6251
Yala,Nuwara_Eliya,1.83,Granola,Sandy_Loam,794,142728,11248,129507,Low,283483,93,5831
Yala,Nuwara_Eliya,2.59,Lapala,Loamy,1237,183898,16392,112521,Medium,312811,117,6929
Yala,Badulla,2.1,Granola,Sandy_Loam,1531,217992,25304,104278,Medium,347574,96,6477
Yala,Badulla,0.74,Granola,Clay_Loam,1107,164684,13435,158702,Medium,336821,130,6162
Yala,Badulla,0.62,Other,Clay_Loam,1200,200362,20966,145426,Medium,366754,137,6244
Yala,Nuwara_Eliya,2.09,Lapala,Sandy_Loam,1351,227870,17600,163008,Medium,408478,131,6434
Yala,Badulla,2.13,Granola,Loamy,1090,154723,18471,120289,Medium,293483,122,6894
Maha,Nuwara_Eliya,1.35,Granola,Loamy,946,165213,13988,174298,Medium,353499,91,6964
Yala,Badulla,1.87,Granola,Sandy_Loam,1522,222797,21308,142248,Medium,386353,133,6926
Yala,Badulla,2.2,Lapala,Loamy,1305,207346,21238,134690,Medium,363274,109,6114
Maha,Badulla,0.63,Other,Clay_Loam,1278,222165,20269,134372,Low,376806,94,4835
Yala,Badulla,1.88,Granola,Clay_Loam,1175,210401,15166,173783,High,399350,138,7421
Maha,Badulla,2.34,Granola,Sandy_Loam,1218,221583,18767,110031,High,350381,109,7599
Maha,Badulla,1.78,Granola,Sandy_Loam,1216,222718,23156,111301,Medium,357175,135,6987
Yala,Nuwara_Eliya,2.27,Granola,Loamy,996,155886,15413,112831,High,284130,110,7293
Yala,Nuwara_Eliya,2.42,Lapala,Sandy_Loam,1366,237754,18987,126020,Low,382761,113,5424
Yala,Nuwara_Eliya,1.59,Lapala,Clay_Loam,820,116579,15905,172720,Medium,305204,102,6235
Yala,Nuwara_Eliya,0.92,Granola,Loamy,1319,250335,23181,124578,High,398094,126,8029
Maha,Nuwara_Eliya,0.64,Granola,Loamy,1002,172687,15136,110645,Medium,298468,103,6840
Yala,Nuwara_Eliya,1.63,Granola,Loamy,1101,176776,18521,114386,Medium,309683,96,6232
Maha,Badulla,2.31,Lapala,Loamy,1435,271737,18946,143471,High,434154,109,7427
Maha,Badulla,2.6,Granola,Loamy,1106,169959,13770,167825,High,351554,130,8210
Maha,Badulla,1.96,Lapala,Sandy_Loam,929,139584,13016,114725,Medium,267325,100,6903
Maha,Nuwara_Eliya,1.17,Granola,Loamy,1072,175604,19993,117699,High,313296,130,8142
Maha,Badulla,1.97,Granola,Loamy,1318,237572,25338,145553,High,408463,139,7371
Maha,Nuwara_Eliya,1.89,Granola,Sandy_Loam,1442,241350,22505,171942,Medium,435797,104,6848
Yala,Badulla,2.49,Granola,Clay_Loam,1225,192779,16749,142168,Medium,351696,107,6532
Maha,Nuwara_Eliya,2.24,Granola,Sandy_Loam,1103,177123,20950,136371,High,334444,138,7007
Maha,Badulla,2.55,Granola,Loamy,1210,201732,17965,170479,Medium,390176,96,6776
Maha,Badulla,0.73,Granola,Sandy_Loam,1102,182472,14607,123955,High,321034,90,7551
Yala,Badulla,0.96,Granola,Loamy,1674,265238,26282,157272,Medium,448792,91,6609
Maha,Badulla,2.61,Lapala,Loamy,1137,208481,16865,125744,Medium,351090,95,6973
Yala,Nuwara_Eliya,1.91,Lapala,Loamy,887,139388,14007,121959,Medium,275354,122,6470
Yala,Badulla,2.34,Granola,Sandy_Loam,1241,208764,18652,120370,High,347786,134,7019
Maha,Nuwara_Eliya,1.75,Granola,Clay_Loam,1158,211382,14710,162527,High,388619,92,7123
Maha,Badulla,0.55,Lapala,Clay_Loam,744,137513,12356,172565,Medium,322434,90,6729
Maha,Nuwara_Eliya,2.82,Granola,Sandy_Loam,1386,207002,20220,128289,Medium,355511,115,6274
Yala,Nuwara_Eliya,2.42,Granola,Sandy_Loam,1047,195370,15249,143449,Medium,354068,108,6706
Yala,Badulla,1.87,Granola,Sandy_Loam,1677,301381,21555,166565,Medium,489501,127,6613
Yala,Nuwara_Eliya,2.98,Granola,Loamy,1079,201041,19176,94328,High,314545,129,7842
Yala,Nuwara_Eliya,2.5,Lapala,Loamy,1330,246573,19324,142947,Medium,408844,124,6416
Maha,Badulla,1.25,Lapala,Sandy_Loam,941,142665,18063,124550,Medium,285278,117,6956
Maha,Badulla,0.79,Other,Sandy_Loam,1025,184193,17384,138011,Medium,339588,134,6302
Yala,Badulla,2.27,Lapala,Loamy,1119,168104,19820,134458,Low,322382,127,5734
Yala,Badulla,1.45,Granola,Sandy_Loam,1834,301358,28008,159469,Medium,488835,90,7000
Yala,Nuwara_Eliya,2.29,Granola,Clay_Loam,1236,232310,18218,110461,Medium,360989,111,6049
Maha,Nuwara_Eliya,2.78,Granola,Loamy,1373,232926,17598,172687,Medium,423211,129,6118
Maha,Badulla,1.94,Lapala,Loamy,1012,178944,19708,173301,Low,371953,112,5754
Yala,Nuwara_Eliya,2.6,Granola,Clay_Loam,1211,205341,18397,94928,High,318666,106,7046
Yala,Nuwara_Eliya,1.33,Granola,Sandy_Loam,1418,263737,20944,121225,Medium,405906,126,6702
Maha,Badulla,1.63,Granola,Loamy,660,122589,9833,142252,Medium,274674,121,6097
Yala,Badulla,0.95,Other,Loamy,1189,191109,15079,179718,Medium,385906,115,6264
Yala,Nuwara_Eliya,2.37,Granola,Clay_Loam,1085,153882,17117,140835,Medium,311834,93,6993
Maha,Nuwara_Eliya,1.84,Granola,Loamy,1090,194311,13977,120092,High,328380,93,7682
Maha,Nuwara_Eliya,2.74,Granola,Clay_Loam,1148,192388,16107,107650,Medium,316145,115,6644
Yala,Badulla,1.92,Other,Sandy_Loam,1404,247161,25893,178985,Medium,452039,120,6333
Yala,Nuwara_Eliya,2.17,Granola,Loamy,866,159892,16055,120763,Medium,296710,102,6882
Yala,Nuwara_Eliya,2.06,Granola,Sandy_Loam,1552,251123,22280,175360,Medium,448763,128,6065
Maha,Nuwara_Eliya,1.72,Other,Sandy_Loam,1127,172919,18407,147013,Low,338339,102,5172
Maha,Nuwara_Eliya,2.96,Granola,Loamy,1188,182495,14430,172286,High,369211,95,7303
Maha,Badulla,1.51,Granola,Sandy_Loam,1020,180141,14285,146978,Medium,341404,114,6949
Yala,Nuwara_Eliya,1.51,Lapala,Loamy,1018,160532,20023,106593,High,287148,94,7039
Yala,Badulla,2.59,Granola,Clay_Loam,1349,252890,20468,175867,Medium,449225,96,6428
Maha,Nuwara_Eliya,1.85,Granola,Clay_Loam,1500,273480,29462,103920,Medium,406862,121,6410
Yala,Badulla,1.38,Granola,Sandy_Loam,1011,145378,12760,90210,Low,248348,138,5790
Yala,Badulla,1.29,Lapala,Clay_Loam,1660,297971,29090,136917,Medium,463978,94,6699
Maha,Nuwara_Eliya,2.1,Lapala,Sandy_Loam,1207,223498,20728,152385,Medium,396611,92,6516
Maha,Nuwara_Eliya,2.81,Granola,Sandy_Loam,1202,223300,14750,152767,High,390817,104,7665
Maha,Badulla,2.86,Granola,Clay_Loam,1106,200679,13599,143664,Low,357942,101,5724
Maha,Badulla,2.24,Granola,Sandy_Loam,1377,197279,19997,138554,Medium,355830,129,6430
Maha,Badulla,2.71,Lapala,Loamy,1342,241478,26817,121564,Medium,389859,128,6318
Yala,Nuwara_Eliya,2.07,Other,Clay_Loam,1209,215702,18548,127922,Low,362172,126,5078
Maha,Badulla,1.39,Granola,Loamy,813,141447,11175,175496,Medium,328118,129,6260
Maha,Nuwara_Eliya,2.03,Granola,Clay_Loam,958,145217,18721,148468,Medium,312406,120,6484
Maha,Badulla,0.94,Granola,Loamy,1072,153180,21175,169540,High,343895,136,8200
Yala,Badulla,1.49,Lapala,Sandy_Loam,1437,212237,26622,110199,Medium,349058,101,6268
Yala,Nuwara_Eliya,1.95,Granola,Clay_Loam,1077,198639,21157,167591,Medium,387387,130,6760
Yala,Badulla,0.72,Granola,Loamy,1122,171652,19957,134628,Medium,326237,94,6540
Yala,Nuwara_Eliya,0.69,Other,Loamy,1705,309004,25204,151021,Low,485229,118,5664
Maha,Nuwara_Eliya,2.15,Other,Clay_Loam,1093,191732,20434,152772,Low,364938,124,5706
Yala,Badulla,2.7,Other,Loamy,1091,202309,13101,140056,Low,355466,127,5649
Maha,Nuwara_Eliya,0.71,Granola,Sandy_Loam,1327,193466,19922,90816,Medium,304204,130,6042
Maha,Nuwara_Eliya,0.55,Granola,Clay_Loam,962,170932,17614,105637,High,294183,128,7326
Yala,Nuwara_Eliya,0.67,Granola,Loamy,1120,191571,13849,168438,High,373858,138,8144
Yala,Badulla,0.83,Lapala,Loamy,1513,263511,23553,114626,Medium,401690,139,6365
Yala,Badulla,0.91,Lapala,Sandy_Loam,1186,179131,15013,151244,Low,345388,122,5778
Yala,Nuwara_Eliya,0.88,Granola,Clay_Loam,1569,250851,22269,178557,High,451677,110,7223
Maha,Badulla,1,Other,Sandy_Loam,985,165615,15535,138890,Low,320040,97,5284
Yala,Badulla,0.88,Granola,Sandy_Loam,1302,245264,17555,131588,Medium,394407,90,7000
Yala,Nuwara_Eliya,1.58,Granola,Loamy,1148,164405,19120,114209,Medium,297734,129,6733
Yala,Badulla,0.53,Granola,Loamy,1694,261863,29746,167411,Medium,459020,128,6153
Maha,Nuwara_Eliya,0.86,Granola,Sandy_Loam,1100,155010,17444,108931,High,281385,107,7362
Maha,Nuwara_Eliya,0.68,Granola,Clay_Loam,922,174141,12545,152387,Low,339073,131,5570
Yala,Badulla,2.88,Granola,Clay_Loam,978,166004,16560,145164,High,327728,104,7303
Maha,Nuwara_Eliya,2.5,Granola,Clay_Loam,1463,237907,25088,137376,Low,400371,126,5649
Yala,Badulla,2.13,Granola,Sandy_Loam,1239,193842,19528,156985,Medium,370355,133,6664
Maha,Nuwara_Eliya,1.89,Lapala,Loamy,974,169487,12250,92758,Medium,274495,102,6437
Yala,Badulla,1.54,Lapala,Sandy_Loam,1312,231918,23802,135436,Medium,391156,117,6226
Yala,Nuwara_Eliya,0.57,Granola,Sandy_Loam,1463,252733,29167,115546,Medium,397446,107,6563
Maha,Nuwara_Eliya,2.59,Granola,Sandy_Loam,1287,206261,21640,146928,Medium,374829,108,6825
Yala,Badulla,0.67,Granola,Loamy,1522,257173,26332,98573,Medium,382078,122,6737
Yala,Nuwara_Eliya,2.64,Granola,Sandy_Loam,870,147844,13200,111332,High,272376,101,7582
Maha,Badulla,1.34,Lapala,Loamy,1329,233025,17723,105085,Medium,355833,91,6971
Yala,Nuwara_Eliya,1.69,Lapala,Clay_Loam,921,155895,17449,108525,Low,281869,95,5483
Maha,Badulla,1.83,Other,Loamy,1173,218991,17042,135651,Low,371684,92,5447
Yala,Nuwara_Eliya,2.91,Granola,Clay_Loam,993,170752,18810,130926,Medium,320488,115,6438
Yala,Nuwara_Eliya,0.85,Granola,Loamy,1012,175755,19996,98451,High,294202,123,7019
Yala,Badulla,0.94,Lapala,Clay_Loam,1328,248642,23194,134745,Medium,406581,120,6541
Yala,Nuwara_Eliya,0.78,Lapala,Clay_Loam,1323,239915,22935,141946,Low,404796,107,5287
Yala,Badulla,1.52,Other,Sandy_Loam,1228,206734,21990,169066,Low,397790,110,5499
Maha,Nuwara_Eliya,2.75,Other,Loamy,1136,175902,19530,119554,Medium,314986,121,6290
Yala,Badulla,1.47,Granola,Loamy,1389,220382,19193,96587,High,336162,120,7500
Maha,Nuwara_Eliya,1.66,Granola,Clay_Loam,700,98897,10310,124217,Medium,233424,109,6615
Yala,Nuwara_Eliya,2.02,Lapala,Clay_Loam,1658,291652,32570,91640,Low,415862,99,5019
Yala,Nuwara_Eliya,2.89,Lapala,Loamy,1180,176678,15730,145561,Medium,337969,116,6842
Yala,Badulla,1.83,Granola,Loamy,918,161459,13952,177905,High,353316,131,7188
Yala,Nuwara_Eliya,2.5,Granola,Loamy,1086,201873,16720,97833,Medium,316426,130,6869
Yala,Nuwara_Eliya,0.78,Granola,Sandy_Loam,1305,216315,21856,161436,Medium,399607,122,6136
Yala,Badulla,2.76,Lapala,Sandy_Loam,1028,181542,19336,150428,Medium,351306,130,6695
Maha,Badulla,1.56,Granola,Loamy,988,181261,15593,138182,Medium,335036,98,6737
Maha,Nuwara_Eliya,1.02,Lapala,Loamy,1090,160326,15473,143734,Medium,319533,123,6398
Yala,Badulla,2.31,Granola,Loamy,1232,222912,20729,120350,High,363991,135,7723
Yala,Nuwara_Eliya,2.11,Granola,Loamy,912,155822,14171,164867,Medium,334860,123,6218
Yala,Nuwara_Eliya,2.7,Lapala,Sandy_Loam,955,149186,14004,150253,Medium,313443,139,6501
Yala,Badulla,2.33,Granola,Loamy,1311,195031,22968,108084,Medium,326083,116,6276
Yala,Badulla,2.39,Granola,Sandy_Loam,1215,218423,23592,111117,Medium,353132,109,6090
Yala,Nuwara_Eliya,2.82,Granola,Clay_Loam,1663,240230,30004,101494,High,371728,131,7006
Maha,Badulla,0.59,Granola,Loamy,1278,201932,16232,174326,Medium,392490,117,6723
Yala,Nuwara_Eliya,1.62,Lapala,Sandy_Loam,1198,227150,22536,108765,Low,358451,136,5486
Maha,Badulla,1.45,Other,Clay_Loam,1367,246465,25043,117421,Low,388929,94,5349
Maha,Badulla,2.24,Granola,Clay_Loam,1417,207769,26775,173048,Medium,407592,114,6665
Yala,Nuwara_Eliya,1.76,Granola,Loamy,1294,204939,16233,92323,High,313495,96,8131
Yala,Nuwara_Eliya,2.91,Granola,Loamy,622,90366,10652,109443,High,210461,120,7461
Maha,Badulla,0.65,Lapala,Loamy,1258,179778,25108,95200,High,300086,124,7454
Maha,Badulla,0.86,Granola,Loamy,1260,180324,20254,179702,High,380280,130,7386
Yala,Badulla,2.06,Granola,Loamy,1074,157379,20505,130480,Medium,308364,99,6856
Yala,Nuwara_Eliya,2.57,Lapala,Sandy_Loam,1194,195896,14511,113383,Low,323790,128,5525
Yala,Badulla,1.31,Lapala,Sandy_Loam,1165,174683,14582,93836,Low,283101,108,5764
Maha,Badulla,1.75,Granola,Loamy,1346,242999,22764,167360,High,433123,109,8117
Yala,Badulla,0.76,Lapala,Clay_Loam,952,171782,12005,115143,Low,298930,136,5453
Yala,Nuwara_Eliya,2.09,Lapala,Clay_Loam,1460,209265,23575,103515,Low,336355,126,5911
Yala,Nuwara_Eliya,0.6,Granola,Sandy_Loam,1512,217129,19005,91089,High,327223,137,7284
Maha,Badulla,1.24,Granola,Sandy_Loam,990,147218,12659,149427,Medium,309304,128,6320
Yala,Badulla,1.24,Lapala,Sandy_Loam,1307,207939,17834,100924,Medium,326697,120,6710
Yala,Badulla,1.83,Granola,Clay_Loam,1071,202417,18008,142418,High,362843,127,7064
Yala,Nuwara_Eliya,0.82,Granola,Clay_Loam,1385,209454,20743,128886,Medium,359083,111,6678
Yala,Nuwara_Eliya,2.82,Lapala,Loamy,957,176053,13462,138961,Low,328476,121,5965
Yala,Nuwara_Eliya,0.94,Granola,Clay_Loam,1427,266662,17616,104833,Medium,389111,96,6897
Maha,Nuwara_Eliya,1.03,Granola,Clay_Loam,1261,213761,20260,116779,Medium,350800,118,6826
Yala,Badulla,2.69,Granola,Loamy,1540,258569,28480,156754,Medium,443803,134,6664
Maha,Nuwara_Eliya,2.7,Lapala,Loamy,1351,230681,23646,123773,Medium,378100,116,6557
Maha,Nuwara_Eliya,2.6,Lapala,Loamy,1316,233560,23779,151054,High,408393,127,7177
Maha,Badulla,0.81,Granola,Sandy_Loam,1064,156292,18411,90169,Low,264872,98,5839
Yala,Nuwara_Eliya,2.49,Granola,Sandy_Loam,1334,218840,22862,95836,Medium,337538,118,6925
Yala,Nuwara_Eliya,2.01,Lapala,Clay_Loam,1355,223456,17095,95269,Medium,335820,106,6393
Yala,Badulla,2.56,Granola,Loamy,1089,159123,19475,111227,Medium,289825,108,6202
Yala,Badulla,2.42,Lapala,Loamy,1291,212767,17332,151732,Medium,381831,139,6992
Yala,Nuwara_Eliya,1.97,Granola,Loamy,983,154061,12002,92177,Medium,258240,131,6653
Yala,Badulla,1.25,Other,Loamy,1406,256027,18965,162237,Medium,437229,112,6058
Maha,Nuwara_Eliya,0.62,Other,Clay_Loam,1161,207831,13997,95155,Low,316983,101,4900
Yala,Badulla,2.81,Granola,Loamy,1377,259897,20613,128599,Medium,409109,132,6643
Yala,Badulla,2.63,Granola,Sandy_Loam,1061,178353,15668,118367,Low,312388,128,5956
Maha,Nuwara_Eliya,2.16,Other,Sandy_Loam,887,156591,17607,113087,Low,287285,122,5274
Yala,Badulla,1.27,Other,Clay_Loam,1094,163170,13320,154800,Low,331290,110,4830
Yala,Badulla,2.95,Granola,Loamy,1487,248986,25135,110353,Medium,384474,132,6987
Yala,Nuwara_Eliya,2.16,Granola,Loamy,1241,227226,19460,157435,High,404121,104,7754
Yala,Badulla,1.65,Granola,Sandy_Loam,1070,158611,15666,158107,Medium,332384,115,6197
Yala,Badulla,2.7,Other,Loamy,1040,169064,20675,159481,Low,349220,91,5295
Maha,Nuwara_Eliya,1.21,Granola,Sandy_Loam,1039,166103,13244,129696,Medium,309043,99,6160
Yala,Nuwara_Eliya,2.39,Granola,Loamy,774,133231,10500,170726,High,314457,116,7027
Yala,Nuwara_Eliya,1.29,Other,Clay_Loam,1133,169056,21699,148886,Low,339641,97,5411
Maha,Nuwara_Eliya,0.79,Lapala,Loamy,1119,211961,17772,101019,Medium,330752,126,6164
Yala,Nuwara_Eliya,2.95,Lapala,Loamy,1079,152644,20051,108877,High,281572,108,7434
Yala,Badulla,1.24,Other,Loamy,1255,223363,24980,171116,Low,419459,122,5750
Maha,Nuwara_Eliya,2.57,Granola,Loamy,1368,198403,19041,102777,High,320221,107,7033
Maha,Badulla,2.13,Lapala,Loamy,1309,238332,20643,178119,Low,437094,121,5780
Maha,Nuwara_Eliya,1.29,Granola,Sandy_Loam,1293,245136,16267,96937,High,358340,107,7547
Yala,Badulla,2.41,Granola,Sandy_Loam,998,184810,13834,162665,High,361309,92,7613
Maha,Badulla,2.69,Granola,Loamy,887,134235,13351,101596,High,249182,110,7787
Maha,Nuwara_Eliya,0.55,Granola,Loamy,914,172117,11899,153691,High,337707,138,7838
Maha,Badulla,2.6,Other,Sandy_Loam,1608,267947,27465,130485,Low,425897,100,5139
Yala,Nuwara_Eliya,1.16,Granola,Sandy_Loam,1388,214017,25811,96681,High,336509,101,7269
Yala,Nuwara_Eliya,0.66,Other,Clay_Loam,960,181873,16329,137818,Low,336020,131,5155
Yala,Badulla,1.17,Lapala,Sandy_Loam,945,163429,13247,109820,Medium,286496,114,6641
Yala,Badulla,0.58,Other,Loamy,1096,203345,17224,102377,Low,322946,107,5477
Yala,Badulla,1.61,Lapala,Sandy_Loam,1248,216929,16290,111076,High,344295,129,7075
Yala,Nuwara_Eliya,1.18,Granola,Clay_Loam,1075,198417,12925,93578,High,304920,120,7249
Maha,Nuwara_Eliya,1.67,Granola,Loamy,890,152302,14024,130272,High,296598,113,7334
Yala,Nuwara_Eliya,2.64,Granola,Clay_Loam,1103,179946,17105,109665,Low,306716,109,5577
Yala,Badulla,2.54,Granola,Clay_Loam,1355,225715,25797,141730,Medium,393242,91,6799
Maha,Badulla,0.83,Granola,Loamy,839,155534,14860,144711,High,315105,105,7833
Yala,Nuwara_Eliya,2.3,Other,Loamy,883,155300,16456,93650,Low,265406,133,5645
Yala,Nuwara_Eliya,2.5,Lapala,Loamy,1426,263832,21723,118897,Medium,404452,127,6339
Yala,Badulla,2.12,Other,Sandy_Loam,1639,270611,21488,100416,Low,392515,97,5229
Maha,Badulla,2.76,Granola,Sandy_Loam,860,141298,14291,93936,Medium,249525,96,6919
Yala,Badulla,2.54,Granola,Loamy,1070,195373,16297,96985,High,308655,117,7914
Yala,Nuwara_Eliya,2.5,Lapala,Clay_Loam,1173,182921,19539,123405,Medium,325865,120,6253
Yala,Nuwara_Eliya,1.44,Granola,Loamy,1362,200390,26042,121128,Medium,347560,97,6123
Yala,Nuwara_Eliya,2.09,Granola,Loamy,863,150037,14538,122813,High,287388,100,8185
Yala,Badulla,2.22,Granola,Loamy,1038,146749,16653,176761,Medium,340163,109,6152
Maha,Nuwara_Eliya,1.54,Granola,Loamy,1191,174484,22252,123335,High,320071,108,7084
Yala,Nuwara_Eliya,2.57,Other,Loamy,964,181286,14571,124696,Medium,320553,107,6165
Yala,Badulla,1.88,Granola,Sandy_Loam,1156,179314,16270,107516,Medium,303100,92,6478
Yala,Badulla,2.92,Granola,Loamy,1445,244238,18949,129963,High,393150,121,7116
Maha,Badulla,2.98,Other,Sandy_Loam,1592,238904,24136,93551,Low,356591,113,5874
Maha,Badulla,2.91,Other,Sandy_Loam,1425,237503,27017,101758,Low,366278,129,5147
Yala,Nuwara_Eliya,1.19,Other,Clay_Loam,1175,222133,18644,167719,Low,408496,119,5303
Maha,Badulla,1.91,Granola,Sandy_Loam,965,179428,14376,155314,Medium,349118,134,6710
Yala,Badulla,2.01,Granola,Clay_Loam,1232,176143,14815,147617,Low,338575,104,5956
Maha,Badulla,0.58,Other,Loamy,1198,211688,21684,173633,Medium,407005,91,6769
Maha,Nuwara_Eliya,2.08,Lapala,Clay_Loam,1442,239990,26456,179149,Medium,445595,100,6764
Maha,Badulla,1.35,Lapala,Loamy,1026,143930,20003,163973,High,327906,130,7260
Maha,Nuwara_Eliya,0.76,Granola,Sandy_Loam,1392,196585,20113,139421,Medium,356119,121,6957
Maha,Badulla,2.89,Granola,Loamy,974,140103,15588,161506,Medium,317197,125,6176
Maha,Nuwara_Eliya,1.51,Granola,Loamy,1374,256197,20940,171549,High,448686,106,7089
Yala,Badulla,2.1,Other,Sandy_Loam,1074,169574,18454,101062,Low,289090,134,5805
Maha,Nuwara_Eliya,2.55,Granola,Sandy_Loam,695,105454,10025,116097,Medium,231576,118,6024
Maha,Badulla,2.3,Granola,Loamy,1560,287195,29000,154954,Medium,471149,103,6931
Yala,Badulla,0.97,Lapala,Sandy_Loam,1376,232768,21652,120633,Low,375053,137,5423
Yala,Badulla,2.57,Granola,Sandy_Loam,1241,227509,20568,171647,Medium,419724,137,6641
Yala,Badulla,0.72,Lapala,Loamy,1513,265066,18208,105025,Medium,388299,125,6834
Yala,Nuwara_Eliya,2.4,Other,Sandy_Loam,934,144679,11995,160364,Low,317038,122,5013
Yala,Nuwara_Eliya,2.89,Granola,Loamy,911,144334,13627,94711,Medium,252672,128,6961
Yala,Nuwara_Eliya,2.63,Granola,Sandy_Loam,1158,189465,22049,109416,High,320930,123,7019
Maha,Badulla,0.84,Lapala,Sandy_Loam,1415,226055,25053,107929,Low,359037,134,5804
Maha,Badulla,0.65,Granola,Sandy_Loam,926,142029,17301,91322,Medium,250652,108,6468
Yala,Nuwara_Eliya,2.87,Granola,Sandy_Loam,1331,204087,23690,168988,Medium,396765,92,6591
Yala,Nuwara_Eliya,1.64,Granola,Loamy,1144,167682,21572,141781,Medium,331035,93,6888
Yala,Nuwara_Eliya,0.95,Granola,Loamy,1448,218884,24811,141358,High,385053,118,7489
Yala,Badulla,2.7,Lapala,Sandy_Loam,1035,187840,17438,116202,Low,321480,100,5553
Maha,Badulla,1.07,Granola,Loamy,1164,166326,22886,174845,High,364057,129,8192
Maha,Badulla,2.91,Granola,Loamy,1532,231744,20784,102672,High,355200,121,7742
Yala,Badulla,0.87,Lapala,Sandy_Loam,1516,231940,22378,172573,Medium,426891,104,6144
Yala,Nuwara_Eliya,0.66,Granola,Loamy,996,170859,15519,102084,High,288462,137,7203
Yala,Nuwara_Eliya,2.2,Granola,Loamy,1163,194603,17982,93950,High,306535,98,7023
Yala,Badulla,0.62,Lapala,Clay_Loam,1474,264814,27755,111777,Low,404346,138,5354
Maha,Nuwara_Eliya,2.99,Lapala,Clay_Loam,880,142427,14738,96577,Medium,253742,121,6740
Yala,Nuwara_Eliya,2.48,Other,Clay_Loam,1292,242904,20893,177957,Low,441754,127,4950
Yala,Badulla,1.08,Granola,Sandy_Loam,1261,229212,23045,123928,High,376185,117,7421
Yala,Nuwara_Eliya,2.52,Granola,Sandy_Loam,1410,254383,19783,112122,High,386288,110,7605
Yala,Nuwara_Eliya,2.75,Granola,Clay_Loam,1198,198431,18991,147189,Low,364611,94,5554
Maha,Badulla,1.61,Granola,Sandy_Loam,1323,250870,19964,141645,High,412479,110,7508
Yala,Nuwara_Eliya,2.69,Other,Loamy,1297,196410,25486,103336,Low,325232,123,5587
Yala,Badulla,2.3,Granola,Loamy,1331,208057,24912,102943,High,335912,111,8004
Maha,Nuwara_Eliya,1.5,Lapala,Clay_Loam,1222,183572,17159,116612,Low,317343,119,5064
Yala,Badulla,0.67,Other,Sandy_Loam,1396,224016,25807,165224,Medium,415047,106,6136
Maha,Nuwara_Eliya,0.88,Other,Sandy_Loam,1085,153938,14129,158899,Low,326966,90,5654
Yala,Badulla,2.93,Granola,Loamy,866,134400,11988,90132,High,236520,126,8139
Maha,Badulla,2.1,Granola,Sandy_Loam,1370,247834,19210,114429,Medium,381473,96,6467
Yala,Badulla,1.05,Lapala,Sandy_Loam,1247,183907,18761,127302,Low,329970,127,5308
Maha,Badulla,1.79,Granola,Sandy_Loam,751,140782,12810,101694,High,255286,118,7372
Yala,Badulla,1.42,Other,Clay_Loam,1141,199515,20212,131554,Low,351281,136,5831
Yala,Nuwara_Eliya,1.36,Granola,Loamy,1126,195087,14929,100698,High,310714,128,7506
Yala,Badulla,1.87,Granola,Loamy,1108,183189,16728,171591,High,371508,90,7744
Maha,Nuwara_Eliya,2.49,Lapala,Clay_Loam,1226,202356,21638,138086,Low,362080,117,5765
Yala,Badulla,1.71,Granola,Clay_Loam,1020,179234,20012,110405,High,309651,133,7058
Yala,Nuwara_Eliya,1.23,Other,Sandy_Loam,1070,183230,17734,164954,Low,365918,135,4951
Yala,Badulla,1.87,Granola,Loamy,1354,213455,22977,120064,Medium,356496,126,6935
Maha,Badulla,1.21,Granola,Sandy_Loam,1113,176628,21765,147756,High,346149,123,7069
Maha,Nuwara_Eliya,2.38,Granola,Loamy,1167,179503,18037,178233,High,375773,93,7180
Yala,Nuwara_Eliya,2.93,Granola,Loamy,1378,222046,20356,125785,Medium,368187,103,6508
Yala,Badulla,1.17,Granola,Sandy_Loam,1407,265116,23678,96928,High,385722,93,7720
Maha,Badulla,0.73,Granola,Sandy_Loam,940,132310,18536,112580,High,263426,123,7221
Yala,Badulla,1.18,Granola,Clay_Loam,1365,255714,17536,103934,Medium,377184,137,6918
Yala,Badulla,2.43,Lapala,Loamy,1228,195596,23933,138779,Low,358308,136,5964
Yala,Badulla,2.04,Lapala,Loamy,1099,190401,17566,156854,High,364821,106,7271
Yala,Badulla,2.52,Other,Clay_Loam,636,120721,8798,139218,Low,268737,123,5842
Yala,Nuwara_Eliya,2.13,Lapala,Loamy,1316,244218,16102,122037,Low,382357,90,5684
Maha,Nuwara_Eliya,1.39,Granola,Loamy,1519,240928,22275,169646,High,432849,109,7126
Yala,Nuwara_Eliya,1,Lapala,Sandy_Loam,1526,269943,24677,96161,Medium,390781,108,6982
Maha,Badulla,1.33,Other,Clay_Loam,1115,204810,19070,165027,Low,388907,114,5567
Maha,Badulla,2.46,Granola,Sandy_Loam,1472,263863,24716,108098,Medium,396677,119,6611
Maha,Nuwara_Eliya,0.57,Granola,Loamy,1347,196115,21728,160787,High,378630,137,7668
Maha,Badulla,2.57,Granola,Clay_Loam,1168,163985,22655,129897,Low,316537,117,5984
Yala,Badulla,0.69,Other,Clay_Loam,1323,237237,22567,123616,Low,383420,103,5066
Yala,Badulla,2.76,Granola,Clay_Loam,1086,170984,17563,161503,Medium,350050,134,6159
Maha,Nuwara_Eliya,1.6,Lapala,Loamy,1002,175046,13864,100579,Low,289489,98,5537
Maha,Badulla,2.33,Granola,Loamy,1306,188296,15871,104917,Medium,309084,134,6586
Maha,Badulla,0.76,Granola,Sandy_Loam,916,130884,13857,111078,High,255819,100,7738
Maha,Badulla,1.54,Lapala,Clay_Loam,1319,229438,20173,157823,Low,407434,100,5585
Yala,Nuwara_Eliya,1.94,Granola,Clay_Loam,1191,222307,18475,178239,Low,419021,115,5712
Maha,Badulla,2.2,Lapala,Clay_Loam,1586,283615,26788,167157,Low,477560,123,5727
Yala,Badulla,1.05,Lapala,Clay_Loam,1383,245664,21741,168675,Low,436080,100,5231
Yala,Badulla,1.63,Granola,Clay_Loam,1414,260356,22242,96812,High,379410,109,7048
Maha,Nuwara_Eliya,1.01,Granola,Clay_Loam,1369,257924,17157,148348,Medium,423429,93,6218
Yala,Nuwara_Eliya,1.58,Other,Sandy_Loam,750,117043,10320,121546,Low,248909,108,5049
Yala,Badulla,1.42,Granola,Loamy,1163,211164,21792,123591,Medium,356547,121,6273
Yala,Nuwara_Eliya,2.42,Granola,Sandy_Loam,1330,236191,24503,136620,High,397314,97,7149
Yala,Badulla,1.47,Lapala,Loamy,980,149853,16506,128984,High,295343,128,7198
Yala,Nuwara_Eliya,2.4,Granola,Loamy,1129,198296,17036,142965,High,358297,99,7353
Maha,Nuwara_Eliya,2.67,Lapala,Sandy_Loam,1615,236892,25114,130569,Medium,392575,137,6071
Yala,Badulla,2.09,Lapala,Loamy,1484,246991,27613,131680,Medium,406284,103,6812
Maha,Badulla,2.44,Lapala,Loamy,1347,198723,18504,131759,Medium,348986,103,6344
Maha,Badulla,1.89,Granola,Sandy_Loam,1363,212834,26146,169930,High,408910,106,7617
Yala,Nuwara_Eliya,0.74,Lapala,Clay_Loam,1689,262135,24566,176504,Medium,463205,134,6506
Maha,Nuwara_Eliya,1.28,Lapala,Loamy,964,135653,17462,146136,Low,299251,128,5609
Maha,Nuwara_Eliya,1.91,Lapala,Clay_Loam,1526,289228,27550,129806,Low,446584,125,5694
Yala,Nuwara_Eliya,1.99,Other,Clay_Loam,1550,243497,25143,109047,Medium,377687,139,6305
Yala,Nuwara_Eliya,2.51,Lapala,Sandy_Loam,1186,206054,20660,123581,Low,350295,137,5581
Yala,Badulla,2.23,Lapala,Sandy_Loam,1069,164374,14163,147234,Low,325771,119,5603
Yala,Nuwara_Eliya,1.64,Lapala,Clay_Loam,1304,228176,24391,162252,Low,414819,138,5953
Maha,Nuwara_Eliya,2.7,Granola,Clay_Loam,1466,252340,18513,156650,Medium,427503,94,6642
Yala,Nuwara_Eliya,0.67,Granola,Clay_Loam,922,160920,15465,135141,Medium,311526,138,6815
Maha,Badulla,2.5,Other,Loamy,1327,199086,18219,152209,Medium,369514,120,6307
Yala,Nuwara_Eliya,0.82,Granola,Loamy,1527,281876,22062,139668,Medium,443606,129,6960
Maha,Nuwara_Eliya,1.69,Granola,Clay_Loam,998,143453,15476,137689,Low,296618,139,5812
Yala,Nuwara_Eliya,0.89,Granola,Sandy_Loam,1110,175030,16006,177783,High,368819,98,7612
Maha,Nuwara_Eliya,0.69,Other,Loamy,1418,205509,26423,153600,Low,385532,120,5461
Maha,Nuwara_Eliya,1.26,Granola,Loamy,1223,198232,24305,125613,Medium,348150,125,6672
Maha,Badulla,0.98,Granola,Sandy_Loam,1179,223525,20412,107932,Medium,351869,92,6037
Yala,Badulla,2.41,Other,Loamy,691,119406,11385,151833,Low,282624,122,5390
Maha,Nuwara_Eliya,1.32,Granola,Sandy_Loam,1597,233641,21673,175630,Medium,430944,98,6938
Yala,Nuwara_Eliya,1.72,Lapala,Loamy,780,135005,10241,141378,Medium,286624,99,6077
Yala,Badulla,0.96,Lapala,Loamy,1372,255680,27109,141413,Medium,424202,97,6264
Maha,Nuwara_Eliya,1.42,Granola,Sandy_Loam,1280,190407,22249,109845,High,322501,100,7563
Yala,Badulla,2.06,Lapala,Loamy,1293,205362,17916,113883,Low,337161,117,5923
Maha,Nuwara_Eliya,2.8,Granola,Loamy,1068,198030,16815,131966,Medium,346811,128,6399
Maha,Nuwara_Eliya,1.57,Granola,Clay_Loam,1053,187931,15987,164479,Low,368397,98,5550
Yala,Nuwara_Eliya,1.35,Granola,Sandy_Loam,1204,198736,14931,93142,Medium,306809,117,6673
Yala,Nuwara_Eliya,0.56,Granola,Loamy,1377,196195,24506,100043,Medium,320744,120,6671
Yala,Badulla,2.03,Granola,Loamy,1582,238152,26026,167084,High,431262,131,8055
Maha,Nuwara_Eliya,0.55,Lapala,Sandy_Loam,1372,245261,19037,121057,High,385355,91,7058
Maha,Badulla,1.16,Lapala,Sandy_Loam,1373,257242,26195,156516,Low,439953,103,5793
Maha,Badulla,0.53,Lapala,Sandy_Loam,1108,189617,22072,118069,Low,329758,106,5416
Maha,Nuwara_Eliya,1.15,Granola,Clay_Loam,1328,190024,16917,104651,Low,311592,119,5782
Yala,Badulla,2.78,Granola,Loamy,1161,166028,22335,148276,Medium,336639,103,6448
Yala,Badulla,2.39,Granola,Loamy,1327,213062,20195,169612,High,402869,134,8016
Yala,Nuwara_Eliya,0.98,Granola,Loamy,976,157621,18200,100790,High,276611,126,7207
Yala,Badulla,2.87,Granola,Sandy_Loam,1430,228093,21222,94072,Low,343387,100,5810
Maha,Nuwara_Eliya,0.76,Other,Sandy_Loam,1564,273675,23908,140452,Low,438035,137,5073
Maha,Badulla,2.45,Granola,Loamy,1053,178224,14542,170612,High,363378,129,7567
Maha,Nuwara_Eliya,2.66,Granola,Clay_Loam,1150,206395,20683,140513,Medium,367591,102,6311
Yala,Badulla,2.92,Granola,Loamy,1117,169031,18890,112757,Medium,300678,118,6838
Yala,Badulla,2.55,Granola,Loamy,1577,249367,29088,119536,Medium,397991,100,6250
Yala,Nuwara_Eliya,1.71,Lapala,Loamy,1440,260900,21710,131321,High,413931,105,7354
Yala,Nuwara_Eliya,0.69,Granola,Sandy_Loam,1107,206848,16045,112479,High,335372,122,7043
Yala,Badulla,2.82,Lapala,Loamy,1215,217094,15008,152400,Low,384502,122,5985
Maha,Nuwara_Eliya,2.85,Granola,Loamy,877,141994,16833,176603,High,335430,112,7675
Maha,Nuwara_Eliya,2.15,Granola,Loamy,1124,203854,13864,127726,High,345444,98,7952
Maha,Nuwara_Eliya,1.29,Other,Loamy,1130,175887,21121,94519,Low,291527,113,5870
Yala,Badulla,1.21,Granola,Loamy,966,178400,16677,90725,Medium,285802,137,6576
Yala,Nuwara_Eliya,2.42,Granola,Loamy,776,118320,12710,114694,Medium,245724,135,6529
Maha,Badulla,1.18,Granola,Clay_Loam,1181,208350,17439,150398,High,376187,130,7325
Yala,Nuwara_Eliya,2.46,Granola,Clay_Loam,1283,181273,21590,149355,Low,352218,124,5724
Yala,Badulla,0.95,Lapala,Loamy,1290,207508,17133,105384,High,330025,110,7012
Maha,Badulla,2.23,Granola,Clay_Loam,826,117803,10966,120206,Low,248975,93,5946
Yala,Badulla,2.87,Granola,Loamy,1005,142505,19512,109232,Medium,271249,111,6089
Maha,Badulla,2.33,Other,Sandy_Loam,1007,156775,14080,152794,Low,323649,108,5915
Maha,Nuwara_Eliya,1.19,Lapala,Loamy,1151,192784,14277,128350,High,335411,131,7106
Yala,Badulla,1.07,Lapala,Clay_Loam,1356,196305,21154,120370,Low,337829,133,5154
Maha,Badulla,0.63,Granola,Loamy,992,165165,13184,141479,High,319828,130,7697
Yala,Badulla,0.87,Granola,Loamy,873,140049,15223,95101,Medium,250373,91,6908
Maha,Badulla,1.12,Other,Loamy,947,138361,12205,148329,Medium,298895,133,6620
Yala,Badulla,1.86,Granola,Loamy,981,169535,15971,97382,High,282888,91,8189
Yala,Nuwara_Eliya,1.61,Granola,Loamy,1107,197138,17774,147411,High,362323,139,7714
Maha,Nuwara_Eliya,1.62,Lapala,Sandy_Loam,993,163880,17038,92117,Low,273035,111,5788
Maha,Badulla,0.75,Lapala,Sandy_Loam,1160,190949,15729,148688,Medium,355366,129,6742
Maha,Nuwara_Eliya,1.78,Granola,Loamy,867,125423,17089,102157,High,244669,97,7974
Maha,Badulla,2.21,Granola,Loamy,1383,209266,24256,110999,High,344521,121,7669
Maha,Badulla,0.65,Granola,Sandy_Loam,1046,190866,12928,156073,Medium,359867,107,6756
Maha,Nuwara_Eliya,1.33,Granola,Loamy,1162,164298,19813,128375,Medium,312486,117,6443
Maha,Nuwara_Eliya,2.16,Other,Loamy,1135,209429,18858,140752,Low,369039,115,5303
Yala,Nuwara_Eliya,0.82,Lapala,Clay_Loam,1226,232416,21840,160629,Medium,414885,139,6076
Yala,Badulla,2.2,Other,Loamy,1173,164285,16628,109610,Medium,290523,123,6334
Yala,Nuwara_Eliya,2.76,Lapala,Loamy,1240,230903,19449,134907,High,385259,105,7279
Maha,Nuwara_Eliya,0.8,Granola,Sandy_Loam,1151,181662,16155,91160,High,288977,117,7516
Maha,Nuwara_Eliya,1.91,Granola,Loamy,769,131004,11619,111626,Medium,254249,94,6743
Maha,Badulla,2.97,Granola,Sandy_Loam,1375,252561,27451,142444,Medium,422456,130,6446
Yala,Badulla,1.72,Other,Sandy_Loam,1002,177279,17367,100760,Low,295406,118,5376
Yala,Badulla,1.75,Lapala,Sandy_Loam,1483,221459,18100,115608,Medium,355167,112,6417
Maha,Badulla,1.07,Granola,Sandy_Loam,1003,154353,18226,148671,High,321250,131,7769
Maha,Nuwara_Eliya,1.24,Other,Sandy_Loam,988,151746,15011,143873,Low,310630,122,5197
Maha,Nuwara_Eliya,1.86,Granola,Clay_Loam,1060,198303,17211,155914,High,371428,136,7380
Yala,Nuwara_Eliya,1.26,Other,Sandy_Loam,1432,267114,24929,117651,Low,409694,108,5887
Yala,Badulla,1.29,Granola,Loamy,1171,168432,15607,95499,Medium,279538,114,6296
Yala,Badulla,2.68,Granola,Clay_Loam,1468,205533,24826,145478,Medium,375837,112,6260
Yala,Nuwara_Eliya,2.33,Granola,Loamy,1086,180561,13998,168135,Medium,362694,104,6417
Yala,Nuwara_Eliya,0.6,Lapala,Sandy_Loam,1046,157680,12903,122728,Low,293311,94,5486
Maha,Nuwara_Eliya,1.85,Granola,Sandy_Loam,1159,179432,15238,103630,Medium,298300,111,6995
Yala,Badulla,2.85,Lapala,Sandy_Loam,1360,246733,17192,132915,Medium,396840,121,6811
Maha,Nuwara_Eliya,1.19,Other,Loamy,1311,186180,19984,136465,Medium,342629,119,6886
Yala,Nuwara_Eliya,1.7,Lapala,Clay_Loam,1037,146324,20594,97751,Low,264669,130,5501
Yala,Badulla,2.03,Granola,Loamy,1155,188226,20809,171498,Medium,380533,131,6490
Maha,Nuwara_Eliya,1,Granola,Sandy_Loam,1147,164486,15765,174184,Medium,354435,113,6688
Yala,Badulla,1.12,Other,Loamy,1153,188996,14029,163764,Medium,366789,131,6615
Yala,Nuwara_Eliya,2.59,Granola,Loamy,1191,203978,14409,102866,Medium,321253,127,6591
Maha,Nuwara_Eliya,1.46,Other,Clay_Loam,1131,169319,17864,90660,Low,277843,91,5598
Yala,Badulla,2.7,Granola,Clay_Loam,1315,187301,16811,93965,Medium,298077,99,6539
Yala,Nuwara_Eliya,0.61,Other,Clay_Loam,1109,164680,14434,101095,Low,280209,115,5089
Yala,Badulla,2.97,Lapala,Clay_Loam,1156,170079,17406,139925,Low,327410,93,5013
Yala,Nuwara_Eliya,2.1,Granola,Loamy,1127,176678,15120,98858,High,290656,137,7352
Yala,Badulla,0.92,Granola,Sandy_Loam,1187,178511,19824,100112,High,298447,106,7374
Yala,Nuwara_Eliya,2.07,Lapala,Clay_Loam,1438,270460,25656,134088,Medium,430204,121,6313
Maha,Nuwara_Eliya,2.53,Granola,Sandy_Loam,976,154799,15786,96117,High,266702,99,7732
Maha,Nuwara_Eliya,2.13,Granola,Sandy_Loam,1427,204002,24348,159202,Low,387552,139,5802
Yala,Nuwara_Eliya,2.77,Other,Loamy,1594,251488,27661,133542,Low,412691,110,5830
Maha,Nuwara_Eliya,1.94,Granola,Loamy,1619,243668,29041,92267,High,364976,107,7740
Yala,Badulla,1.15,Lapala,Sandy_Loam,1518,272954,27142,144909,Low,445005,114,5517
Yala,Nuwara_Eliya,1.55,Granola,Sandy_Loam,831,146862,10131,142634,Medium,299627,137,6135
Maha,Badulla,0.73,Lapala,Sandy_Loam,1193,191319,19292,170691,Low,381302,99,5311
Yala,Nuwara_Eliya,1.94,Other,Sandy_Loam,1140,202342,22006,141491,Low,365839,99,5397
Yala,Nuwara_Eliya,1.12,Granola,Sandy_Loam,1462,247662,22532,145387,Low,415581,94,5959
Maha,Nuwara_Eliya,1.8,Granola,Loamy,1447,203582,24881,150198,High,378661,129,8066
Maha,Badulla,2.72,Granola,Sandy_Loam,1120,193929,19524,173856,High,387309,139,7249
Yala,Nuwara_Eliya,2.1,Granola,Loamy,1121,176925,21628,93626,High,292179,115,7526
Yala,Badulla,2.05,Lapala,Loamy,927,147668,13897,169765,Low,331330,97,5830
Yala,Nuwara_Eliya,0.64,Granola,Clay_Loam,1585,279444,23673,103250,Medium,406367,100,6098
Yala,Badulla,1.5,Granola,Sandy_Loam,990,184214,18311,164269,Medium,366794,129,6440
Maha,Badulla,0.86,Lapala,Sandy_Loam,1146,206989,14507,143997,Medium,365493,114,6285
Yala,Badulla,2.68,Lapala,Loamy,1292,239783,16511,166799,Low,423093,106,5638
Maha,Nuwara_Eliya,1.11,Granola,Loamy,1033,179879,14343,174921,Medium,369143,133,6688
Maha,Badulla,0.83,Lapala,Sandy_Loam,1178,204837,16513,168573,Low,389923,98,5369
Maha,Badulla,1.69,Lapala,Loamy,1267,212153,17121,154834,Medium,384108,115,6713
Maha,Nuwara_Eliya,2.57,Lapala,Sandy_Loam,1133,164590,21199,150391,Low,336180,124,5945
Yala,Nuwara_Eliya,2.31,Granola,Loamy,1214,208284,17195,112391,Medium,337870,137,6707
Yala,Nuwara_Eliya,2.99,Other,Loamy,1237,176653,17373,137480,Low,331506,98,5482
Yala,Badulla,1.76,Granola,Loamy,1242,210852,19028,127997,Medium,357877,129,6488
Maha,Nuwara_Eliya,2.18,Granola,Loamy,1087,154683,21138,149471,Medium,325292,127,6736
Yala,Badulla,1.15,Granola,Loamy,1040,190427,13356,139844,Medium,343627,115,6671
Maha,Badulla,2.38,Lapala,Clay_Loam,1729,304544,23954,153500,Low,481998,105,5434
Maha,Badulla,2.36,Lapala,Loamy,1256,182624,17409,157523,Medium,357556,103,6753
Maha,Nuwara_Eliya,1.35,Granola,Sandy_Loam,1233,203993,23293,167943,High,395229,90,7367
Maha,Nuwara_Eliya,2.97,Granola,Clay_Loam,1037,173095,20674,167177,Medium,360946,94,6859
Yala,Badulla,1.31,Other,Loamy,1364,192206,26233,96178,Medium,314617,139,6914
Yala,Nuwara_Eliya,1.84,Granola,Loamy,1020,192652,18832,156366,High,367850,116,7868
Maha,Badulla,2.98,Granola,Sandy_Loam,799,145590,15441,154613,Medium,315644,104,6445
Maha,Badulla,2.4,Granola,Clay_Loam,1541,226450,23917,133456,Low,383823,100,5714
Yala,Nuwara_Eliya,1.76,Granola,Clay_Loam,1166,220420,19644,135333,High,375397,133,7336
Maha,Nuwara_Eliya,0.92,Granola,Sandy_Loam,1330,229128,17617,139234,Medium,385979,94,6549
Yala,Badulla,0.6,Granola,Clay_Loam,1362,255622,20182,93879,Medium,369683,98,6251
Yala,Badulla,0.85,Lapala,Loamy,1191,212905,17556,146490,Low,376951,99,5818
Yala,Badulla,2.79,Other,Sandy_Loam,1236,222990,15514,120131,Medium,358635,105,6036
Maha,Badulla,2.56,Lapala,Sandy_Loam,1113,209674,19212,140795,Medium,369681,136,6360
Maha,Nuwara_Eliya,1.01,Granola,Clay_Loam,896,133511,11539,169531,Medium,314581,107,6816
Maha,Badulla,2.63,Lapala,Loamy,914,152819,12661,166403,Medium,331883,109,6013
Yala,Nuwara_Eliya,2.82,Granola,Clay_Loam,1244,186960,22308,139200,Medium,348468,134,6564
Yala,Badulla,0.99,Granola,Clay_Loam,980,174431,14416,175685,Medium,364532,126,6648
Maha,Nuwara_Eliya,0.62,Granola,Loamy,904,136819,16227,172728,Medium,325774,111,6801
Yala,Badulla,1.61,Granola,Loamy,1228,218717,22711,120766,High,362194,111,7886
Maha,Nuwara_Eliya,2.48,Other,Sandy_Loam,1369,242424,25245,166053,Low,433722,109,5019
Maha,Nuwara_Eliya,2.18,Granola,Sandy_Loam,1465,218755,26362,139112,Medium,384229,100,6375
Maha,Badulla,1.71,Granola,Clay_Loam,918,161344,18045,128439,High,307828,113,7231
Yala,Badulla,2.27,Granola,Loamy,1147,160634,14124,177955,High,352713,102,7489
Yala,Nuwara_Eliya,0.88,Lapala,Sandy_Loam,1132,199868,20554,177786,Low,398208,118,5905
Yala,Nuwara_Eliya,0.67,Other,Loamy,1401,237981,21223,132609,Low,391813,132,5797
Maha,Badulla,0.72,Lapala,Clay_Loam,1090,162509,16832,104894,Low,284235,125,5952
Maha,Badulla,1.22,Granola,Sandy_Loam,1301,242545,23300,117564,High,383409,103,7200
Yala,Badulla,1.15,Granola,Sandy_Loam,1367,199671,19715,137922,High,357308,118,7005
Yala,Nuwara_Eliya,1.45,Lapala,Clay_Loam,1271,226378,21268,107282,Medium,354928,123,6108
Yala,Badulla,1.52,Granola,Loamy,1238,218383,22909,113173,Medium,354465,128,6894
Yala,Nuwara_Eliya,2.64,Lapala,Clay_Loam,1150,177553,20467,165277,Low,363297,133,5564
Maha,Badulla,0.6,Granola,Sandy_Loam,1372,196409,20026,150548,Medium,366983,106,6146
Yala,Nuwara_Eliya,1.64,Granola,Sandy_Loam,1143,208349,14760,112981,Medium,336090,131,6551
Maha,Nuwara_Eliya,1.67,Lapala,Loamy,1524,245741,22956,154716,High,423413,117,7376
Maha,Nuwara_Eliya,0.75,Granola,Sandy_Loam,1122,193757,16607,145549,Medium,355913,134,6251
Yala,Badulla,2.92,Other,Clay_Loam,1381,234824,24315,115668,Low,374807,121,5436
Maha,Nuwara_Eliya,2.39,Granola,Loamy,1374,234291,22494,112476,High,369261,107,7894
Maha,Nuwara_Eliya,1.79,Granola,Loamy,1193,224503,17913,144289,High,386705,93,7532
Maha,Nuwara_Eliya,1.94,Granola,Sandy_Loam,1099,202207,18891,170932,Medium,392030,121,6047
Maha,Badulla,1,Other,Sandy_Loam,1485,258122,21395,106564,Low,386081,127,5755
Maha,Nuwara_Eliya,2.04,Granola,Loamy,965,182609,13194,101731,High,297534,100,7716
Yala,Nuwara_Eliya,1.91,Granola,Loamy,1179,191341,21850,169671,High,382862,94,7222
Yala,Nuwara_Eliya,2.05,Granola,Clay_Loam,1153,189559,21335,98930,Medium,309824,111,6709
Yala,Nuwara_Eliya,2.81,Other,Loamy,934,141761,13526,125921,Low,281208,102,5548
Yala,Badulla,2.11,Lapala,Clay_Loam,1442,233209,27334,106259,Low,366802,137,5393
Maha,Badulla,1.98,Granola,Loamy,1101,167492,15781,173187,Medium,356460,101,6688
Yala,Badulla,2.16,Granola,Clay_Loam,1244,216085,15093,120505,Low,351683,129,5641
Maha,Badulla,1.96,Granola,Clay_Loam,1411,206786,25932,135715,Medium,368433,127,6093
Maha,Nuwara_Eliya,2.64,Granola,Loamy,1557,252511,30378,116545,High,399434,113,7690
Yala,Nuwara_Eliya,2.66,Other,Loamy,1259,183256,15414,155418,Low,354088,133,5579
Yala,Nuwara_Eliya,0.64,Other,Sandy_Loam,1146,209595,16547,107340,Low,333482,96,5448
Yala,Badulla,1.68,Granola,Loamy,832,130321,16240,120872,High,267433,139,7108
Yala,Badulla,2.73,Granola,Sandy_Loam,1255,193384,16910,93542,High,303836,91,7359
Yala,Nuwara_Eliya,1.67,Lapala,Loamy,1098,155208,20058,90946,High,266212,128,7278
Yala,Badulla,1.84,Granola,Loamy,1419,264424,27949,135806,Medium,428179,112,6665
Yala,Badulla,0.86,Granola,Loamy,886,136400,13502,179891,High,329793,92,7308
Yala,Nuwara_Eliya,0.89,Granola,Sandy_Loam,1028,148390,14829,176990,Medium,340209,137,6463
Yala,Badulla,2.77,Granola,Clay_Loam,974,182545,12399,104530,Medium,299474,138,6532
Yala,Badulla,1.14,Granola,Sandy_Loam,1264,210666,19269,105224,High,335159,138,7520
Yala,Nuwara_Eliya,2.01,Granola,Sandy_Loam,839,146613,13525,179125,Medium,339263,120,6536
Maha,Badulla,0.53,Other,Loamy,1235,222092,18159,153494,Medium,393745,99,6547
Maha,Badulla,0.86,Granola,Loamy,780,129201,14631,97164,High,240996,125,7470
Yala,Badulla,1.11,Granola,Clay_Loam,978,143346,13789,142309,Low,299444,125,5732
Maha,Badulla,1.88,Granola,Sandy_Loam,1518,276082,22138,170011,Medium,468231,98,6132
Yala,Badulla,0.63,Granola,Loamy,928,152703,13517,107303,High,273523,105,8157
Maha,Nuwara_Eliya,1.61,Granola,Clay_Loam,984,149646,17171,154438,Low,321255,120,5662
Maha,Nuwara_Eliya,1.73,Other,Loamy,1521,274905,23330,117870,Medium,416105,136,6413
Maha,Badulla,0.67,Granola,Loamy,1020,155753,19401,98060,Medium,273214,125,6649
Maha,Badulla,2.31,Granola,Sandy_Loam,1155,187363,16662,154494,Medium,358519,107,6326
Yala,Nuwara_Eliya,0.73,Lapala,Loamy,1404,241802,18901,110916,High,371619,121,7472
Yala,Nuwara_Eliya,1.06,Granola,Clay_Loam,980,179448,18158,178551,High,376157,135,7141
Yala,Badulla,0.76,Granola,Sandy_Loam,1166,189939,17693,128808,Low,336440,118,5784
Yala,Nuwara_Eliya,1.95,Other,Sandy_Loam,1264,180193,17522,134280,Low,331995,105,5246
Yala,Badulla,0.63,Granola,Sandy_Loam,1655,256355,25885,104719,High,386959,105,7047
Maha,Nuwara_Eliya,2.42,Granola,Sandy_Loam,1255,216262,19661,137583,High,373506,91,7083
Yala,Badulla,1.59,Granola,Sandy_Loam,1439,211059,25230,161551,Low,397840,98,5992
Maha,Nuwara_Eliya,2.69,Granola,Loamy,1259,230900,23449,146344,Medium,400693,93,6309
Maha,Nuwara_Eliya,1.14,Granola,Loamy,1044,166260,20403,144933,High,331596,131,7590
Maha,Badulla,2.83,Other,Loamy,925,165995,15561,148879,Low,330435,139,5313
Yala,Badulla,1.52,Granola,Loamy,717,103670,12509,169139,High,285318,115,7223
Yala,Badulla,2.42,Lapala,Sandy_Loam,1167,167128,19537,164253,Medium,350918,132,6132
Yala,Badulla,2.1,Granola,Sandy_Loam,1176,168524,23261,122405,Medium,314190,113,6504
Yala,Badulla,2.16,Lapala,Loamy,1047,180895,12897,143791,High,337583,133,7273
Maha,Badulla,2.67,Lapala,Sandy_Loam,1125,189717,14735,174389,Medium,378841,107,6099
Yala,Nuwara_Eliya,2.78,Lapala,Sandy_Loam,812,135866,10337,158098,Low,304301,119,5617
Yala,Badulla,0.96,Granola,Sandy_Loam,1047,190572,12710,94410,High,297692,118,7451
Yala,Badulla,1.37,Granola,Loamy,1437,254470,25006,108529,Medium,388005,107,6339
Maha,Badulla,2.4,Lapala,Loamy,1569,259891,23137,119571,Medium,402599,120,6163
Yala,Nuwara_Eliya,0.68,Lapala,Clay_Loam,1193,223705,17178,91725,Low,332608,111,5064
Yala,Nuwara_Eliya,1.02,Lapala,Sandy_Loam,1612,243228,27355,94327,Low,364910,114,5297
Maha,Badulla,2.94,Granola,Loamy,1036,191404,17188,121569,High,330161,131,7125
Yala,Badulla,2.82,Granola,Loamy,1368,258820,26332,94990,High,380142,131,7049
Yala,Badulla,2.7,Granola,Clay_Loam,1297,196047,21225,151557,Medium,368829,99,6500
Yala,Nuwara_Eliya,0.68,Lapala,Loamy,946,159617,15247,136193,Medium,311057,95,6360
Maha,Badulla,0.99,Granola,Loamy,1469,245122,25585,151440,Medium,422147,121,6638
Maha,Badulla,1.58,Granola,Loamy,947,152693,13953,106508,High,273154,90,7069
Yala,Badulla,1.07,Granola,Clay_Loam,1019,186329,18889,130351,Low,335569,114,5912
Yala,Badulla,1.93,Granola,Loamy,1053,196937,20662,111539,High,329138,121,7084
Maha,Badulla,1.18,Granola,Loamy,932,167357,16258,116960,Medium,300575,112,6273
Maha,Nuwara_Eliya,2.95,Other,Loamy,981,139605,16320,172134,Low,328059,98,5189
Yala,Nuwara_Eliya,0.69,Granola,Sandy_Loam,1157,206525,19716,178964,Low,405205,107,5905
Yala,Nuwara_Eliya,1.8,Granola,Sandy_Loam,1173,176170,16522,98327,Medium,291019,109,6634
Yala,Badulla,2.27,Other,Loamy,1280,225758,23413,111933,Medium,361104,105,6059
Maha,Nuwara_Eliya,2.03,Other,Loamy,1017,180662,16272,101503,Low,298437,119,5724
Maha,Nuwara_Eliya,2.09,Other,Loamy,1375,248435,24364,112391,Low,385190,135,5458
Yala,Nuwara_Eliya,0.57,Lapala,Loamy,1150,186856,16976,105548,High,309380,121,7255
Yala,Badulla,2.63,Other,Loamy,1087,152648,13217,142794,Medium,308659,112,6122
Maha,Badulla,1.56,Lapala,Loamy,1283,226591,17787,163182,Low,407560,119,5945
Yala,Nuwara_Eliya,2.07,Lapala,Loamy,1320,228971,20571,133911,Medium,383453,100,6757
Yala,Badulla,1.77,Granola,Loamy,1120,173095,21225,171400,High,365720,90,7341
Yala,Nuwara_Eliya,2.05,Granola,Loamy,1337,218144,21251,174140,High,413535,121,7993
Maha,Badulla,2.06,Granola,Sandy_Loam,1096,165521,14594,126569,High,306684,136,7229
Maha,Badulla,1.79,Granola,Clay_Loam,953,161333,12270,176925,Medium,350528,98,6746
Maha,Badulla,2.29,Lapala,Sandy_Loam,1391,237478,26623,97076,Low,361177,106,5731
Maha,Nuwara_Eliya,2.33,Lapala,Loamy,1040,166978,14429,91768,High,273175,133,7419
Maha,Nuwara_Eliya,1.17,Other,Clay_Loam,1009,161840,20020,148510,Low,330370,127,4735
Yala,Badulla,2.08,Other,Sandy_Loam,1184,196557,14559,97260,Medium,308376,123,6129
Maha,Nuwara_Eliya,1.04,Lapala,Loamy,1214,202861,23971,103306,Low,330138,137,5890
Maha,Badulla,1.44,Other,Loamy,1245,207695,19946,113200,Low,340841,125,5202
Maha,Badulla,2,Granola,Clay_Loam,1190,220339,21074,163633,Low,405046,123,5734
Yala,Nuwara_Eliya,1.03,Granola,Clay_Loam,1426,214829,24045,97541,Medium,336415,122,6968
Maha,Nuwara_Eliya,1.17,Granola,Loamy,1222,209102,23798,108588,High,341488,126,7924
Maha,Nuwara_Eliya,1.87,Granola,Loamy,1316,192721,23372,99104,Medium,315197,121,6831
Maha,Badulla,1.08,Lapala,Loamy,1125,197643,21363,101412,Medium,320418,133,6692
Yala,Badulla,1.57,Granola,Sandy_Loam,1119,184978,20720,174254,High,379952,115,7718
Yala,Nuwara_Eliya,1.96,Lapala,Loamy,1253,225882,18430,94988,Medium,339300,117,6681
Yala,Nuwara_Eliya,1.93,Granola,Sandy_Loam,781,113511,10864,175435,Medium,299810,105,6124
Yala,Nuwara_Eliya,1.27,Granola,Loamy,1165,194794,19121,122090,High,336005,112,8137
Yala,Nuwara_Eliya,1.15,Granola,Loamy,1052,184588,12801,127703,Medium,325092,128,6794
Yala,Badulla,1.01,Lapala,Loamy,1330,242894,18068,168695,Medium,429657,107,6944
Maha,Badulla,1.2,Granola,Sandy_Loam,1106,161680,18432,156128,Low,336240,106,5850
Maha,Badulla,2.26,Lapala,Clay_Loam,1134,173788,19704,94682,Low,288174,95,5013
Maha,Badulla,2.66,Lapala,Sandy_Loam,1243,215471,16911,169213,Low,401595,99,5853
Yala,Badulla,2.1,Lapala,Loamy,1010,184297,16425,132418,Medium,333140,139,6979
Maha,Badulla,2.39,Granola,Loamy,1303,193716,23191,135481,Medium,352388,123,6503
Maha,Badulla,2.99,Lapala,Loamy,1004,186903,12175,155693,Low,354771,134,5653
Yala,Badulla,2.97,Granola,Loamy,1229,175409,22971,136074,High,334454,116,7271
Yala,Nuwara_Eliya,0.99,Granola,Sandy_Loam,1095,164803,14159,177310,High,356272,91,7417
Maha,Nuwara_Eliya,0.84,Granola,Sandy_Loam,1441,269285,25268,104026,High,398579,102,7498
Yala,Badulla,0.68,Lapala,Loamy,1321,245708,22723,98137,Medium,366568,137,6038
Maha,Nuwara_Eliya,1.51,Granola,Loamy,1149,181008,20891,162285,Medium,364184,97,6854
Maha,Badulla,2.45,Granola,Loamy,1006,181551,15124,94250,High,290925,98,8116
Maha,Nuwara_Eliya,1.39,Granola,Loamy,1200,191026,23731,104324,Medium,319081,107,6967
Yala,Badulla,0.74,Granola,Sandy_Loam,1164,207013,19617,105010,High,331640,129,7249
Yala,Badulla,1.66,Granola,Loamy,1189,199150,20161,149714,Medium,369025,131,6530
Maha,Badulla,2.63,Granola,Clay_Loam,1150,209445,18408,178327,Medium,406180,94,6078
Yala,Badulla,1.38,Other,Loamy,1641,283296,23048,122810,Low,429154,132,5532
Yala,Badulla,1.77,Granola,Loamy,1439,233437,18898,99224,Medium,351559,116,6251
Yala,Nuwara_Eliya,2.36,Other,Sandy_Loam,1402,245501,20993,91594,Low,358088,125,4967
Maha,Badulla,0.91,Granola,Sandy_Loam,957,134626,14262,144098,High,292986,132,7592
Yala,Nuwara_Eliya,1.17,Granola,Clay_Loam,1312,226170,16051,145629,Medium,387850,115,6548
Yala,Badulla,0.7,Granola,Clay_Loam,1527,244984,24025,94743,Medium,363752,91,6880
Yala,Badulla,1.55,Granola,Loamy,1493,276228,25856,99469,High,401553,123,7430
Yala,Nuwara_Eliya,0.68,Granola,Clay_Loam,1104,187473,19516,90662,Low,297651,115,5563
Maha,Nuwara_Eliya,2.92,Granola,Loamy,1231,176334,19358,111622,High,307314,113,7044
Yala,Nuwara_Eliya,1.39,Granola,Sandy_Loam,1279,232151,22142,120453,High,374746,136,7640
Maha,Badulla,0.6,Lapala,Clay_Loam,1343,189889,18766,131365,Low,340020,121,5991
Yala,Badulla,1.2,Granola,Loamy,1678,269626,30206,152406,Medium,452238,139,6664
Maha,Nuwara_Eliya,1.61,Other,Loamy,1481,250516,29148,149430,Low,429094,116,5219
Yala,Badulla,2.85,Granola,Loamy,1246,227804,18899,107924,Medium,354627,111,6894
Yala,Badulla,2.4,Granola,Clay_Loam,1061,162453,16433,104121,Medium,283007,137,6977
Maha,Nuwara_Eliya,2.3,Other,Clay_Loam,1189,197088,21636,140593,Low,359317,117,4873
Maha,Badulla,1.82,Granola,Loamy,1391,262121,22080,95724,High,379925,117,7870
Maha,Badulla,0.58,Granola,Sandy_Loam,1664,238158,29568,110735,High,378461,124,7783
Yala,Nuwara_Eliya,2.87,Granola,Clay_Loam,1211,173811,23580,158971,High,356362,122,7087
Maha,Badulla,2.28,Other,Sandy_Loam,1065,155333,17280,101418,Low,274031,119,5769
Maha,Nuwara_Eliya,0.53,Granola,Loamy,1173,189109,20782,144341,Medium,354232,104,6948
Yala,Badulla,2.92,Granola,Loamy,1303,184103,17947,160242,Medium,362292,100,6240
Maha,Nuwara_Eliya,0.52,Granola,Clay_Loam,1229,224569,21464,94709,High,340742,129,7129
Maha,Badulla,2.64,Lapala,Sandy_Loam,1219,183424,19865,156349,Medium,359638,121,6147
Yala,Nuwara_Eliya,2.19,Other,Sandy_Loam,1132,178825,21357,110934,Low,311116,95,5497
Maha,Badulla,2.81,Other,Loamy,1237,176974,21915,146107,Medium,344996,138,6197
Yala,Nuwara_Eliya,1.8,Other,Sandy_Loam,970,171864,17462,118556,Low,307882,114,5442
Maha,Nuwara_Eliya,0.56,Granola,Sandy_Loam,1352,189388,19287,169326,High,378001,119,7020
Maha,Badulla,2.19,Granola,Clay_Loam,1265,198677,22744,139478,Low,360899,112,5819
Yala,Badulla,2.94,Lapala,Loamy,1038,164846,20142,135273,High,320261,123,7315
Yala,Nuwara_Eliya,2.17,Granola,Loamy,1154,178965,17393,166895,Medium,363253,127,6652
Yala,Nuwara_Eliya,2.42,Other,Loamy,1487,249123,29079,109104,Medium,387306,116,6043
Maha,Badulla,2.55,Other,Sandy_Loam,1080,187532,17542,149650,Low,354724,119,5665
Maha,Nuwara_Eliya,0.78,Granola,Loamy,1228,205126,22775,105451,High,333352,130,7553
Maha,Nuwara_Eliya,2.25,Granola,Loamy,1261,216852,18541,171617,Medium,407010,119,6251
Yala,Nuwara_Eliya,2.39,Lapala,Loamy,1613,297981,22809,126953,High,447743,134,7283
Yala,Nuwara_Eliya,1.58,Granola,Loamy,902,152688,14584,103479,High,270751,93,7631
Yala,Nuwara_Eliya,1.4,Lapala,Loamy,818,147074,11816,96556,Medium,255446,136,6304
Yala,Nuwara_Eliya,1.2,Lapala,Clay_Loam,1587,263692,30146,93909,Medium,387747,103,6553
Maha,Badulla,0.54,Granola,Sandy_Loam,1457,233184,20950,151355,High,405489,100,7409
Maha,Nuwara_Eliya,1.54,Granola,Loamy,1560,246391,26333,124423,Medium,397147,105,6122
Yala,Badulla,1.26,Granola,Clay_Loam,1170,218200,19141,149531,Low,386872,135,5681
Yala,Nuwara_Eliya,2.27,Lapala,Clay_Loam,1035,167555,14330,116207,Low,298092,128,5139
Maha,Nuwara_Eliya,1.57,Granola,Loamy,1166,182908,14828,176538,High,374274,130,7053
Maha,Badulla,2.83,Granola,Loamy,1330,186454,18493,174460,Medium,379407,98,6311
Yala,Badulla,2.65,Granola,Clay_Loam,1218,211881,15337,179354,Medium,406572,110,6047
Yala,Badulla,0.72,Granola,Loamy,1251,237640,17882,115240,Medium,370762,97,6420
Maha,Badulla,1.86,Granola,Sandy_Loam,1438,245231,20296,115851,High,381378,115,7425
Yala,Nuwara_Eliya,2.52,Granola,Loamy,1359,199656,20940,139708,Medium,360304,119,6656
Yala,Nuwara_Eliya,2.45,Other,Clay_Loam,860,144664,13142,119966,Low,277772,96,4859
Yala,Nuwara_Eliya,1.15,Granola,Clay_Loam,1126,163195,18734,146507,Medium,328436,108,6528
Yala,Badulla,2.89,Lapala,Sandy_Loam,1134,168946,14513,94906,Medium,278365,123,6772
Maha,Badulla,0.64,Granola,Clay_Loam,1450,261011,28212,159320,Low,448543,127,5944
Maha,Nuwara_Eliya,1.03,Lapala,Loamy,1279,238632,16258,136037,High,390927,135,7299
Maha,Badulla,1.42,Lapala,Loamy,1128,183235,18941,96456,High,298632,101,7352
Yala,Badulla,2.45,Granola,Loamy,940,161114,13349,171862,Medium,346325,121,6223
Yala,Badulla,2.54,Granola,Loamy,1003,155785,13257,113757,High,282799,111,7638
Maha,Nuwara_Eliya,1.21,Granola,Loamy,1428,234594,25180,92681,Medium,352455,90,6229
Yala,Badulla,2.64,Granola,Clay_Loam,1624,268827,25685,165140,Medium,459652,127,6427
Maha,Nuwara_Eliya,0.51,Granola,Loamy,1154,174814,15690,93400,Medium,283904,122,6631
Yala,Nuwara_Eliya,2.5,Other,Loamy,1268,190235,17400,116268,Low,323903,98,5869
Maha,Nuwara_Eliya,2.04,Granola,Clay_Loam,1187,169056,16240,140929,Low,326225,120,5567
Yala,Nuwara_Eliya,2.12,Lapala,Sandy_Loam,1074,173295,13994,175286,Low,362575,113,5860
Yala,Nuwara_Eliya,1.74,Granola,Clay_Loam,1144,209761,19887,94226,Medium,323874,118,6970
Yala,Nuwara_Eliya,2.71,Granola,Sandy_Loam,676,94879,12543,122384,High,229806,117,7161
Maha,Badulla,1.83,Granola,Clay_Loam,941,161951,13536,101381,Medium,276868,132,6192
Yala,Nuwara_Eliya,2,Granola,Loamy,761,135026,14172,159411,Medium,308609,91,6484
Yala,Badulla,2.84,Lapala,Clay_Loam,1519,235688,23446,132363,Low,391497,97,5061
Yala,Badulla,1.1,Granola,Loamy,1227,212702,23672,121105,Medium,357479,121,6152
Maha,Badulla,2.58,Lapala,Loamy,1345,213640,21881,90021,Low,325542,102,5940
Maha,Badulla,2.51,Granola,Loamy,1423,216392,17970,122076,High,356438,127,7248
Yala,Nuwara_Eliya,2.9,Lapala,Sandy_Loam,1202,197929,14809,178588,Low,391326,109,5553
Yala,Nuwara_Eliya,1.15,Lapala,Loamy,1117,189377,17923,91618,Low,298918,136,5686
Maha,Nuwara_Eliya,2.46,Lapala,Loamy,1328,215638,24747,117241,Medium,357626,113,6066
Maha,Nuwara_Eliya,2.51,Granola,Clay_Loam,1603,286818,20916,144086,Medium,451820,91,6455
Maha,Nuwara_Eliya,0.96,Granola,Loamy,1246,213263,15693,135332,High,364288,99,7298
Yala,Badulla,1.93,Granola,Loamy,1000,154883,12263,143111,Medium,310257,116,6675
Maha,Badulla,2.99,Granola,Sandy_Loam,735,119522,9073,117864,High,246459,106,7490
Yala,Nuwara_Eliya,0.52,Granola,Clay_Loam,911,130591,11137,112027,Medium,253755,134,6297
Yala,Badulla,0.76,Lapala,Loamy,1337,239836,19370,119420,Medium,378626,90,6902
Yala,Badulla,1.73,Lapala,Sandy_Loam,1221,175201,19327,105511,Medium,300039,127,6965
Maha,Badulla,2.67,Lapala,Sandy_Loam,1165,170456,22794,101931,Low,295181,128,5762
Yala,Badulla,2.07,Other,Sandy_Loam,1155,199562,16070,115247,Low,330879,131,5946
Maha,Badulla,1.3,Lapala,Loamy,1102,194892,13842,167808,Medium,376542,114,6389
Maha,Badulla,2.65,Granola,Loamy,1178,217154,17701,157475,High,392330,94,7088
Yala,Nuwara_Eliya,2.43,Granola,Sandy_Loam,876,132872,13382,160207,Medium,306461,128,6245
Maha,Badulla,0.94,Granola,Loamy,1359,245283,25947,113673,High,384903,101,7066
Maha,Badulla,1.42,Granola,Sandy_Loam,1359,197911,26462,106522,Medium,330895,102,6609
Yala,Nuwara_Eliya,2.86,Other,Clay_Loam,1145,166449,14666,91019,Medium,272134,117,6292
Yala,Badulla,1.85,Other,Loamy,1238,226459,20267,141252,Medium,387978,107,6202
Yala,Badulla,2.41,Granola,Clay_Loam,1004,175493,13369,157831,High,346693,138,7001
Yala,Nuwara_Eliya,2.24,Lapala,Loamy,1127,184834,18350,105221,Medium,308405,106,6393
Maha,Nuwara_Eliya,2.82,Lapala,Loamy,1068,193147,16308,119409,Low,328864,127,5689
Maha,Nuwara_Eliya,1.62,Granola,Clay_Loam,1416,207171,18388,103270,Low,328829,91,5630
Yala,Nuwara_Eliya,1.58,Lapala,Clay_Loam,1117,162219,21276,137474,Medium,320969,131,6520
Yala,Badulla,1.89,Granola,Clay_Loam,1229,205698,15379,147849,High,368926,119,7227
Maha,Nuwara_Eliya,1.37,Other,Clay_Loam,913,144872,15849,96478,Low,257199,102,5863
Maha,Nuwara_Eliya,1.51,Granola,Loamy,1380,246377,19474,90485,High,356336,123,8152
Maha,Badulla,1.3,Other,Loamy,901,135503,16675,156854,Low,309032,123,5608
Yala,Nuwara_Eliya,1.94,Granola,Loamy,1530,218502,19347,179349,High,417198,129,8043
Yala,Badulla,2.9,Granola,Sandy_Loam,1105,178171,14393,101062,High,293626,120,7158
Maha,Badulla,1.32,Granola,Loamy,1406,235115,18766,158441,High,412322,139,8094
Maha,Badulla,2.26,Granola,Sandy_Loam,1186,188171,18911,142121,High,349203,99,7617
Maha,Nuwara_Eliya,2.08,Granola,Sandy_Loam,1438,210017,18161,137457,Medium,365635,110,6981
Yala,Badulla,1.58,Granola,Clay_Loam,1566,244720,19978,177828,Medium,442526,104,6312
Yala,Nuwara_Eliya,2.53,Granola,Loamy,1319,188723,17542,170553,Medium,376818,124,6604
Maha,Badulla,2.23,Granola,Loamy,954,165500,18856,105814,Medium,290170,119,6977
Yala,Nuwara_Eliya,1.79,Granola,Sandy_Loam,1081,198036,15556,107368,High,320960,95,7037
Yala,Nuwara_Eliya,1.48,Granola,Loamy,1042,162011,18036,149920,High,329967,104,7054
Yala,Nuwara_Eliya,1.03,Granola,Clay_Loam,1147,172664,15851,115164,Medium,303679,96,6729
Yala,Badulla,0.84,Lapala,Loamy,1297,198182,22316,100464,Medium,320962,116,6387
Maha,Nuwara_Eliya,2.01,Other,Clay_Loam,1553,264612,23664,110268,Low,398544,102,5476
Yala,Badulla,0.6,Other,Sandy_Loam,1218,221250,21419,116227,Low,358896,106,5466
Yala,Nuwara_Eliya,1.5,Granola,Sandy_Loam,1220,171578,23146,130206,Medium,324930,107,6062
Yala,Badulla,1.74,Granola,Sandy_Loam,1301,221123,24016,99842,Medium,344981,109,6467
Yala,Nuwara_Eliya,1.03,Lapala,Sandy_Loam,1182,216724,23192,126437,High,366353,115,7077
Yala,Badulla,2.48,Granola,Sandy_Loam,1302,218832,17560,110193,High,346585,114,7741
Maha,Badulla,1.72,Granola,Sandy_Loam,1134,201192,20719,119214,High,341125,126,7121
Maha,Nuwara_Eliya,2.47,Lapala,Loamy,1151,176807,17349,165234,Medium,359390,97,6424
Yala,Badulla,0.99,Lapala,Clay_Loam,1430,221107,27168,159460,Medium,407735,110,6328
Yala,Nuwara_Eliya,1.65,Granola,Clay_Loam,1025,172849,16404,167003,Low,356256,116,5985
Yala,Badulla,1.86,Granola,Sandy_Loam,1245,225440,15224,146776,Medium,387440,107,6377
Yala,Nuwara_Eliya,1.36,Lapala,Loamy,1110,208202,18846,153604,Medium,380652,104,6338
Yala,Badulla,2.83,Granola,Sandy_Loam,1251,221068,18726,154809,High,394603,123,7219
Yala,Badulla,1.46,Granola,Clay_Loam,982,183830,12159,166515,High,362504,139,7209
Yala,Nuwara_Eliya,0.53,Other,Loamy,1622,281256,21756,142220,Low,445232,135,5761
Yala,Badulla,0.97,Lapala,Loamy,1067,158921,20502,125746,Medium,305169,102,6409
Yala,Badulla,2.82,Other,Loamy,994,172776,12661,155656,Medium,341093,107,6420
Yala,Badulla,1.6,Other,Sandy_Loam,1698,265361,33737,150061,Low,449159,92,5498
Yala,Badulla,0.64,Granola,Loamy,1144,179189,17739,113642,High,310570,98,7545
Yala,Badulla,1.3,Granola,Loamy,1317,233985,23351,150244,High,407580,113,7444
Yala,Badulla,1.75,Granola,Loamy,1345,231528,23594,168387,High,423509,107,7717
Yala,Badulla,2.71,Granola,Sandy_Loam,1507,283669,18970,94809,Medium,397448,136,6860
Maha,Badulla,1.71,Granola,Sandy_Loam,1296,229860,18783,117561,Low,366204,131,5927
Yala,Badulla,1.14,Granola,Clay_Loam,1033,180234,15238,114953,Medium,310425,139,6946
Maha,Badulla,1.39,Granola,Loamy,1547,259445,27994,138364,Medium,425803,132,6140
Yala,Nuwara_Eliya,1.62,Granola,Clay_Loam,1252,209964,24347,90481,High,324792,127,7241
Maha,Badulla,2.83,Granola,Sandy_Loam,1191,175144,14299,162912,High,352355,94,7073
Yala,Nuwara_Eliya,1.02,Lapala,Loamy,973,172024,14020,131705,Low,317749,119,5867
Yala,Badulla,1.26,Lapala,Loamy,1269,221321,16529,128282,Medium,366132,102,6995
Yala,Badulla,2.01,Granola,Loamy,1228,229405,23250,178432,High,431087,116,7756
Maha,Badulla,2.12,Granola,Loamy,1042,190577,14992,173136,High,378705,101,7674
Yala,Badulla,2.37,Granola,Clay_Loam,917,157653,13108,116426,High,287187,109,7143
Yala,Badulla,2.2,Granola,Loamy,1376,258319,23156,174055,Medium,455530,100,6383
Yala,Nuwara_Eliya,0.97,Granola,Clay_Loam,1593,248376,23974,179164,Medium,451514,102,6472
Maha,Badulla,1.1,Granola,Sandy_Loam,1093,179316,17133,122625,High,319074,119,7053
Yala,Badulla,1.92,Granola,Loamy,1515,246311,28563,174968,High,449842,106,7270
Yala,Nuwara_Eliya,1,Granola,Loamy,1077,197982,14287,131009,High,343278,120,7550
Yala,Nuwara_Eliya,2.67,Granola,Loamy,1187,214890,20079,164894,Medium,399863,114,6322
Yala,Badulla,1.26,Lapala,Sandy_Loam,1050,162527,16763,127900,Low,307190,110,5700
Yala,Badulla,0.99,Granola,Loamy,1089,171944,13141,165528,High,350613,91,8082
Maha,Badulla,1.84,Granola,Sandy_Loam,980,156165,16834,94029,Medium,267028,92,6712
Yala,Nuwara_Eliya,2.72,Granola,Clay_Loam,1104,172036,16782,103544,High,292362,115,7044
Yala,Badulla,1.73,Lapala,Sandy_Loam,939,154486,13203,169643,Low,337332,118,5681
Yala,Badulla,0.61,Other,Loamy,1108,182388,21102,127162,Low,330652,116,5266
Yala,Badulla,1.11,Lapala,Loamy,1456,212121,22258,148305,Low,382684,125,5882
Yala,Badulla,2.85,Granola,Clay_Loam,1274,189114,23663,159232,Medium,372009,119,6144
Yala,Badulla,0.78,Granola,Clay_Loam,1299,239590,16090,140693,Low,396373,122,5897
Yala,Badulla,2.76,Other,Clay_Loam,1325,208404,17716,97108,Low,323228,124,5980
Maha,Badulla,2.58,Granola,Loamy,1422,261568,20646,101608,High,383822,113,7350
Yala,Badulla,1.19,Granola,Loamy,992,183810,16000,103837,High,303647,136,7691
Maha,Badulla,2.27,Granola,Loamy,1284,223948,17664,129480,High,371092,129,7748
Maha,Badulla,2.48,Lapala,Sandy_Loam,1049,163373,13568,114584,Medium,291525,100,6116
Yala,Nuwara_Eliya,0.76,Lapala,Sandy_Loam,1018,147393,19729,141162,Medium,308284,108,6677
Yala,Nuwara_Eliya,2.23,Granola,Clay_Loam,1614,243813,28110,159501,Medium,431424,113,6688
Maha,Nuwara_Eliya,2.74,Granola,Clay_Loam,1042,187630,15925,110707,High,314262,110,7092
Yala,Badulla,1.81,Lapala,Loamy,943,137172,17308,98907,High,253387,103,7203
Maha,Badulla,2.93,Other,Loamy,1343,190771,23691,130588,Medium,345050,95,6469
Maha,Badulla,2.68,Granola,Loamy,1394,222875,20478,111103,High,354456,114,7251
Yala,Nuwara_Eliya,1.58,Granola,Clay_Loam,1324,195497,15992,111427,Low,322916,131,5896
Maha,Badulla,1.54,Lapala,Sandy_Loam,1097,187012,18299,123276,Low,328587,114,5853
Yala,Nuwara_Eliya,1.03,Granola,Sandy_Loam,1336,231176,26192,155671,High,413039,92,7583
Yala,Nuwara_Eliya,1.08,Granola,Loamy,1317,211327,23687,100211,High,335225,102,7798
Yala,Nuwara_Eliya,1.47,Other,Clay_Loam,1148,215956,17705,107772,Low,341433,121,5815
Maha,Nuwara_Eliya,2.47,Granola,Loamy,1438,223807,26767,143545,High,394119,129,8188
Yala,Badulla,2.96,Granola,Loamy,1032,150045,14549,165499,High,330093,91,7183
Yala,Nuwara_Eliya,1.9,Granola,Sandy_Loam,1119,191109,19613,126373,Medium,337095,133,6627
Yala,Badulla,0.59,Granola,Sandy_Loam,1044,152133,15078,160313,Medium,327524,108,6272
Maha,Badulla,0.99,Other,Loamy,1199,220012,15598,151010,Medium,386620,118,6053
Yala,Badulla,2.3,Other,Loamy,1576,222176,29070,99735,Medium,350981,139,6308
Yala,Nuwara_Eliya,1,Granola,Sandy_Loam,1129,161243,21390,116524,Medium,299157,90,6236
Maha,Nuwara_Eliya,2.98,Granola,Loamy,1141,178841,16707,91775,High,287323,96,7558
Maha,Nuwara_Eliya,1.08,Granola,Sandy_Loam,1545,260101,26989,90255,Medium,377345,136,6006
Maha,Badulla,2.43,Granola,Clay_Loam,1350,220562,25649,162974,High,409185,139,7286
Yala,Nuwara_Eliya,2.33,Granola,Loamy,1261,227251,16777,112428,Medium,356456,107,6429
Yala,Nuwara_Eliya,2.94,Lapala,Loamy,1232,172757,17871,137408,Low,328036,106,5750
Yala,Badulla,2.77,Granola,Loamy,1449,235698,25320,122392,Medium,383410,123,6155
Maha,Nuwara_Eliya,2.48,Lapala,Sandy_Loam,1373,206240,19191,179647,Low,405078,95,5606
Yala,Nuwara_Eliya,2.48,Granola,Loamy,955,162898,16777,120822,Medium,300497,95,6218
Maha,Badulla,1.8,Lapala,Sandy_Loam,1484,239105,22534,92380,High,354019,106,7085
Maha,Badulla,2.53,Lapala,Loamy,1256,232204,19565,129325,Low,381094,129,5715
Yala,Badulla,2.59,Lapala,Clay_Loam,1333,233159,18211,91825,Low,343195,113,5914
Yala,Nuwara_Eliya,1.97,Lapala,Clay_Loam,1348,230269,26808,147596,Medium,404673,133,6677
Yala,Badulla,1.45,Granola,Loamy,1330,190138,17081,106618,High,313837,107,7233
Yala,Nuwara_Eliya,1.03,Lapala,Sandy_Loam,1378,200567,18488,128579,Medium,347634,96,6323
Yala,Badulla,1.21,Granola,Loamy,1225,208737,20342,104726,Medium,333805,96,6126
Maha,Badulla,2.7,Granola,Sandy_Loam,1304,236945,20756,158631,Medium,416332,131,6489
Yala,Badulla,1.68,Granola,Clay_Loam,1185,215865,17649,90931,Medium,324445,121,6855
Yala,Nuwara_Eliya,2.92,Other,Loamy,1192,207958,20099,138432,Low,366489,113,5713
Maha,Badulla,1.75,Granola,Loamy,1054,164633,17598,96001,High,278232,131,7273
Yala,Nuwara_Eliya,1.33,Granola,Loamy,1042,195856,18469,160934,High,375259,125,7332
Maha,Badulla,2.65,Other,Loamy,1240,231355,20666,138454,Low,390475,112,5558
Yala,Badulla,0.67,Granola,Sandy_Loam,1346,252727,25711,118636,High,397074,98,7301
Yala,Nuwara_Eliya,1.13,Granola,Loamy,1353,198237,19583,100519,Medium,318339,139,6730
Yala,Badulla,1,Granola,Loamy,1137,160438,19471,127253,Medium,307162,103,6512
Yala,Nuwara_Eliya,1.54,Granola,Sandy_Loam,880,148063,16605,100572,High,265240,129,7153
Yala,Badulla,2.33,Other,Clay_Loam,1039,189273,14161,156860,Low,360294,124,5937
Maha,Badulla,1.13,Granola,Sandy_Loam,1326,205193,16073,109811,Medium,331077,104,6684
Yala,Nuwara_Eliya,2.68,Lapala,Loamy,1463,274767,17591,112313,High,404671,136,7353
Yala,Badulla,2.41,Granola,Sandy_Loam,1456,220699,19582,162927,Medium,403208,96,6736
Yala,Nuwara_Eliya,0.96,Other,Clay_Loam,949,147859,14610,117839,Medium,280308,104,6290
Yala,Badulla,2.33,Granola,Sandy_Loam,1242,230760,17764,106697,High,355221,122,7233
Maha,Badulla,1.3,Granola,Clay_Loam,1183,215672,18476,128195,Medium,362343,97,6317
Maha,Nuwara_Eliya,0.56,Granola,Sandy_Loam,1359,236469,23213,171859,Medium,431541,90,6916
Yala,Badulla,1.85,Granola,Loamy,1184,217744,19757,150677,High,388178,130,7480
Yala,Nuwara_Eliya,2.54,Lapala,Clay_Loam,1400,204086,27656,176366,Low,408108,107,5122
Maha,Nuwara_Eliya,1.91,Granola,Loamy,1363,219401,26882,151545,Medium,397828,129,6696
Yala,Nuwara_Eliya,1.72,Granola,Loamy,957,179563,14883,105723,Medium,300169,99,6670
Maha,Badulla,1.17,Granola,Sandy_Loam,1007,148967,14602,99532,High,263101,90,7421
Maha,Badulla,2.49,Granola,Loamy,1060,156086,18968,144124,Medium,319178,122,6087
Maha,Badulla,0.67,Granola,Loamy,1199,212990,22284,169145,High,404419,114,7419
Maha,Badulla,1.72,Granola,Loamy,1179,184472,18142,141447,Medium,344061,135,6913
Yala,Nuwara_Eliya,0.74,Granola,Loamy,1440,203068,24243,114932,Medium,342243,133,6676
Maha,Nuwara_Eliya,2.19,Granola,Loamy,1201,192715,17190,162807,High,372712,130,7047
Maha,Badulla,1.4,Granola,Loamy,1621,267173,23420,173448,Medium,464041,119,6942
Yala,Badulla,2.42,Other,Loamy,1567,228162,24329,133107,Low,385598,134,5897
Maha,Badulla,1.71,Other,Loamy,1296,183090,16211,109897,Medium,309198,115,6173
Maha,Badulla,0.93,Granola,Sandy_Loam,994,146535,15099,171396,High,333030,139,7793
Yala,Nuwara_Eliya,2.22,Granola,Sandy_Loam,1377,228840,16793,161163,Medium,406796,90,6378
Yala,Nuwara_Eliya,2.91,Granola,Loamy,881,148598,17111,164554,Medium,330263,106,6577
Yala,Badulla,2.76,Other,Sandy_Loam,1317,217705,23360,164963,Medium,406028,127,6403
Yala,Nuwara_Eliya,2.23,Other,Loamy,956,148813,17236,109805,Medium,275854,109,6758
Yala,Badulla,1.51,Granola,Loamy,1033,183013,14479,130875,High,328367,109,8172
Yala,Nuwara_Eliya,0.7,Granola,Sandy_Loam,1089,185095,16716,128865,Medium,330676,92,6833
Yala,Nuwara_Eliya,2.4,Granola,Clay_Loam,1402,210085,25542,164888,Low,400515,108,5904
Yala,Nuwara_Eliya,1.73,Granola,Sandy_Loam,1369,227470,26269,104795,High,358534,130,7395
Yala,Badulla,1.5,Granola,Loamy,1278,205209,25025,101373,Medium,331607,138,6563
Yala,Badulla,0.86,Other,Loamy,869,150287,14365,132458,Medium,297110,114,6514
Yala,Badulla,2.17,Other,Loamy,1286,208157,19583,102326,Low,330066,115,5407
Yala,Badulla,2.41,Granola,Loamy,1056,200218,18472,165722,High,384412,110,7713
Maha,Nuwara_Eliya,2.17,Lapala,Loamy,1220,188751,15483,158348,Medium,362582,105,6431
Yala,Nuwara_Eliya,2.98,Granola,Loamy,1119,205813,16130,148526,Medium,370469,106,6907
Yala,Badulla,1.36,Granola,Sandy_Loam,1338,190121,21440,142580,Low,354141,136,5880
Yala,Badulla,2.63,Granola,Clay_Loam,1203,169565,21485,173980,Medium,365030,122,6341
Yala,Nuwara_Eliya,2.8,Granola,Loamy,1162,169904,15935,95804,High,281643,118,7401
Maha,Nuwara_Eliya,2.59,Lapala,Clay_Loam,1590,280126,29671,108074,Medium,417871,112,6228
Maha,Badulla,2.29,Granola,Loamy,1223,180626,22438,172343,High,375407,98,7819
Yala,Nuwara_Eliya,2.85,Other,Sandy_Loam,1364,215253,16447,95482,Low,327182,111,5624
Yala,Nuwara_Eliya,2.58,Other,Loamy,1357,195075,26525,122857,Medium,344457,135,6602
Yala,Nuwara_Eliya,2.02,Lapala,Sandy_Loam,844,144692,13866,178777,Medium,337335,126,6715
Maha,Nuwara_Eliya,0.71,Granola,Sandy_Loam,1157,195003,18762,93438,High,307203,120,7469
Maha,Badulla,0.51,Granola,Clay_Loam,1450,228875,18656,127878,Low,375409,126,5698
Maha,Nuwara_Eliya,2.49,Granola,Sandy_Loam,1462,275176,18883,118294,Medium,412353,130,6322
Maha,Nuwara_Eliya,2.56,Other,Sandy_Loam,1062,163444,16130,105311,Medium,284885,128,6275
Yala,Nuwara_Eliya,0.57,Granola,Loamy,1428,213631,24428,148910,High,386969,137,7729
Yala,Badulla,1.83,Granola,Loamy,1072,179532,18682,144693,Medium,342907,109,6637
Yala,Badulla,2.23,Lapala,Sandy_Loam,923,164281,16788,131005,Low,312074,120,5964
Maha,Nuwara_Eliya,2.22,Granola,Loamy,1051,180893,18327,140285,Medium,339505,121,6275
Yala,Badulla,2.48,Granola,Sandy_Loam,1365,249259,22486,137891,Medium,409636,110,6109
Yala,Badulla,2.4,Other,Loamy,982,169858,18967,98110,Medium,286935,128,6303
Maha,Badulla,2.21,Lapala,Loamy,1011,185648,16237,162716,Low,364601,108,5777
Maha,Nuwara_Eliya,2.28,Granola,Clay_Loam,1215,197696,21574,99670,Medium,318940,132,6916
Maha,Badulla,0.86,Granola,Clay_Loam,1140,161311,17302,141418,Medium,320031,137,6492
Maha,Nuwara_Eliya,1.87,Granola,Loamy,869,146667,17036,167321,Medium,331024,101,6540
Maha,Badulla,2.86,Lapala,Sandy_Loam,1047,189752,14876,173732,Medium,378360,108,6865
Yala,Badulla,1.79,Granola,Sandy_Loam,1312,238526,23284,137093,High,398903,92,7684
Yala,Badulla,2.36,Lapala,Sandy_Loam,1531,262185,28831,162221,Low,453237,92,5974
Yala,Nuwara_Eliya,0.76,Lapala,Clay_Loam,1116,162926,17419,171979,Low,352324,130,5924
Maha,Nuwara_Eliya,1.81,Granola,Loamy,1095,204246,20145,128952,Medium,353343,114,6637
Maha,Badulla,2.51,Granola,Loamy,980,167770,16170,126191,High,310131,122,7248
Maha,Badulla,1.67,Lapala,Clay_Loam,1290,207418,21683,153882,Low,382983,137,5438
Yala,Nuwara_Eliya,1.8,Granola,Sandy_Loam,1179,197613,20382,119061,High,337056,114,7039
Yala,Nuwara_Eliya,1,Other,Sandy_Loam,1081,170534,16493,126827,Low,313854,117,5875
Yala,Nuwara_Eliya,0.84,Granola,Loamy,1511,221069,29405,144445,Medium,394919,122,6929
Yala,Nuwara_Eliya,2.09,Lapala,Loamy,1148,176273,16399,114381,Low,307053,132,5595
Maha,Badulla,1.18,Granola,Loamy,1255,225770,20713,90519,Medium,337002,111,6942
Maha,Badulla,2.18,Granola,Clay_Loam,1054,199429,19661,132281,High,351371,117,7125
Yala,Nuwara_Eliya,1.02,Lapala,Sandy_Loam,989,146027,15868,127188,Low,289083,133,5504
Maha,Badulla,0.69,Granola,Sandy_Loam,1277,236814,24947,95788,Low,357549,110,5827
Maha,Badulla,1.12,Lapala,Sandy_Loam,1471,245120,22271,116224,Medium,383615,131,6109
Maha,Nuwara_Eliya,1.8,Granola,Loamy,1045,149208,19207,103865,Medium,272280,121,6794
Maha,Badulla,1.54,Granola,Clay_Loam,1344,222667,17624,111328,Low,351619,112,5857
Yala,Badulla,1.84,Lapala,Loamy,1329,200433,24530,158166,High,383129,107,7466
Yala,Badulla,2.43,Granola,Loamy,1274,189740,23088,160768,High,373596,118,8119
Maha,Nuwara_Eliya,1.05,Lapala,Sandy_Loam,933,177114,17863,136204,Medium,331181,131,6787
Maha,Badulla,2.33,Lapala,Clay_Loam,1373,219962,18908,136082,Low,374952,117,5957
Yala,Nuwara_Eliya,2.87,Other,Clay_Loam,1145,188641,21494,135464,Low,345599,127,4913
Maha,Nuwara_Eliya,2.33,Granola,Loamy,1107,169640,16382,153749,High,339771,108,7258
Yala,Badulla,2.51,Granola,Sandy_Loam,1024,188655,17336,128585,High,334576,99,7702
Maha,Badulla,0.95,Other,Loamy,1336,212231,25719,137710,Low,375660,96,5850
Yala,Nuwara_Eliya,0.94,Granola,Sandy_Loam,1460,268947,23034,124461,High,416442,102,7012
Yala,Badulla,2.13,Other,Loamy,990,155813,18821,108148,Medium,282782,93,6616
Yala,Badulla,0.91,Other,Sandy_Loam,1456,234361,19731,115636,Low,369728,115,5854
Yala,Nuwara_Eliya,2.04,Granola,Sandy_Loam,1215,222519,15356,160018,Medium,397893,114,6930
Maha,Nuwara_Eliya,2.81,Granola,Loamy,1359,193456,25865,163148,Medium,382469,123,6795
Yala,Badulla,1.95,Lapala,Loamy,1499,257360,21422,158781,Low,437563,116,5785
Maha,Nuwara_Eliya,0.95,Lapala,Loamy,1143,163121,19171,97817,Low,280109,125,5636
Yala,Nuwara_Eliya,1.26,Other,Sandy_Loam,1086,193858,14261,165071,Low,373190,90,5300
Maha,Badulla,1.44,Other,Loamy,1063,163347,20619,121882,High,305848,123,7002
Yala,Nuwara_Eliya,2.31,Granola,Loamy,1218,214077,16284,99403,Medium,329764,101,6882
Yala,Badulla,0.61,Other,Sandy_Loam,963,156417,16380,103173,Medium,275970,99,6425
Yala,Nuwara_Eliya,1.45,Other,Sandy_Loam,969,152215,16928,91771,Low,260914,126,5777
Yala,Badulla,2.89,Other,Clay_Loam,750,122438,13139,169559,Medium,305136,100,6201
Yala,Nuwara_Eliya,1.49,Granola,Loamy,1239,216129,21518,104417,High,342064,90,7681
Yala,Nuwara_Eliya,0.97,Granola,Loamy,1079,169860,14494,148236,High,332590,113,7129
Maha,Badulla,2.89,Granola,Sandy_Loam,1200,212161,19745,173611,Medium,405517,108,6725
Maha,Badulla,1.22,Granola,Sandy_Loam,1039,181732,17652,107011,High,306395,113,7249
Yala,Nuwara_Eliya,1.49,Granola,Sandy_Loam,1212,226589,21057,96727,High,344373,113,7597
Yala,Nuwara_Eliya,2.97,Other,Loamy,1162,211757,17833,129676,Medium,359266,121,6591
Maha,Badulla,0.97,Granola,Loamy,1317,215267,19324,99662,Medium,334253,97,6140
Maha,Nuwara_Eliya,2.89,Granola,Clay_Loam,1358,233934,25277,99622,Medium,358833,115,6841
Yala,Nuwara_Eliya,2.58,Granola,Sandy_Loam,1469,244884,22083,120624,High,387591,121,7597
Yala,Badulla,1.28,Other,Loamy,1329,209479,23528,104193,Low,337200,102,5462
Yala,Nuwara_Eliya,1.87,Granola,Loamy,997,186627,18378,106258,Medium,311263,110,6830
Yala,Nuwara_Eliya,1.61,Granola,Sandy_Loam,1041,193352,13028,94953,High,301333,99,7635
Yala,Badulla,2.47,Granola,Loamy,1294,204341,24097,92034,Medium,320472,102,6395
Yala,Badulla,1.12,Other,Loamy,1279,225251,17296,129794,Low,372341,93,5888
Yala,Badulla,1.47,Granola,Sandy_Loam,1233,226391,15265,124692,High,366348,97,7198
Maha,Badulla,2.78,Granola,Clay_Loam,1236,222668,22660,107384,Low,352712,123,5672
Maha,Badulla,1.54,Lapala,Clay_Loam,1349,210306,21928,136016,Low,368250,137,5852
Yala,Nuwara_Eliya,1.91,Other,Loamy,1420,238577,19936,113629,Low,372142,91,5734
Maha,Badulla,1.53,Granola,Loamy,1298,219215,20924,151713,Medium,391852,122,6977
Yala,Nuwara_Eliya,0.85,Granola,Sandy_Loam,794,139809,10002,172299,High,322110,91,7743
Maha,Nuwara_Eliya,1.53,Granola,Loamy,1145,176031,14742,149383,High,340156,105,7712
Maha,Badulla,2.75,Granola,Loamy,937,140535,15039,150470,High,306044,135,7144
Yala,Badulla,2.66,Granola,Loamy,1111,167644,19088,127957,High,314689,97,7095
Yala,Badulla,1.18,Granola,Sandy_Loam,1156,203114,20677,102444,High,326235,138,7454
Yala,Nuwara_Eliya,0.97,Granola,Loamy,1508,267531,23761,160464,High,451756,127,7364
Maha,Badulla,2.05,Granola,Sandy_Loam,937,155433,17479,149344,High,322256,107,7147
Yala,Badulla,2.83,Granola,Loamy,738,121469,13393,109948,Medium,244810,103,6588
Yala,Badulla,0.99,Granola,Clay_Loam,1315,234128,26153,106238,Medium,366519,128,6147
Yala,Badulla,1.55,Lapala,Loamy,954,159199,19043,125919,Medium,304161,120,6246
Yala,Badulla,2.24,Other,Sandy_Loam,1154,173743,18483,91801,Low,284027,102,5830
Maha,Nuwara_Eliya,1.16,Granola,Sandy_Loam,1229,228947,21093,127326,High,377366,136,7381
Yala,Nuwara_Eliya,2.19,Granola,Sandy_Loam,1345,254634,21881,100179,Medium,376694,131,6293
Maha,Nuwara_Eliya,2.89,Lapala,Sandy_Loam,1478,240942,22044,121770,Medium,384756,121,6667
Maha,Badulla,2.48,Granola,Sandy_Loam,1338,214705,25640,104631,Medium,344976,139,6022
Yala,Badulla,2.47,Granola,Loamy,1433,272015,26221,126786,High,425022,131,7526
Yala,Badulla,2.54,Granola,Sandy_Loam,1212,214275,22674,175462,Medium,412411,133,6765
Yala,Badulla,0.89,Lapala,Sandy_Loam,1383,258156,25513,152367,Medium,436036,90,6065
Yala,Badulla,0.94,Granola,Sandy_Loam,1033,175563,13130,95235,High,283928,108,7250
Maha,Nuwara_Eliya,1.56,Granola,Loamy,1064,198762,13235,150605,High,362602,134,7790
Yala,Nuwara_Eliya,0.71,Lapala,Sandy_Loam,1101,193652,19199,164783,Low,377634,92,5312
Maha,Nuwara_Eliya,1.9,Other,Loamy,1256,228902,15074,105166,Low,349142,91,5776
Yala,Nuwara_Eliya,0.74,Lapala,Loamy,863,158356,14532,145268,Low,318156,116,5712
Yala,Nuwara_Eliya,3,Lapala,Clay_Loam,1100,199277,14106,110470,Low,323853,90,5542
Maha,Nuwara_Eliya,2.05,Granola,Clay_Loam,993,142979,18565,97101,Medium,258645,94,6319
Yala,Nuwara_Eliya,2.78,Granola,Sandy_Loam,1321,246241,21455,121823,Medium,389519,129,6683
Maha,Nuwara_Eliya,2.31,Lapala,Sandy_Loam,1305,182712,19443,156384,Low,358539,119,5600
Yala,Nuwara_Eliya,0.67,Other,Clay_Loam,1279,182924,19883,106762,Medium,309569,114,6055
Maha,Nuwara_Eliya,1.95,Lapala,Loamy,1224,184823,19380,150786,Low,354989,106,5689
Maha,Nuwara_Eliya,2.87,Granola,Clay_Loam,1303,236821,17172,153735,Low,407728,111,5975
Yala,Nuwara_Eliya,0.94,Lapala,Loamy,1451,258240,27697,155613,Medium,441550,136,6183
Maha,Badulla,0.54,Granola,Loamy,1337,193918,18827,105933,High,318678,91,8016
Maha,Badulla,0.88,Other,Clay_Loam,1462,205070,29063,169004,Low,403137,134,5773
Yala,Badulla,2.73,Granola,Sandy_Loam,1434,207910,27784,102669,Medium,338363,101,6918
Maha,Badulla,0.79,Granola,Loamy,1359,250387,23913,131919,Medium,406219,115,6362
Maha,Badulla,0.97,Lapala,Clay_Loam,1257,209725,22402,100931,Medium,333058,120,6248
Yala,Badulla,1.11,Other,Sandy_Loam,1149,168271,18596,146972,Low,333839,118,5381
Maha,Nuwara_Eliya,0.55,Granola,Sandy_Loam,1072,191187,16432,91521,Low,299140,120,5908
Yala,Nuwara_Eliya,1.05,Granola,Loamy,1259,200358,21041,154873,Medium,376272,102,6429
Yala,Badulla,2.04,Other,Loamy,1262,221041,17391,113508,Low,351940,115,5760
Yala,Nuwara_Eliya,1.16,Granola,Sandy_Loam,1017,151110,13038,145133,High,309281,94,7318
Maha,Nuwara_Eliya,1.12,Other,Sandy_Loam,1196,171803,22208,134373,Low,328384,132,5975
Yala,Nuwara_Eliya,2.98,Granola,Sandy_Loam,1088,153107,14093,148418,Medium,315618,118,6908
Maha,Badulla,1.67,Other,Loamy,1190,203782,21703,160553,Medium,386038,115,6743
Yala,Badulla,2.72,Granola,Loamy,911,138098,17501,165052,High,320651,117,7388
Yala,Badulla,1.48,Other,Loamy,1111,178784,16394,134833,Medium,330011,112,6124
Maha,Badulla,1.78,Granola,Loamy,1585,279561,27633,132345,Medium,439539,109,6874
Yala,Badulla,2.62,Other,Loamy,979,143728,16685,117110,Medium,277523,90,6800
Yala,Badulla,2.36,Other,Sandy_Loam,1363,231568,18665,166599,Medium,416832,111,6603
Maha,Nuwara_Eliya,0.92,Granola,Sandy_Loam,1006,189931,14737,100679,High,305347,118,7628
Yala,Nuwara_Eliya,1.76,Granola,Sandy_Loam,994,151002,18886,168116,Medium,338004,121,6744
Yala,Badulla,2.02,Granola,Loamy,1002,159457,16746,148290,High,324493,112,8143
Yala,Badulla,1.37,Granola,Loamy,925,152904,13589,155356,Medium,321849,115,6346
Maha,Badulla,0.75,Lapala,Clay_Loam,1035,161586,20088,161370,Medium,343044,136,6183
Maha,Badulla,0.71,Lapala,Sandy_Loam,1287,233145,15876,132397,Low,381418,109,5846
Yala,Badulla,1.58,Other,Loamy,1233,229475,19533,146136,Low,395144,131,5835
Yala,Nuwara_Eliya,1.52,Granola,Clay_Loam,1165,168846,19749,102932,Low,291527,116,5504
Yala,Badulla,2.19,Granola,Clay_Loam,1012,185909,15051,94093,High,295053,132,7256
Maha,Nuwara_Eliya,2.99,Granola,Sandy_Loam,1163,215635,16835,177877,High,410347,104,7725
Yala,Badulla,2.27,Granola,Loamy,1256,189875,22161,107172,Medium,319208,117,6611
Yala,Nuwara_Eliya,1,Granola,Loamy,1189,218328,21041,142196,High,381565,94,7555
Yala,Badulla,2.79,Other,Sandy_Loam,883,136282,13438,156555,Low,306275,138,5722
Yala,Nuwara_Eliya,2.94,Other,Loamy,1199,199715,16318,115620,Medium,331653,128,6035
Yala,Badulla,2.06,Lapala,Sandy_Loam,1149,169862,20604,143948,Medium,334414,92,6716
Yala,Badulla,1.33,Granola,Loamy,1413,206616,27927,139943,Medium,374486,99,6350
Maha,Badulla,2.08,Granola,Loamy,1088,195593,13487,166957,Medium,376037,122,6999
Maha,Badulla,0.55,Lapala,Loamy,1329,202406,21233,162840,High,386479,113,7386
Maha,Nuwara_Eliya,1.33,Granola,Loamy,842,144242,12035,177232,Medium,333509,120,6924
Yala,Nuwara_Eliya,1.49,Lapala,Sandy_Loam,1237,231958,15560,116573,Medium,364091,99,6300
Yala,Nuwara_Eliya,0.89,Lapala,Sandy_Loam,1415,217537,22411,157116,Low,397064,100,5814
Yala,Nuwara_Eliya,2.37,Lapala,Loamy,1327,252087,23040,179098,Medium,454225,122,6965
Maha,Badulla,1.58,Granola,Clay_Loam,1133,211364,19246,120928,Medium,351538,97,6004
Maha,Badulla,2.19,Granola,Clay_Loam,1165,177766,17431,91821,Medium,287018,116,6469
Yala,Badulla,0.54,Granola,Sandy_Loam,1467,274486,19706,99293,Medium,393485,92,6669
Yala,Badulla,1.02,Granola,Clay_Loam,1196,224762,21381,157296,Medium,403439,102,6294
Yala,Nuwara_Eliya,2.02,Granola,Clay_Loam,788,142413,12819,102704,High,257936,91,7035
Yala,Badulla,2.03,Granola,Sandy_Loam,870,123325,10699,92371,Medium,226395,126,6428
Yala,Badulla,1.58,Granola,Sandy_Loam,1347,236602,19111,100942,Medium,356655,117,6447
Yala,Badulla,2.12,Granola,Sandy_Loam,1533,268730,24947,151101,Medium,444778,133,6661
Maha,Badulla,1.96,Granola,Clay_Loam,1261,178480,22681,158291,Low,359452,137,5595
Yala,Badulla,1.33,Granola,Sandy_Loam,1007,171818,18028,159055,Medium,348901,135,6615
Yala,Badulla,1.74,Granola,Loamy,1189,198776,18719,101456,Medium,318951,122,6225
Maha,Nuwara_Eliya,2.65,Granola,Clay_Loam,1167,166097,20586,166526,High,353209,111,7290
Maha,Nuwara_Eliya,2.61,Granola,Loamy,1151,213277,22108,177883,Medium,413268,135,6341
Yala,Badulla,1.52,Other,Loamy,1480,231008,18648,170608,Low,420264,130,5431
Yala,Badulla,1.98,Lapala,Loamy,1706,240364,25040,106548,Low,371952,124,5644
Yala,Nuwara_Eliya,1.02,Lapala,Clay_Loam,935,161228,17736,157348,Low,336312,133,5954
Maha,Badulla,2.83,Granola,Clay_Loam,1112,177764,15231,172011,Medium,365006,136,6455
Maha,Nuwara_Eliya,1.93,Granola,Loamy,1416,202174,22528,142120,Medium,366822,120,6936
Yala,Nuwara_Eliya,1.41,Other,Loamy,1000,177754,18006,113898,Medium,309658,118,6810
Yala,Nuwara_Eliya,1.82,Granola,Sandy_Loam,709,134130,10733,122606,High,267469,105,7605
Yala,Badulla,2,Granola,Sandy_Loam,846,130057,15096,164927,High,310080,125,7269
Maha,Nuwara_Eliya,1.97,Granola,Loamy,1363,197580,26266,109352,Medium,333198,100,6457
Maha,Nuwara_Eliya,2.43,Other,Sandy_Loam,996,148812,14225,132833,Low,295870,137,5360
Yala,Badulla,0.76,Granola,Loamy,1106,209691,13613,101544,High,324848,101,7806
Yala,Badulla,0.68,Granola,Sandy_Loam,1369,200787,17884,92012,Medium,310683,92,6317
Yala,Badulla,2.07,Granola,Sandy_Loam,1228,189554,23972,158586,Low,372112,138,5856
Yala,Nuwara_Eliya,1.95,Granola,Clay_Loam,1000,156453,12758,179716,High,348927,103,7140
Yala,Nuwara_Eliya,2.33,Granola,Clay_Loam,1115,189766,14676,161868,Medium,366310,132,6425
Maha,Nuwara_Eliya,1.06,Granola,Loamy,1209,216239,16722,137397,High,370358,112,7310
Yala,Nuwara_Eliya,2.67,Granola,Loamy,1582,265599,27227,103866,Medium,396692,122,6460
Maha,Badulla,0.61,Granola,Clay_Loam,935,176567,16753,112698,Medium,306018,103,6742
Yala,Badulla,2.87,Granola,Clay_Loam,1512,211845,28894,114300,High,355039,123,7053
Yala,Badulla,1.61,Granola,Loamy,1195,196084,17375,122467,High,335926,123,7424
Yala,Nuwara_Eliya,2.74,Other,Sandy_Loam,803,140816,13950,107656,Low,262422,123,5369
Yala,Nuwara_Eliya,2.25,Lapala,Loamy,984,163623,19264,143568,Low,326455,122,5658
Maha,Nuwara_Eliya,1.25,Granola,Sandy_Loam,978,149445,13728,175397,Medium,338570,121,6098
Yala,Nuwara_Eliya,2.31,Lapala,Loamy,924,148209,11877,163495,Medium,323581,122,6524
Yala,Badulla,0.96,Granola,Clay_Loam,1211,217777,14956,141025,Medium,373758,109,6987
Maha,Nuwara_Eliya,1.68,Other,Loamy,1308,191544,24646,142867,Medium,359057,134,6889
Maha,Badulla,1.44,Lapala,Sandy_Loam,1289,226137,16854,163266,High,406257,120,7036
Yala,Nuwara_Eliya,0.77,Granola,Loamy,855,161147,10524,157815,Medium,329486,116,6858
Maha,Nuwara_Eliya,2.06,Granola,Loamy,1146,186209,18737,99020,Medium,303966,136,6871
Yala,Badulla,1.47,Lapala,Sandy_Loam,1311,229067,16313,115608,Low,360988,130,5418
Yala,Badulla,0.73,Lapala,Loamy,986,141302,13535,101506,Medium,256343,105,6538
Yala,Nuwara_Eliya,2.47,Lapala,Sandy_Loam,1269,203787,20038,127306,Low,351131,132,5697
Maha,Badulla,2.13,Granola,Clay_Loam,1197,204041,16996,154511,Medium,375548,119,6120
Yala,Nuwara_Eliya,2.38,Granola,Clay_Loam,1004,161658,16683,168565,Medium,346906,133,6211
Maha,Nuwara_Eliya,1.58,Granola,Clay_Loam,1209,209258,17516,118800,Medium,345574,106,6809
Maha,Badulla,2.82,Granola,Clay_Loam,1161,172496,21098,110107,High,303701,94,7186
Yala,Badulla,1.51,Lapala,Sandy_Loam,1111,184630,17645,121851,Low,324126,134,5578
Maha,Nuwara_Eliya,1.94,Lapala,Loamy,1368,218245,26775,112195,Medium,357215,123,6979
Maha,Nuwara_Eliya,2.71,Granola,Sandy_Loam,1367,229732,19687,126021,High,375440,124,7628
Maha,Nuwara_Eliya,2.68,Lapala,Sandy_Loam,1040,177561,19545,133224,Low,330330,133,5938
Maha,Badulla,1.79,Other,Sandy_Loam,1218,201333,16782,139030,Medium,357145,97,6443
Maha,Nuwara_Eliya,1.39,Granola,Sandy_Loam,1365,256637,19150,168747,High,444534,136,7147
Maha,Badulla,2.88,Lapala,Loamy,1193,194478,19722,103444,High,317644,113,7156
Maha,Nuwara_Eliya,1.18,Granola,Loamy,1381,243630,25396,175067,Medium,444093,120,6614
Yala,Nuwara_Eliya,2.44,Granola,Sandy_Loam,1240,196439,21953,93625,Medium,312017,109,6608
Yala,Nuwara_Eliya,2.37,Granola,Clay_Loam,1281,187803,21474,130440,Low,339717,111,5980
Maha,Nuwara_Eliya,0.77,Granola,Loamy,962,138617,13859,110202,Medium,262678,117,6834
Yala,Badulla,2.91,Granola,Sandy_Loam,1328,186801,21755,156896,Low,365452,100,5904
Maha,Badulla,1.6,Granola,Loamy,948,169191,12174,159205,High,340570,124,7657
Yala,Badulla,1.68,Granola,Sandy_Loam,691,129838,11545,90994,High,232377,92,7805
Yala,Nuwara_Eliya,2.42,Granola,Sandy_Loam,1232,205271,17664,149019,Medium,371954,122,6207
Yala,Badulla,1.58,Granola,Clay_Loam,1154,215118,18729,157842,Medium,391689,111,6936
Yala,Badulla,2.12,Granola,Clay_Loam,1471,272295,23634,126946,Medium,422875,133,6929
Maha,Nuwara_Eliya,2.85,Granola,Loamy,1467,224156,25357,122808,Medium,372321,129,6329
Yala,Badulla,1.01,Granola,Sandy_Loam,1160,163225,21177,163106,High,347508,98,7288
Maha,Badulla,2.58,Granola,Clay_Loam,1158,172520,20035,150489,Medium,343044,102,6120
Yala,Badulla,2.4,Granola,Sandy_Loam,1026,186902,18205,174927,High,380034,124,7698
Yala,Badulla,2,Other,Sandy_Loam,1194,168997,21241,171492,Low,361730,129,5945
Maha,Badulla,1.84,Other,Sandy_Loam,1340,211159,16754,146030,Low,373943,99,5920
Yala,Badulla,2.46,Granola,Sandy_Loam,1302,222704,24159,158524,Low,405387,139,5796
Maha,Nuwara_Eliya,1.07,Granola,Loamy,1287,222723,15896,165293,Medium,403912,102,6994
Yala,Nuwara_Eliya,1.57,Granola,Loamy,1051,168235,19042,172365,Medium,359642,110,6976
Yala,Nuwara_Eliya,2.86,Granola,Loamy,1294,188314,22026,106807,High,317147,115,7202
Maha,Nuwara_Eliya,1.66,Granola,Loamy,1454,267118,19437,128328,High,414883,99,7725
Maha,Badulla,1.38,Granola,Clay_Loam,1547,285965,29723,119565,Low,435253,137,5539
Maha,Badulla,1.5,Granola,Clay_Loam,1285,214971,18896,112580,Low,346447,119,5894
Yala,Nuwara_Eliya,2.09,Other,Sandy_Loam,1356,234883,18938,168010,Low,421831,111,5006
Yala,Badulla,2.41,Granola,Loamy,1354,236559,25916,147035,Medium,409510,101,6183
Yala,Nuwara_Eliya,0.62,Lapala,Loamy,1188,179621,22364,112863,High,314848,105,7162
Yala,Nuwara_Eliya,1.04,Granola,Loamy,1382,231380,17867,92079,High,341326,92,8113
Yala,Badulla,1.68,Lapala,Sandy_Loam,1138,167431,21287,155809,Low,344527,123,5513
Maha,Badulla,2.43,Other,Loamy,1171,204016,14230,153618,Low,371864,121,5447
Yala,Nuwara_Eliya,0.67,Lapala,Loamy,1300,204088,20830,131680,Medium,356598,97,6686
Maha,Badulla,2.79,Other,Sandy_Loam,1244,218882,22897,134413,Low,376192,95,5691
Yala,Badulla,1.99,Lapala,Loamy,1181,203937,14350,101458,High,319745,129,7423
Maha,Badulla,1.4,Granola,Loamy,1290,229134,25150,97870,Medium,352154,117,6612
Yala,Nuwara_Eliya,1.05,Granola,Loamy,984,151175,13309,169467,High,333951,125,7929
Maha,Nuwara_Eliya,1.28,Granola,Loamy,1161,204609,17180,118199,High,339988,119,7003
Maha,Badulla,2.03,Granola,Clay_Loam,1611,235747,28779,114228,High,378754,112,7202
Maha,Badulla,1.55,Lapala,Sandy_Loam,1031,154231,17164,135538,Low,306933,109,5492
Yala,Nuwara_Eliya,0.68,Granola,Loamy,1293,205309,23355,137722,Medium,366386,125,6626
Maha,Nuwara_Eliya,2.24,Granola,Sandy_Loam,1157,196075,20217,123293,Medium,339585,112,6453
Yala,Badulla,0.83,Other,Sandy_Loam,1163,182142,22336,98898,Low,303376,95,5450
Maha,Badulla,1.71,Lapala,Clay_Loam,1391,223576,16889,167559,Medium,408024,98,6105
Yala,Badulla,1.58,Lapala,Loamy,1165,195775,15309,140104,Medium,351188,105,6299
Yala,Nuwara_Eliya,2.83,Lapala,Loamy,889,153131,16703,126146,Low,295980,131,5835
Yala,Badulla,1.85,Granola,Loamy,1006,161855,14189,96390,High,272434,117,7973
Maha,Nuwara_Eliya,1.12,Granola,Clay_Loam,1237,217892,21667,177134,Low,416693,129,5755
Yala,Nuwara_Eliya,2.91,Granola,Loamy,1573,298677,22952,136267,Medium,457896,133,6829
Maha,Nuwara_Eliya,2.87,Granola,Sandy_Loam,1121,191758,13483,173801,Medium,379042,108,6589
Yala,Badulla,1.44,Granola,Sandy_Loam,1287,181330,17670,96253,High,295253,118,7323
Maha,Nuwara_Eliya,1.94,Other,Loamy,1367,197890,17709,160478,Low,376077,107,5586
Maha,Nuwara_Eliya,2.11,Granola,Sandy_Loam,1080,156706,13591,131602,High,301899,105,7030
Yala,Badulla,0.8,Other,Sandy_Loam,799,140306,14969,131745,Low,287020,128,5842
Yala,Nuwara_Eliya,1.34,Granola,Loamy,953,139273,12081,94184,Medium,245538,95,6805
Yala,Nuwara_Eliya,0.97,Other,Clay_Loam,950,157725,16903,122969,Medium,297597,91,6178
Maha,Badulla,2.87,Granola,Loamy,1495,211040,22191,156587,Medium,389818,115,6592
Yala,Nuwara_Eliya,1.81,Granola,Clay_Loam,600,93626,9501,163054,Medium,266181,127,6006
Maha,Badulla,2.25,Granola,Clay_Loam,1122,160153,19776,170213,High,350142,121,7308
Maha,Nuwara_Eliya,1.46,Other,Loamy,1042,156639,20588,92250,Low,269477,129,5763
Maha,Nuwara_Eliya,0.85,Granola,Loamy,1182,185744,18140,173605,High,377489,135,7601
Maha,Nuwara_Eliya,1.3,Granola,Sandy_Loam,1522,260537,24129,126059,High,410725,139,7455
Maha,Nuwara_Eliya,1.17,Granola,Loamy,1153,208392,17149,142237,Medium,367778,93,6443
Yala,Badulla,2.02,Other,Clay_Loam,1190,188725,17124,167252,Low,373101,139,5724
Yala,Nuwara_Eliya,2.45,Granola,Sandy_Loam,1301,183516,19116,103002,High,305634,101,7627
Maha,Nuwara_Eliya,1.05,Granola,Sandy_Loam,1380,230053,18969,104781,Medium,353803,101,6805
Yala,Badulla,2.87,Granola,Loamy,1021,176300,14535,141366,High,332201,128,8056
Yala,Badulla,1.34,Granola,Clay_Loam,1439,266314,18302,101873,Low,386489,114,5697
Maha,Badulla,2.87,Other,Loamy,1411,205826,24715,126795,Low,357336,100,5912
Maha,Nuwara_Eliya,1.8,Lapala,Loamy,1258,223500,22752,95393,High,341645,90,7435
Yala,Badulla,2.56,Granola,Loamy,1198,192120,21074,171375,Medium,384569,130,6656
Yala,Badulla,2.58,Other,Loamy,980,174860,16398,117945,Low,309203,139,5246
Yala,Nuwara_Eliya,2.73,Granola,Clay_Loam,1507,254916,29366,168087,Low,452369,106,5655
Maha,Badulla,1.79,Granola,Clay_Loam,1114,204335,19066,130275,Medium,353676,123,6860
Maha,Badulla,2.89,Granola,Sandy_Loam,1125,169833,16247,177776,High,363856,125,7232
Yala,Nuwara_Eliya,2.33,Lapala,Sandy_Loam,982,148696,15107,166164,Medium,329967,123,6632
Maha,Badulla,1.62,Lapala,Loamy,1056,162508,18308,170626,Medium,351442,118,6563
Maha,Badulla,2.29,Lapala,Clay_Loam,1391,215618,25109,129065,Medium,369792,117,6449
Yala,Nuwara_Eliya,1.36,Lapala,Sandy_Loam,1170,198118,22553,106963,Low,327634,130,5512
Maha,Nuwara_Eliya,2.5,Lapala,Clay_Loam,1028,171326,13158,142982,Low,327466,128,5171
Yala,Nuwara_Eliya,0.53,Granola,Clay_Loam,1085,204713,15519,170037,Medium,390269,134,6959
Maha,Badulla,1.52,Granola,Sandy_Loam,1393,214035,23697,164514,Medium,402246,125,6758
Yala,Nuwara_Eliya,2.97,Lapala,Sandy_Loam,1387,243860,21686,132674,Low,398220,113,5331
Yala,Badulla,2.51,Granola,Sandy_Loam,1411,257951,22470,109501,Low,389922,98,5780
Maha,Badulla,0.78,Granola,Loamy,787,136728,9794,101154,Medium,247676,114,6790
Yala,Badulla,0.67,Other,Sandy_Loam,1444,210940,18079,177738,Low,406757,124,5656
Maha,Badulla,2.99,Lapala,Loamy,1162,212446,20654,169550,Low,402650,120,5788
Maha,Badulla,0.62,Granola,Loamy,1022,180607,17874,118629,Medium,317110,98,6288
Yala,Nuwara_Eliya,1.63,Granola,Clay_Loam,1297,229788,24026,151746,Medium,405560,112,6226
Yala,Nuwara_Eliya,1.79,Lapala,Clay_Loam,1705,316779,24248,106910,Medium,447937,103,6334
Yala,Badulla,0.93,Granola,Loamy,1109,160136,19562,122411,Medium,302109,92,6407
Maha,Badulla,1.97,Other,Sandy_Loam,1383,231411,21266,145680,Low,398357,112,5358
Maha,Nuwara_Eliya,2.68,Granola,Clay_Loam,808,114264,14190,162675,Low,291129,123,5784
Yala,Badulla,0.77,Granola,Sandy_Loam,926,142404,12410,159724,Low,314538,137,5984
Yala,Badulla,2.9,Granola,Clay_Loam,1275,198705,21973,97202,Medium,317880,102,6990
Maha,Nuwara_Eliya,2.82,Granola,Clay_Loam,1166,189414,23126,176385,High,388925,106,7207
Maha,Nuwara_Eliya,1.03,Lapala,Loamy,1128,161913,17147,141922,High,320982,132,7436
Maha,Nuwara_Eliya,0.65,Lapala,Sandy_Loam,1273,206728,18425,135215,Medium,360368,106,6678
Yala,Badulla,0.62,Granola,Sandy_Loam,1045,156582,17911,131227,Low,305720,129,5829
Maha,Nuwara_Eliya,2.98,Lapala,Loamy,1333,193830,22830,137086,Medium,353746,134,6952
Maha,Nuwara_Eliya,1.59,Granola,Sandy_Loam,1569,292662,24204,119825,High,436691,138,7541
Yala,Nuwara_Eliya,1.66,Granola,Loamy,1398,262671,21297,168779,High,452747,99,7242
Yala,Badulla,2.41,Granola,Sandy_Loam,1159,198620,19157,145093,Medium,362870,117,6336
Maha,Badulla,1.31,Lapala,Clay_Loam,1119,175978,16470,170995,Low,363443,92,5625
Maha,Nuwara_Eliya,0.57,Granola,Loamy,973,177556,15082,177140,High,369778,137,7725
Yala,Badulla,2.27,Other,Loamy,1401,220336,25250,128210,Medium,373796,131,6779
Maha,Nuwara_Eliya,2.56,Granola,Loamy,890,150377,14800,108621,High,273798,129,7421
Yala,Nuwara_Eliya,1.08,Other,Clay_Loam,1220,184815,14987,162407,Low,362209,120,4850
Maha,Nuwara_Eliya,1.63,Lapala,Loamy,960,180361,17500,156305,Medium,354166,124,6360
Maha,Nuwara_Eliya,1.24,Granola,Loamy,1167,186235,15441,123913,High,325589,121,7241
Yala,Nuwara_Eliya,1.36,Lapala,Clay_Loam,1266,200173,18889,169147,Medium,388209,91,6752
Maha,Badulla,2.2,Granola,Sandy_Loam,1517,249150,19487,115012,Medium,383649,134,6901
Maha,Badulla,0.68,Lapala,Sandy_Loam,1243,200979,20815,111005,Medium,332799,137,6365
Yala,Nuwara_Eliya,1.62,Lapala,Loamy,1683,260262,29344,118394,Low,408000,129,5788
Yala,Badulla,0.67,Granola,Clay_Loam,834,126459,14123,135810,High,276392,139,7396
Yala,Nuwara_Eliya,1.61,Granola,Sandy_Loam,1400,203110,20477,96774,Medium,320361,93,6179
Maha,Badulla,1.71,Granola,Loamy,859,146671,17023,100018,High,263712,100,7082
Yala,Nuwara_Eliya,2.43,Other,Loamy,1274,241552,16336,94767,Medium,352655,132,6870
Yala,Badulla,0.78,Granola,Loamy,1424,254621,23183,161774,Medium,439578,119,6742
Yala,Badulla,1.25,Other,Sandy_Loam,1335,203059,20684,156640,Low,380383,112,5049
Maha,Nuwara_Eliya,2.48,Lapala,Sandy_Loam,1266,238054,15606,97022,Medium,350682,134,6786
Yala,Badulla,2.86,Lapala,Loamy,1135,200250,19483,178717,Medium,398450,100,6701
Yala,Nuwara_Eliya,0.7,Granola,Loamy,1232,201419,17311,170210,High,388940,114,7352
Maha,Nuwara_Eliya,1.46,Other,Sandy_Loam,1193,187569,20287,171936,Low,379792,103,5808
Yala,Nuwara_Eliya,0.93,Lapala,Sandy_Loam,977,152113,17071,109398,Low,278582,110,5620
Yala,Badulla,2.93,Granola,Clay_Loam,1469,215966,24530,108087,High,348583,129,7009
Maha,Nuwara_Eliya,0.99,Lapala,Clay_Loam,1049,156738,16788,161390,Medium,334916,97,6172
Yala,Badulla,1.35,Lapala,Loamy,1140,205885,15101,161095,Low,382081,93,5912
Maha,Badulla,1.06,Granola,Clay_Loam,702,115242,12861,132954,Medium,261057,129,6327
Yala,Nuwara_Eliya,1.32,Granola,Loamy,1184,174528,21894,127853,High,324275,128,8113
Yala,Badulla,2.88,Granola,Loamy,1282,219537,15535,157324,Medium,392396,94,6625
Maha,Nuwara_Eliya,1.63,Granola,Clay_Loam,1354,249054,23634,138696,Low,411384,138,5723
Maha,Nuwara_Eliya,0.82,Granola,Sandy_Loam,1253,208804,21427,117346,Medium,347577,117,6167
Maha,Badulla,1.94,Lapala,Loamy,863,126118,14258,114308,Medium,254684,109,6316
Yala,Badulla,0.5,Other,Sandy_Loam,1291,225987,25155,149910,Low,401052,103,5922
Maha,Badulla,1.89,Granola,Clay_Loam,1575,271829,21278,95671,Low,388778,111,5521
Yala,Nuwara_Eliya,1.42,Granola,Clay_Loam,984,144125,15830,103830,Low,263785,120,5791
Yala,Badulla,2.57,Granola,Loamy,1020,166313,18695,132112,High,317120,118,7763
Maha,Nuwara_Eliya,1.4,Granola,Sandy_Loam,1441,232871,24148,121382,High,378401,106,7323
Yala,Nuwara_Eliya,2.2,Granola,Loamy,1323,230302,19574,109136,Medium,359012,108,6651
Maha,Badulla,2.63,Granola,Loamy,1034,165100,12938,110364,High,288402,129,7792
Yala,Nuwara_Eliya,1.34,Granola,Loamy,1337,253506,23056,138788,High,415350,128,7868
Maha,Nuwara_Eliya,0.54,Granola,Sandy_Loam,1223,211909,24034,108130,Medium,344073,133,6435
Yala,Badulla,1.24,Granola,Clay_Loam,1194,213902,15010,168517,High,397429,121,7216
Yala,Badulla,1.66,Other,Loamy,1052,197494,15427,140869,Low,353790,110,5900
Yala,Badulla,1.84,Lapala,Loamy,970,178927,16804,145506,Medium,341237,121,6112
Maha,Badulla,2.5,Granola,Loamy,1356,197615,27030,117222,High,341867,121,7314
Yala,Badulla,1.23,Lapala,Loamy,693,111266,12045,160585,High,283896,123,7290
Yala,Badulla,1.95,Granola,Clay_Loam,1188,173552,19905,121040,Medium,314497,91,6540
Maha,Nuwara_Eliya,0.75,Lapala,Clay_Loam,1209,214996,22462,109484,Low,346942,103,5374
Maha,Nuwara_Eliya,2.17,Granola,Loamy,1043,178642,16648,114765,High,310055,113,7729
Yala,Badulla,1.19,Granola,Loamy,1158,184609,21498,130604,High,336711,120,7987
Yala,Badulla,1.18,Granola,Loamy,1294,223166,16373,102184,High,341723,97,7419
Yala,Nuwara_Eliya,2.65,Other,Loamy,1149,178656,15997,122288,Medium,316941,135,6227
Maha,Nuwara_Eliya,1.31,Granola,Loamy,1268,195545,22465,141105,Medium,359115,138,6653
Yala,Nuwara_Eliya,1.36,Granola,Loamy,1135,170481,19916,172534,Medium,362931,109,6454
Yala,Badulla,2.85,Lapala,Clay_Loam,1202,183145,18283,154697,Low,356125,133,5775
Maha,Badulla,2.83,Granola,Clay_Loam,1362,201528,21616,109658,Medium,332802,120,6573
Yala,Badulla,2.66,Lapala,Sandy_Loam,1103,161482,17121,169893,Low,348496,102,5965
Maha,Nuwara_Eliya,2.38,Granola,Sandy_Loam,1083,163945,21550,140389,Medium,325884,124,6021
Yala,Nuwara_Eliya,1.48,Granola,Sandy_Loam,1257,178852,17115,161276,Medium,357243,127,6751
Maha,Badulla,2.02,Granola,Loamy,1110,190942,17197,98317,High,306456,135,7736
Yala,Badulla,1.81,Granola,Clay_Loam,971,136946,11897,135662,Low,284505,126,5725
Yala,Nuwara_Eliya,1.32,Granola,Loamy,1279,214847,22356,176739,High,413942,136,7290
Yala,Badulla,0.71,Granola,Loamy,1504,238164,24608,136472,Medium,399244,94,6757
Yala,Badulla,0.78,Lapala,Clay_Loam,1273,229263,22677,161398,Medium,413338,123,6190
Yala,Nuwara_Eliya,1.79,Granola,Sandy_Loam,1278,206611,18164,177722,Medium,402497,102,6410
Maha,Badulla,2.29,Lapala,Loamy,831,131968,13082,127745,High,272795,98,7338
Yala,Nuwara_Eliya,2.2,Other,Loamy,1255,225837,15423,178561,Low,419821,112,5832
Yala,Badulla,0.91,Lapala,Loamy,874,130858,15731,114795,Medium,261384,109,6265
Maha,Badulla,1.58,Granola,Sandy_Loam,1079,183040,20683,99790,High,303513,113,7310
Yala,Nuwara_Eliya,0.75,Granola,Sandy_Loam,1293,245401,17363,178418,Medium,441182,108,6188
Maha,Nuwara_Eliya,2.03,Granola,Loamy,1027,184509,17257,99036,Medium,300802,137,6236
Yala,Badulla,1.56,Granola,Loamy,1110,193590,21842,131258,Medium,346690,116,6582
Maha,Badulla,2.93,Lapala,Sandy_Loam,1743,286890,32104,150336,Low,469330,96,5914
Maha,Nuwara_Eliya,1.67,Granola,Loamy,889,167125,14366,126062,High,307553,116,7737
Yala,Badulla,0.95,Granola,Sandy_Loam,1328,210565,16736,176251,High,403552,111,7051
Yala,Badulla,1.87,Granola,Sandy_Loam,1271,229018,20874,133970,Low,383862,95,5951
Maha,Badulla,1.28,Other,Sandy_Loam,1246,184866,24705,123753,Low,333324,95,5789
Yala,Badulla,2.72,Granola,Clay_Loam,1623,249250,19982,166301,Medium,435533,133,6646
Maha,Badulla,1.95,Lapala,Loamy,859,137537,15562,111953,Medium,265052,131,6267
Maha,Nuwara_Eliya,2.85,Lapala,Sandy_Loam,1321,231941,25554,112366,Medium,369861,120,6014
Yala,Badulla,2.08,Lapala,Loamy,1228,192702,21199,154595,Low,368496,117,5644
Maha,Nuwara_Eliya,1.21,Granola,Sandy_Loam,1466,206584,26454,113880,Medium,346918,105,6856
Yala,Badulla,2.71,Granola,Loamy,1269,196208,19499,153602,High,369309,138,7982
Yala,Nuwara_Eliya,3,Granola,Loamy,1410,255480,19169,95469,Medium,370118,101,6981
Maha,Nuwara_Eliya,2.06,Granola,Sandy_Loam,1136,161037,15162,155507,Medium,331706,99,6823
Maha,Nuwara_Eliya,2.63,Granola,Loamy,1230,227536,15922,117960,High,361418,128,7232
Maha,Badulla,1.46,Other,Sandy_Loam,1132,160925,22407,91545,Low,274877,137,5571
Maha,Nuwara_Eliya,2.22,Other,Clay_Loam,1386,205192,18641,140898,Low,364731,121,5905
Yala,Nuwara_Eliya,2.9,Lapala,Clay_Loam,732,138244,12192,168018,Medium,318454,137,6199
Maha,Badulla,0.51,Granola,Loamy,1418,211707,19905,117444,Medium,349056,108,6969
Yala,Badulla,0.61,Lapala,Sandy_Loam,1610,292028,24828,147700,Medium,464556,137,6831
Yala,Nuwara_Eliya,2.11,Granola,Sandy_Loam,1029,194549,16614,173487,High,384650,110,7817
Maha,Badulla,1.97,Granola,Loamy,1086,195292,15536,107489,Medium,318317,138,6843
Maha,Badulla,2.02,Granola,Clay_Loam,1362,236609,20743,167614,Medium,424966,99,6545
Yala,Badulla,2.06,Lapala,Sandy_Loam,1045,171588,18407,110447,Low,300442,90,5907
Yala,Nuwara_Eliya,2.24,Granola,Loamy,1093,172480,14601,99567,High,286648,135,8205
Yala,Badulla,0.64,Granola,Loamy,1069,160396,19449,154132,Medium,333977,121,6898
Maha,Badulla,2.92,Granola,Loamy,1006,167279,12806,129280,High,309365,119,7187
Yala,Nuwara_Eliya,1.86,Other,Loamy,1127,161522,18499,99444,Low,279465,91,5489
Maha,Nuwara_Eliya,2.26,Granola,Sandy_Loam,1224,182527,20694,127076,High,330297,122,7809
Yala,Badulla,2.71,Granola,Clay_Loam,1040,150365,13414,155406,Medium,319185,137,6674
Yala,Nuwara_Eliya,1.16,Granola,Loamy,905,142566,12608,95608,Medium,250782,98,6335
Yala,Badulla,0.85,Granola,Sandy_Loam,1015,158279,12596,125610,Medium,296485,99,6925
Yala,Nuwara_Eliya,1.83,Granola,Loamy,1219,221961,16767,156079,Medium,394807,127,6966
Yala,Badulla,1.68,Granola,Loamy,1187,196102,22307,111207,High,329616,136,8114
Maha,Badulla,1.41,Granola,Sandy_Loam,1184,198833,22258,179639,Medium,400730,115,6484
Yala,Badulla,0.51,Granola,Sandy_Loam,1203,223545,20480,165630,High,409655,97,7524
Maha,Badulla,0.93,Granola,Clay_Loam,1462,207034,22953,118212,High,348199,123,7118
Yala,Nuwara_Eliya,1.57,Other,Sandy_Loam,1171,177645,17910,154448,Low,350003,95,5400
Yala,Nuwara_Eliya,0.86,Lapala,Loamy,1384,223723,23767,114473,Medium,361963,109,6967
Yala,Badulla,1.82,Granola,Loamy,867,140292,14792,100901,High,255985,103,7156
Maha,Badulla,2.67,Other,Clay_Loam,990,140921,19386,101586,Low,261893,91,5368
Maha,Nuwara_Eliya,0.96,Granola,Loamy,1005,167991,19990,128914,High,316895,122,8145
Maha,Badulla,1.29,Granola,Sandy_Loam,1314,211642,24745,159439,High,395826,93,7047
Yala,Nuwara_Eliya,1.89,Other,Clay_Loam,878,133210,14276,100282,Low,247768,117,4685
Maha,Badulla,1.05,Other,Sandy_Loam,1052,165671,13405,136512,Low,315588,100,5863
Yala,Nuwara_Eliya,2.04,Lapala,Sandy_Loam,812,132339,10955,147270,Low,290564,115,5462
Maha,Badulla,1.7,Other,Sandy_Loam,1225,213244,18022,141427,Medium,372693,112,6076
Maha,Nuwara_Eliya,1.73,Granola,Loamy,1220,223444,18706,156947,Medium,399097,132,6733
Maha,Nuwara_Eliya,1.39,Lapala,Loamy,806,125269,14052,140889,Medium,280210,111,6588
Yala,Nuwara_Eliya,1.41,Lapala,Loamy,977,175421,16346,110684,Medium,302451,113,6326
Maha,Nuwara_Eliya,0.58,Other,Sandy_Loam,1345,237899,16168,146541,Low,400608,119,5864
Maha,Badulla,1.89,Other,Loamy,1099,198540,21456,120212,Medium,340208,116,6379
Maha,Nuwara_Eliya,1.74,Granola,Clay_Loam,1295,238064,22800,149015,Medium,409879,126,6200
Yala,Nuwara_Eliya,0.64,Granola,Sandy_Loam,1076,151030,21417,149295,Medium,321742,108,6739
Maha,Nuwara_Eliya,1.36,Lapala,Clay_Loam,1194,178152,22355,100940,Low,301447,100,5072
Yala,Badulla,2.79,Granola,Loamy,1312,228943,24872,161722,High,415537,107,7727
Yala,Nuwara_Eliya,0.77,Other,Loamy,1106,183630,16734,176393,Medium,376757,106,6598
Yala,Badulla,1.45,Lapala,Clay_Loam,1042,192160,15734,141860,Low,349754,131,5339
Yala,Nuwara_Eliya,2.73,Granola,Loamy,1347,244671,16371,100098,Medium,361140,139,6669
Maha,Badulla,0.96,Granola,Sandy_Loam,1386,230762,25984,111145,Medium,367891,112,6097
Yala,Badulla,1.13,Granola,Loamy,1562,220770,19892,151733,High,392395,111,7921
Maha,Nuwara_Eliya,2.66,Granola,Loamy,1059,161022,16922,175010,High,352954,112,7486
Yala,Badulla,2.68,Granola,Loamy,1018,182463,18852,173459,Medium,374774,125,6594
Yala,Nuwara_Eliya,0.58,Lapala,Sandy_Loam,1305,227544,19005,107886,Low,354435,132,5631
Yala,Badulla,1.02,Granola,Loamy,1241,231950,24484,177642,High,434076,91,8095
Maha,Nuwara_Eliya,2.86,Lapala,Sandy_Loam,1166,221024,17931,101804,High,340759,138,7100
Yala,Badulla,1.44,Lapala,Clay_Loam,1119,173679,17626,168643,Medium,359948,92,6577
Maha,Badulla,2.29,Granola,Clay_Loam,1143,166394,20154,155552,Low,342100,134,5593
Yala,Nuwara_Eliya,2,Lapala,Loamy,1347,215313,22458,156412,Medium,394183,105,6478
Yala,Nuwara_Eliya,1.08,Granola,Clay_Loam,1507,257114,21527,148820,Medium,427461,122,6639
Maha,Nuwara_Eliya,2.92,Lapala,Loamy,1053,154434,14356,159004,Low,327794,104,5575
Maha,Badulla,0.92,Granola,Loamy,1112,206853,21165,131120,High,359138,110,7257
Yala,Badulla,0.63,Other,Loamy,904,135527,14264,134245,Low,284036,90,5446
Yala,Badulla,1.12,Granola,Clay_Loam,1407,266638,28137,138013,High,432788,131,7410
Yala,Nuwara_Eliya,1.13,Granola,Loamy,1029,187975,17194,168633,High,373802,129,7512
Yala,Badulla,1.54,Granola,Loamy,1659,290741,23421,109972,Medium,424134,123,6292
Maha,Nuwara_Eliya,2.11,Lapala,Sandy_Loam,1457,250808,23542,151361,Low,425711,112,5719
Maha,Badulla,1.9,Granola,Clay_Loam,950,142585,11936,159552,Medium,314073,102,6671
Maha,Nuwara_Eliya,1.8,Granola,Loamy,873,125374,15676,158217,High,299267,139,7996
Yala,Nuwara_Eliya,2.93,Granola,Loamy,1176,183176,22966,166456,High,372598,132,7166
Yala,Nuwara_Eliya,0.95,Granola,Clay_Loam,1396,215748,25623,134143,Medium,375514,91,6969
Maha,Nuwara_Eliya,0.71,Other,Loamy,1108,207528,19606,156749,Medium,383883,114,6043
Maha,Badulla,2.73,Other,Loamy,1132,211510,13594,170481,Low,395585,105,5745
Maha,Nuwara_Eliya,1.29,Granola,Clay_Loam,967,160070,14827,109724,Medium,284621,126,6714
Yala,Nuwara_Eliya,2.81,Granola,Loamy,1129,169705,14775,128217,Medium,312697,96,6959
Maha,Badulla,1.18,Granola,Sandy_Loam,1058,164987,21099,151058,Medium,337144,126,6214
Maha,Nuwara_Eliya,1.19,Granola,Loamy,1253,187496,20797,119529,Medium,327822,131,6463
Yala,Badulla,1.7,Granola,Clay_Loam,1189,171607,19903,158288,Medium,349798,99,6592
Yala,Nuwara_Eliya,2.42,Lapala,Clay_Loam,1494,279204,22774,141189,Medium,443167,129,6238
Maha,Nuwara_Eliya,0.53,Granola,Loamy,1029,180544,13045,156744,Medium,350333,124,6606
Yala,Badulla,2.07,Lapala,Clay_Loam,1054,192467,20783,142324,Medium,355574,135,6435
Maha,Badulla,0.53,Other,Loamy,1132,180890,16042,116249,Medium,313181,96,6648
Maha,Nuwara_Eliya,1.28,Granola,Sandy_Loam,1253,191348,17632,133950,Medium,342930,122,6027
Yala,Badulla,2.1,Other,Loamy,1211,178174,16346,170238,Medium,364758,90,6668
Yala,Badulla,2.98,Granola,Sandy_Loam,1060,199437,19771,131719,Medium,350927,126,6041
Maha,Badulla,1.2,Granola,Loamy,1279,208236,20782,103173,High,332191,96,7318
Maha,Badulla,0.74,Granola,Clay_Loam,1052,151081,19995,137185,Medium,308261,110,6091
Yala,Nuwara_Eliya,2.58,Granola,Loamy,1131,209455,13973,119019,High,342447,118,7178
Maha,Badulla,0.67,Granola,Loamy,1200,208333,23529,133704,High,365566,113,7471
Yala,Nuwara_Eliya,2.8,Lapala,Loamy,1327,236497,24839,116295,Medium,377631,136,6613
Yala,Badulla,1.99,Granola,Clay_Loam,994,145266,13954,163226,High,322446,120,7115
Yala,Nuwara_Eliya,1.44,Other,Loamy,1118,203964,14660,142219,Medium,360843,134,6041
Yala,Nuwara_Eliya,2.51,Lapala,Clay_Loam,1307,212180,17494,94302,Low,323976,102,5259
Maha,Nuwara_Eliya,0.96,Granola,Loamy,1265,199748,24229,96317,High,320294,139,7389
Maha,Nuwara_Eliya,2.2,Lapala,Loamy,1435,262722,18950,115095,Low,396767,94,5945
Yala,Nuwara_Eliya,2.79,Granola,Loamy,1388,263560,25021,177371,High,465952,129,8132
Yala,Nuwara_Eliya,0.7,Granola,Sandy_Loam,1215,191406,17237,141965,Low,350608,136,5851
Yala,Nuwara_Eliya,2.31,Other,Clay_Loam,1224,183861,20026,158881,Low,362768,134,5988
Maha,Nuwara_Eliya,2,Granola,Loamy,1519,227866,19603,165844,Medium,413313,102,6678
Maha,Badulla,1.45,Granola,Loamy,1232,184143,18344,167581,High,370068,111,8030
Maha,Badulla,1.5,Lapala,Loamy,1051,151842,18093,133824,High,303759,129,7322
Yala,Badulla,2.5,Other,Clay_Loam,1377,215972,17669,141635,Medium,375276,118,6257
Maha,Nuwara_Eliya,2.23,Granola,Loamy,1416,240158,23110,134451,Medium,397719,115,6420
Maha,Nuwara_Eliya,0.75,Granola,Clay_Loam,1140,192339,20687,115994,Medium,329020,110,6506
Yala,Badulla,0.56,Granola,Sandy_Loam,1290,185348,17437,120406,Medium,323191,93,6171
Yala,Nuwara_Eliya,2.2,Granola,Loamy,921,129875,15193,131875,Medium,276943,122,6383
Maha,Nuwara_Eliya,2.73,Granola,Sandy_Loam,1245,230112,17927,106364,Medium,354403,112,6278
Yala,Nuwara_Eliya,2.66,Lapala,Loamy,1083,168959,16314,146723,Medium,331996,112,6761
Maha,Nuwara_Eliya,2.32,Granola,Sandy_Loam,1409,237770,18138,106037,High,361945,92,7430
Yala,Nuwara_Eliya,1.29,Granola,Loamy,1576,297071,24395,126543,High,448009,108,7840
Yala,Nuwara_Eliya,1.36,Lapala,Loamy,1247,192622,21363,106735,Medium,320720,105,6482
Yala,Nuwara_Eliya,0.77,Other,Loamy,1169,190973,15668,102698,Medium,309339,96,6003
Yala,Badulla,2.95,Granola,Loamy,1217,183540,19412,158041,Medium,360993,116,6680
Yala,Nuwara_Eliya,2.4,Granola,Loamy,1107,163431,21137,155871,Medium,340439,118,6549
Yala,Badulla,1.8,Granola,Loamy,1066,201095,16761,173387,Medium,391243,90,6599
Maha,Badulla,2.42,Granola,Clay_Loam,1297,224755,22828,150638,Medium,398221,109,6814
Maha,Badulla,1.33,Other,Loamy,1393,219333,18188,101395,Medium,338916,130,6854
Maha,Badulla,2.83,Other,Loamy,1049,160385,13378,118366,Low,292129,133,5810
Yala,Badulla,1.08,Other,Clay_Loam,1230,173319,16025,134648,Low,323992,113,5854
Maha,Badulla,2.11,Lapala,Loamy,899,132464,14909,177972,Medium,325345,101,6227
Maha,Nuwara_Eliya,1.17,Granola,Sandy_Loam,1245,176715,24472,94165,High,295352,134,7604
Maha,Nuwara_Eliya,0.7,Granola,Loamy,1580,299125,24540,136636,High,460301,116,7224
Maha,Nuwara_Eliya,0.52,Granola,Loamy,1178,170901,20778,108442,High,300121,134,8058
Maha,Nuwara_Eliya,2.85,Granola,Sandy_Loam,1292,238272,24302,129003,Low,391577,127,5979
Maha,Badulla,2.38,Granola,Clay_Loam,1101,159493,20748,133198,High,313439,131,7074
Yala,Nuwara_Eliya,2.5,Granola,Clay_Loam,1218,214295,16811,104964,Medium,336070,131,6186
Yala,Nuwara_Eliya,0.57,Granola,Sandy_Loam,1384,250592,24344,152296,Medium,427232,115,6878
Maha,Nuwara_Eliya,1.12,Granola,Clay_Loam,1521,253846,22572,178017,High,454435,125,7102
Maha,Badulla,2.45,Lapala,Clay_Loam,1294,181449,20716,153435,Medium,355600,97,6154
Maha,Nuwara_Eliya,1.58,Granola,Clay_Loam,1303,240104,22708,163696,Medium,426508,118,6508
Maha,Nuwara_Eliya,0.82,Granola,Clay_Loam,1431,206051,18870,91991,Medium,316912,121,6619
Maha,Nuwara_Eliya,2.72,Granola,Loamy,1039,152633,13567,100270,Medium,266470,102,6725
Yala,Nuwara_Eliya,1.43,Granola,Loamy,1106,164953,14538,175057,Medium,354548,139,6165
Yala,Nuwara_Eliya,1.56,Granola,Loamy,1174,180308,17393,98488,High,296189,111,8175
Yala,Nuwara_Eliya,2.69,Lapala,Clay_Loam,985,176812,17017,167092,Low,360921,93,5824
Maha,Badulla,2.91,Lapala,Clay_Loam,1400,232622,27151,164253,Medium,424026,132,6195
Yala,Badulla,0.59,Other,Sandy_Loam,1358,210363,17916,164657,Medium,392936,131,6347
Yala,Nuwara_Eliya,1.42,Granola,Loamy,1214,201930,23568,92845,Medium,318343,128,6180
Yala,Badulla,1.57,Granola,Sandy_Loam,1662,276686,20330,93645,High,390661,120,7424
Yala,Badulla,2.03,Granola,Sandy_Loam,1477,252631,29176,107755,Medium,389562,137,6878
Yala,Nuwara_Eliya,0.75,Granola,Sandy_Loam,1352,237067,16658,139193,High,392918,94,7811
Yala,Badulla,2.65,Other,Loamy,1109,191592,16327,119030,Low,326949,111,5442
Maha,Badulla,1.18,Other,Clay_Loam,1543,292726,20592,102945,Low,416263,115,5739
Maha,Badulla,2.65,Granola,Loamy,1532,217757,30638,122752,High,371147,93,7894
Maha,Badulla,2.54,Other,Sandy_Loam,1451,270054,17826,159005,Low,446885,123,5016
Yala,Nuwara_Eliya,1.79,Lapala,Loamy,1127,181371,21469,140447,Low,343287,108,5627
Maha,Badulla,1.51,Granola,Clay_Loam,1261,189764,18443,168304,Low,376511,127,5915
Maha,Badulla,2.29,Granola,Sandy_Loam,801,130210,14408,171199,Medium,315817,92,6849
Yala,Badulla,1.67,Other,Loamy,1058,197446,18033,174073,Low,389552,127,5365
Maha,Nuwara_Eliya,1.49,Granola,Loamy,1319,213264,24117,174771,Medium,412152,133,6515
Yala,Badulla,1.37,Granola,Loamy,1192,216131,18615,137132,Medium,371878,139,6197
Yala,Badulla,0.88,Lapala,Loamy,1122,175540,18833,106520,Medium,300893,104,6347
Maha,Badulla,2.2,Lapala,Loamy,1365,229671,26341,177152,High,433164,122,7454
Maha,Nuwara_Eliya,1.61,Granola,Loamy,1006,183525,18177,144128,Medium,345830,107,6469
Maha,Nuwara_Eliya,2.2,Granola,Loamy,742,118229,13448,169540,Medium,301217,124,6800
Yala,Badulla,0.83,Granola,Loamy,1259,238605,23963,94104,High,356672,111,7909
Maha,Badulla,2.33,Other,Clay_Loam,1035,173657,16433,165152,Medium,355242,136,6318
Yala,Nuwara_Eliya,2.98,Granola,Loamy,1151,205334,21665,160100,High,387099,121,7169
Maha,Nuwara_Eliya,1.71,Lapala,Loamy,1113,175364,13539,177923,High,366826,93,7287
Yala,Badulla,1.97,Lapala,Loamy,818,116835,15268,94065,Medium,226168,122,6146
Yala,Badulla,0.98,Lapala,Sandy_Loam,1077,160717,15277,126808,Medium,302802,124,6458
Yala,Nuwara_Eliya,1.17,Granola,Clay_Loam,1203,198045,20601,127260,High,345906,104,7333
Yala,Nuwara_Eliya,1.37,Other,Sandy_Loam,1207,170736,14707,136486,Low,321929,114,5700
Yala,Badulla,2.97,Granola,Loamy,964,144726,18649,167245,High,330620,99,7944
Yala,Nuwara_Eliya,2.07,Granola,Clay_Loam,1131,161252,18593,160174,Medium,340019,95,6274
Maha,Nuwara_Eliya,2.21,Granola,Sandy_Loam,1162,165505,20224,160815,Medium,346544,137,6101
Yala,Badulla,2.52,Lapala,Loamy,1283,197840,16668,172966,Medium,387474,98,6652
Yala,Nuwara_Eliya,1.38,Lapala,Loamy,1078,194452,21270,147235,Medium,362957,129,6574
Maha,Nuwara_Eliya,2.97,Granola,Loamy,905,170004,16601,125847,Medium,312452,139,6809
Maha,Nuwara_Eliya,2.02,Granola,Sandy_Loam,1682,244449,33157,141595,Medium,419201,97,6415
Yala,Nuwara_Eliya,1.81,Granola,Loamy,1503,242792,22093,149032,Medium,413917,136,6599
Maha,Nuwara_Eliya,2.8,Other,Clay_Loam,1261,202380,20092,168535,Low,391007,105,4946
Yala,Nuwara_Eliya,2.4,Granola,Loamy,1426,247953,17550,141140,High,406643,109,8163
Maha,Badulla,1.88,Lapala,Loamy,1241,232331,18961,151167,High,402459,138,7154
Maha,Badulla,2.34,Other,Clay_Loam,896,168849,15236,124624,Low,308709,96,5320
Yala,Nuwara_Eliya,2.72,Granola,Sandy_Loam,1110,195051,16893,106918,Medium,318862,117,6239
Yala,Badulla,1.48,Other,Loamy,823,123005,13937,160144,Low,297086,118,5596
Yala,Nuwara_Eliya,2.05,Granola,Loamy,1067,156168,13330,179647,High,349145,109,8009
Maha,Badulla,1.05,Granola,Clay_Loam,1257,227286,23071,164136,Medium,414493,100,6425
Maha,Nuwara_Eliya,2.08,Lapala,Loamy,1475,238042,25978,129114,High,393134,110,7018
Maha,Nuwara_Eliya,1.35,Granola,Loamy,1216,184246,20228,161835,Medium,366309,129,6849
Yala,Badulla,1.98,Granola,Clay_Loam,1383,207183,21777,167564,Medium,396524,115,6815
Yala,Nuwara_Eliya,2.61,Granola,Sandy_Loam,1368,199949,23969,155877,High,379795,92,7158
Maha,Badulla,1.55,Granola,Loamy,1486,265564,25048,92041,High,382653,136,7538
Yala,Nuwara_Eliya,1.36,Granola,Loamy,1060,198295,16908,97697,Medium,312900,133,6666
Yala,Badulla,1.2,Granola,Loamy,1392,207976,20392,125650,High,354018,119,8038
Yala,Nuwara_Eliya,0.67,Granola,Loamy,1191,205553,14570,116273,Medium,336396,117,6663
Yala,Nuwara_Eliya,0.79,Other,Loamy,1154,206672,16120,150279,Medium,373071,106,6106
Yala,Nuwara_Eliya,1.97,Granola,Loamy,1310,199714,21712,91648,Medium,313074,102,6559
Yala,Nuwara_Eliya,1.84,Granola,Clay_Loam,1336,230590,25786,165012,Medium,421388,124,6181
Yala,Badulla,1.06,Other,Clay_Loam,1163,204968,22178,172709,Low,399855,115,5723
Yala,Nuwara_Eliya,1.93,Granola,Sandy_Loam,1387,243809,26508,165220,Medium,435537,120,6572
Yala,Nuwara_Eliya,2.42,Other,Loamy,855,136152,15568,128848,Low,280568,106,5927
Yala,Nuwara_Eliya,3,Granola,Loamy,1534,230501,26941,156699,Medium,414141,102,6806
Maha,Nuwara_Eliya,2.4,Granola,Sandy_Loam,1640,292659,28440,166930,Medium,488029,136,6963
Maha,Badulla,1.5,Lapala,Sandy_Loam,976,161023,17542,140640,Low,319205,94,5615
Maha,Badulla,1.91,Granola,Loamy,1364,195567,18238,178594,High,392399,113,7926
Yala,Nuwara_Eliya,1.78,Lapala,Loamy,976,177244,12365,159582,High,349191,94,7254
Maha,Nuwara_Eliya,2.11,Granola,Clay_Loam,1384,221858,24107,155498,High,401463,124,7241
Yala,Nuwara_Eliya,0.64,Other,Clay_Loam,1415,198730,19115,152034,Low,369879,93,5457
Yala,Badulla,1.74,Other,Sandy_Loam,980,141315,18740,132459,Low,292514,127,5173
Maha,Badulla,1.09,Granola,Loamy,1127,196769,13785,145596,High,356150,97,8093
Yala,Nuwara_Eliya,1.06,Lapala,Loamy,1152,214951,18643,93890,Low,327484,107,5683
Yala,Badulla,2.17,Granola,Loamy,1134,164438,20933,102171,Medium,287542,119,6803
Maha,Nuwara_Eliya,1.64,Granola,Sandy_Loam,1102,181348,15899,140315,Low,337562,123,5834
Maha,Badulla,0.64,Granola,Sandy_Loam,1173,198413,15456,158888,High,372757,127,7622
Maha,Nuwara_Eliya,2.8,Granola,Clay_Loam,1056,153630,15365,105869,Low,274864,110,5707
Maha,Nuwara_Eliya,1.38,Granola,Sandy_Loam,1399,230703,26834,176975,High,434512,108,7108
Yala,Badulla,1.18,Granola,Clay_Loam,1374,241182,27277,154036,Medium,422495,110,6845
Yala,Badulla,0.59,Granola,Loamy,1233,212523,18479,156859,Medium,387861,114,6990
Yala,Badulla,1.58,Other,Sandy_Loam,1052,163860,18800,119724,Low,302384,96,5757
Maha,Badulla,1.44,Other,Loamy,1480,266769,28728,97640,Medium,393137,103,6579
Yala,Nuwara_Eliya,0.79,Granola,Sandy_Loam,1183,196014,14296,150616,Medium,360926,111,6822
Yala,Badulla,0.61,Granola,Sandy_Loam,1393,249694,26651,140663,High,417008,107,7016
Yala,Nuwara_Eliya,1.59,Granola,Loamy,1093,174946,20072,158724,Medium,353742,96,6258
Yala,Badulla,1.84,Other,Loamy,1709,312806,21842,111640,Medium,446288,110,6758
Yala,Badulla,2.93,Granola,Clay_Loam,1542,231036,29663,91243,Medium,351942,117,6310
Maha,Nuwara_Eliya,1.88,Granola,Clay_Loam,1476,273950,26126,128050,High,428126,93,7060
Yala,Badulla,1.18,Granola,Sandy_Loam,1118,167514,20194,147707,High,335415,136,7377
Maha,Nuwara_Eliya,2.5,Lapala,Sandy_Loam,1253,204615,21417,116816,Medium,342848,99,6416
Yala,Nuwara_Eliya,0.7,Granola,Sandy_Loam,1442,227990,25982,123765,Medium,377737,114,6610
Yala,Badulla,0.94,Granola,Sandy_Loam,926,154625,11758,156491,Medium,322874,110,6760
Yala,Badulla,1.36,Lapala,Loamy,877,161994,16464,111746,Low,290204,124,5660
Yala,Badulla,1.37,Lapala,Loamy,791,127918,11613,120236,Low,259767,117,5908
Maha,Nuwara_Eliya,0.93,Lapala,Loamy,1328,201400,23981,142749,Medium,368130,129,6990
Yala,Nuwara_Eliya,2.73,Granola,Sandy_Loam,991,187112,15762,95187,Medium,298061,136,6975
Yala,Nuwara_Eliya,1.81,Lapala,Loamy,1290,197910,20326,96894,Medium,315130,125,6302
Yala,Badulla,0.85,Other,Loamy,1036,149119,17982,102402,Medium,269503,123,6965
Yala,Nuwara_Eliya,2.82,Granola,Loamy,1624,299395,20127,102274,High,421796,94,7874
Yala,Nuwara_Eliya,2.31,Granola,Sandy_Loam,1182,212204,16832,165340,Medium,394376,122,6590
Maha,Badulla,2.81,Granola,Sandy_Loam,965,169226,18701,154184,High,342111,119,7621
Yala,Badulla,2.29,Granola,Loamy,1276,199012,16786,139769,Medium,355567,104,6568
Maha,Nuwara_Eliya,2.46,Granola,Loamy,1652,240936,26418,161492,Medium,428846,122,6566
Maha,Badulla,2.64,Granola,Sandy_Loam,1025,146057,16858,91867,Medium,254782,95,6489
Yala,Nuwara_Eliya,1.71,Granola,Loamy,1133,197505,15552,153845,High,366902,136,7279
Yala,Nuwara_Eliya,0.67,Other,Loamy,1247,211709,22193,130078,Medium,363980,93,6633
Yala,Badulla,2.25,Granola,Clay_Loam,1211,179084,19514,143743,Medium,342341,112,6151
Maha,Badulla,2.87,Granola,Loamy,1199,202203,15984,170490,Medium,388677,101,6475
Maha,Badulla,1.87,Granola,Clay_Loam,1244,197104,17851,164531,High,379486,121,7231
Maha,Badulla,2.35,Lapala,Loamy,1309,187809,21033,97421,Medium,306263,126,6600
Maha,Badulla,0.96,Lapala,Loamy,1465,250080,26049,155007,High,431136,130,7200
Maha,Badulla,2.8,Granola,Sandy_Loam,1457,249181,22843,107439,High,379463,105,7046
Yala,Badulla,2.72,Granola,Loamy,1054,178618,20119,122826,Medium,321563,122,6564
Maha,Badulla,2.67,Granola,Loamy,1134,197917,18398,115970,Medium,332285,130,6690
Maha,Badulla,2.54,Lapala,Loamy,1219,225777,22332,110612,Medium,358721,109,6058
Yala,Nuwara_Eliya,2.64,Other,Sandy_Loam,915,137619,12090,139198,Medium,288907,135,6655
Maha,Nuwara_Eliya,2.24,Granola,Loamy,1157,200494,17321,175003,High,392818,125,7684
Maha,Nuwara_Eliya,1.49,Lapala,Clay_Loam,1491,243808,21413,156533,Low,421754,129,5364
Yala,Nuwara_Eliya,1.74,Granola,Clay_Loam,1122,190253,14551,106562,Medium,311366,137,6921
Yala,Badulla,0.99,Granola,Sandy_Loam,1611,289547,29014,174803,Medium,493364,109,6201
Yala,Badulla,0.78,Granola,Loamy,1105,176610,14243,92865,High,283718,122,7376
Yala,Badulla,2.15,Granola,Loamy,1044,163976,20601,143474,Medium,328051,130,6635
Maha,Badulla,2.1,Granola,Clay_Loam,1328,233560,22920,141340,High,397820,139,7391
Yala,Badulla,1.64,Granola,Loamy,849,158202,13517,165780,High,337499,113,7607
Maha,Badulla,2.06,Granola,Loamy,1248,229729,16101,133823,High,379653,99,7913
Yala,Nuwara_Eliya,2.08,Granola,Loamy,980,157571,15998,141957,High,315526,120,7440
Yala,Nuwara_Eliya,1.5,Granola,Sandy_Loam,1321,240230,17957,108129,High,366316,92,7759
Yala,Badulla,1.4,Granola,Loamy,1514,245825,28748,136532,High,411105,97,7401
Maha,Nuwara_Eliya,2.04,Lapala,Loamy,1340,242496,25846,163177,Medium,431519,105,6679
Maha,Nuwara_Eliya,1.3,Lapala,Loamy,1348,251403,17447,110878,Low,379728,135,5879
Maha,Nuwara_Eliya,1.83,Granola,Loamy,1333,221302,25085,153678,High,400065,121,7131
Maha,Badulla,0.8,Granola,Loamy,1134,182494,14009,143015,Medium,339518,117,6236
Yala,Badulla,0.75,Other,Loamy,918,169016,11160,158203,Medium,338379,108,6525
Maha,Nuwara_Eliya,0.68,Lapala,Loamy,1556,248434,21376,158318,High,428128,129,7335
Maha,Nuwara_Eliya,1.77,Granola,Loamy,1166,207025,17160,128533,High,352718,110,7595
Yala,Badulla,2.17,Granola,Sandy_Loam,1092,158103,13435,131113,Medium,302651,131,6418
Maha,Badulla,2.77,Lapala,Sandy_Loam,1234,189221,15963,91445,Low,296629,95,5814
Yala,Nuwara_Eliya,2.25,Other,Loamy,1447,235422,18330,159429,Medium,413181,92,6488
Yala,Badulla,2.79,Lapala,Loamy,1359,257990,17383,151437,Medium,426810,102,6299
Yala,Badulla,1.13,Granola,Loamy,919,165926,12183,108941,High,287050,108,7954
Maha,Badulla,0.81,Granola,Loamy,1161,195554,18126,129146,Medium,342826,95,6371
Yala,Nuwara_Eliya,1.09,Granola,Loamy,1505,238753,26243,154166,Medium,419162,136,6207
Maha,Nuwara_Eliya,0.67,Other,Sandy_Loam,1353,228294,17141,114598,Low,360033,104,5905
Yala,Nuwara_Eliya,2.33,Granola,Loamy,1251,210514,24035,134592,High,369141,137,7979
Yala,Nuwara_Eliya,2.83,Granola,Loamy,1136,161623,18986,154973,Medium,335582,128,6389
Maha,Badulla,0.94,Lapala,Loamy,1162,179610,21854,131262,Medium,332726,91,6499
Maha,Badulla,2.96,Granola,Loamy,1256,211241,15844,161990,High,389075,136,7942
Maha,Nuwara_Eliya,2.68,Granola,Loamy,1098,176726,19170,121805,High,317701,121,7965
Maha,Badulla,1.45,Granola,Loamy,1390,218827,22167,127493,Medium,368487,96,6419
Yala,Badulla,1.91,Granola,Loamy,1377,222222,17894,137715,Medium,377831,109,6364
Maha,Nuwara_Eliya,1.42,Lapala,Loamy,1378,202760,17148,146319,Medium,366227,102,6009
Maha,Nuwara_Eliya,1.65,Granola,Loamy,848,119858,13190,99531,High,232579,120,7396
Yala,Badulla,1.23,Granola,Sandy_Loam,1373,212544,19636,178471,High,410651,92,7797
Yala,Nuwara_Eliya,1.22,Granola,Loamy,1119,211127,16830,140939,High,368896,125,7658
Maha,Nuwara_Eliya,1.34,Granola,Loamy,1079,162405,14124,92204,High,268733,136,8041
Yala,Badulla,0.93,Granola,Loamy,1244,200655,16820,109934,High,327409,112,7714
Yala,Nuwara_Eliya,1.28,Granola,Loamy,1286,217605,19414,93093,High,330112,110,8038
Yala,Nuwara_Eliya,0.66,Lapala,Clay_Loam,950,178439,17062,141044,Low,336545,105,5396
Yala,Nuwara_Eliya,1.8,Granola,Loamy,1058,175215,19659,175211,High,370085,95,7420
Yala,Badulla,2.73,Lapala,Clay_Loam,1247,187960,16908,97297,Low,302165,129,5579
Yala,Badulla,1.34,Granola,Clay_Loam,1551,233261,25371,178858,High,437490,129,7416
Maha,Nuwara_Eliya,1.51,Granola,Loamy,1460,252034,19429,113015,High,384478,102,8125
Yala,Nuwara_Eliya,2.42,Lapala,Clay_Loam,1449,230917,20977,92759,Low,344653,97,5999
Yala,Nuwara_Eliya,2.34,Granola,Loamy,986,173967,19687,161737,High,355391,107,7998
Yala,Badulla,2.4,Granola,Clay_Loam,1370,221563,16708,122635,Low,360906,96,5726
Maha,Nuwara_Eliya,0.63,Lapala,Loamy,1180,198942,23266,168800,Low,391008,133,5877
Maha,Nuwara_Eliya,0.69,Lapala,Loamy,1163,195191,16262,111910,High,323363,139,7011
Yala,Badulla,1.93,Other,Sandy_Loam,1186,201342,20779,125364,Medium,347485,133,6634
Yala,Badulla,1.48,Granola,Clay_Loam,1228,211551,15175,138795,Medium,365521,90,6999
Maha,Badulla,2.31,Lapala,Sandy_Loam,1235,201732,19459,124111,Low,345302,136,5733
Yala,Nuwara_Eliya,2.91,Lapala,Loamy,1099,203650,15180,153533,Medium,372363,117,6581
Yala,Badulla,1.02,Granola,Sandy_Loam,1003,174813,14492,103372,High,292677,111,7747
Maha,Badulla,1.37,Granola,Loamy,1175,172319,22086,178023,High,372428,97,7216
Maha,Badulla,0.89,Granola,Clay_Loam,1041,166221,12960,128940,Medium,308121,128,6564
Yala,Nuwara_Eliya,1.32,Granola,Loamy,1293,234117,22101,110638,High,366856,110,7785
Yala,Badulla,2.13,Other,Clay_Loam,913,153558,12106,167053,Low,332717,135,5426
Yala,Badulla,2.22,Granola,Loamy,1638,260617,30576,121304,Medium,412497,91,6656
Maha,Badulla,2.19,Other,Sandy_Loam,966,152079,16103,168356,Low,336538,103,5140
Yala,Badulla,0.94,Lapala,Loamy,1226,185798,18627,143387,Medium,347812,117,6011
Maha,Nuwara_Eliya,0.77,Granola,Sandy_Loam,1202,225481,21141,145571,Medium,392193,118,6146
Yala,Badulla,2.88,Granola,Loamy,987,184474,18075,176806,Medium,379355,120,6783
Yala,Nuwara_Eliya,1.23,Granola,Sandy_Loam,1373,258256,25891,95401,High,379548,123,7380
Yala,Badulla,2.18,Lapala,Loamy,1263,198211,19316,98720,Low,316247,101,5634
Yala,Badulla,0.72,Granola,Sandy_Loam,1485,276468,24939,106839,High,408246,129,7729
Yala,Badulla,2.2,Granola,Loamy,1139,201298,22121,146608,Medium,370027,129,6436
Yala,Badulla,2.71,Granola,Sandy_Loam,1253,219016,20913,146968,High,386897,130,7777
Maha,Nuwara_Eliya,2.27,Granola,Clay_Loam,1300,229839,23612,110798,Low,364249,135,5679
Yala,Badulla,2.16,Lapala,Loamy,1028,143929,13673,169435,Low,327037,101,5754
Maha,Badulla,2.49,Other,Clay_Loam,1507,234565,24178,148512,Low,407255,106,4751
Yala,Nuwara_Eliya,0.53,Other,Sandy_Loam,1077,203705,16142,160535,Medium,380382,112,6433
Yala,Nuwara_Eliya,0.56,Granola,Sandy_Loam,1022,190407,13098,144104,High,347609,105,7594
Yala,Nuwara_Eliya,1.46,Granola,Sandy_Loam,1365,214647,22083,122397,Medium,359127,90,6927
Yala,Nuwara_Eliya,2.16,Granola,Clay_Loam,1368,221204,19819,172444,Medium,413467,110,6013
Yala,Badulla,0.58,Granola,Sandy_Loam,1170,214815,17725,106154,Medium,338694,90,6453
Maha,Nuwara_Eliya,2.86,Granola,Loamy,1307,184623,23667,172362,Medium,380652,101,6987
Maha,Badulla,1.64,Granola,Sandy_Loam,1275,194132,18908,147471,Medium,360511,119,6059
Yala,Nuwara_Eliya,0.93,Granola,Loamy,1533,249820,30340,94095,High,374255,137,7315
Yala,Nuwara_Eliya,1.58,Granola,Clay_Loam,1149,172306,18349,171024,Medium,361679,106,6754
Maha,Nuwara_Eliya,2.45,Granola,Loamy,1276,240335,21552,155570,High,417457,107,7504
Yala,Badulla,1.53,Granola,Clay_Loam,1439,230717,26282,165275,Medium,422274,112,6636
Yala,Badulla,2.85,Lapala,Clay_Loam,1225,184975,17740,96382,Medium,299097,114,6550
Yala,Nuwara_Eliya,0.82,Granola,Loamy,1108,200546,16700,144888,High,362134,115,7608
Maha,Nuwara_Eliya,2.8,Lapala,Loamy,1000,146162,13197,160439,Medium,319798,119,6277
Yala,Nuwara_Eliya,2.64,Other,Sandy_Loam,1468,260521,22317,97446,Low,380284,128,5223
Maha,Nuwara_Eliya,2.61,Granola,Clay_Loam,1220,200359,23682,121857,Medium,345898,126,6074
Yala,Nuwara_Eliya,1.45,Lapala,Loamy,902,129645,15279,175677,Medium,320601,105,6667
Maha,Badulla,2.13,Lapala,Loamy,1204,198215,17983,132386,Medium,348584,130,6433
Yala,Badulla,2.76,Granola,Clay_Loam,1054,176696,17502,109290,Medium,303488,113,6381
Yala,Nuwara_Eliya,0.81,Granola,Loamy,1224,188163,18672,176578,High,383413,116,7253
Maha,Nuwara_Eliya,2.9,Lapala,Sandy_Loam,1020,163676,17638,147033,Medium,328347,109,6410
Yala,Nuwara_Eliya,1.56,Granola,Loamy,1102,208573,16469,137405,High,362447,132,7198
Maha,Badulla,1.81,Granola,Loamy,1304,229874,16426,126260,High,372560,90,7164
Maha,Badulla,2.67,Granola,Loamy,1248,202871,16527,156418,Medium,375816,135,6158
Maha,Badulla,1.31,Granola,Clay_Loam,1107,209320,19757,166546,Medium,395623,92,6469
Maha,Badulla,2.54,Granola,Clay_Loam,1257,186219,17808,93901,Medium,297928,108,6227
Yala,Nuwara_Eliya,2.13,Granola,Sandy_Loam,1492,266630,22714,155029,High,444373,124,7745
Maha,Badulla,2.08,Granola,Loamy,1462,239127,27937,132147,High,399211,110,7307
Maha,Nuwara_Eliya,1.38,Granola,Sandy_Loam,1411,215517,25732,113035,Medium,354284,97,6493
Yala,Badulla,2.12,Other,Loamy,1440,234014,19910,122513,Medium,376437,91,6919
Yala,Nuwara_Eliya,2.47,Granola,Clay_Loam,1285,237931,17138,132883,Medium,387952,121,6646
Yala,Nuwara_Eliya,1.4,Granola,Loamy,1343,190066,16339,125596,High,332001,137,7935
Maha,Badulla,1.91,Granola,Loamy,952,140787,16203,171075,Medium,328065,125,6815
Maha,Badulla,2.26,Lapala,Sandy_Loam,1331,240449,21266,176097,Low,437812,127,5588
Yala,Nuwara_Eliya,2.07,Granola,Clay_Loam,1019,157796,16933,139021,Medium,313750,114,6881
Yala,Nuwara_Eliya,1.09,Granola,Loamy,1036,152816,12914,168579,Medium,334309,104,6690
Yala,Nuwara_Eliya,1.69,Granola,Loamy,1501,238196,25042,135207,High,398445,99,7632
Maha,Nuwara_Eliya,2.12,Granola,Clay_Loam,1346,219085,19014,126741,High,364840,124,7130
Yala,Nuwara_Eliya,1.08,Lapala,Clay_Loam,1300,212979,23914,135498,Medium,372391,108,6237
Yala,Badulla,1.3,Granola,Loamy,1095,163341,19954,108059,Medium,291354,129,6988
Maha,Badulla,2.47,Other,Loamy,1444,210184,26507,106467,Medium,343158,130,6294
Maha,Badulla,1.68,Lapala,Sandy_Loam,1217,196377,23360,136733,Low,356470,115,5385
Yala,Badulla,1.38,Lapala,Loamy,1331,224783,19898,108457,Low,353138,125,5711
Yala,Nuwara_Eliya,2.95,Granola,Loamy,1411,226657,27810,126027,High,380494,108,7576
Maha,Badulla,1.41,Granola,Sandy_Loam,1235,225853,19900,151514,Medium,397267,93,6695
Maha,Nuwara_Eliya,2,Granola,Loamy,954,137221,13815,135600,Medium,286636,119,6211
Yala,Nuwara_Eliya,1.72,Granola,Clay_Loam,995,166752,19462,136608,Medium,322822,131,6958
Yala,Badulla,2.12,Granola,Sandy_Loam,1101,182066,19457,126898,High,328421,94,7388
Maha,Nuwara_Eliya,1.57,Granola,Loamy,1147,212130,20861,168408,High,401399,100,7344
Yala,Badulla,1.01,Granola,Sandy_Loam,1298,183323,24953,96372,Low,304648,108,5945
Yala,Nuwara_Eliya,0.85,Other,Sandy_Loam,1183,192492,20766,164872,Medium,378130,111,6482
Maha,Badulla,2.27,Granola,Loamy,1236,196935,23535,178248,High,398718,109,7967
Maha,Nuwara_Eliya,1.24,Granola,Sandy_Loam,1336,188105,25149,136890,Low,350144,121,5966
Maha,Badulla,1.07,Granola,Sandy_Loam,1257,227042,22563,143189,Medium,392794,116,6651
Maha,Badulla,1.9,Granola,Loamy,1297,182079,24176,153371,Medium,359626,123,6216
Yala,Badulla,2.84,Other,Loamy,1676,247801,26133,122024,Medium,395958,124,6942
Yala,Badulla,0.66,Other,Loamy,1226,229365,16670,93662,Low,339697,114,5999
Yala,Nuwara_Eliya,0.99,Lapala,Sandy_Loam,1272,234657,20029,170774,Medium,425460,115,6550
Maha,Badulla,1.09,Granola,Loamy,1097,194332,17354,123753,Medium,335439,108,6485
Maha,Badulla,2.06,Granola,Clay_Loam,1040,168650,20367,102119,Medium,291136,128,6687
Yala,Badulla,1.37,Other,Loamy,1243,234816,19601,104647,Medium,359064,100,6801
Maha,Badulla,2.02,Lapala,Sandy_Loam,1213,209959,22583,151686,Low,384228,116,5710
Maha,Badulla,1.24,Lapala,Sandy_Loam,949,175735,12143,149054,Low,336932,129,5930
Maha,Nuwara_Eliya,2.63,Granola,Loamy,1345,208250,19166,170096,Medium,397512,138,6219
Maha,Nuwara_Eliya,1.87,Granola,Loamy,1276,220823,22493,102307,High,345623,130,7522
Yala,Nuwara_Eliya,0.51,Granola,Sandy_Loam,810,134591,15040,117036,Medium,266667,130,6648
Yala,Badulla,2.94,Granola,Sandy_Loam,972,172409,18431,124846,High,315686,122,7324
Yala,Nuwara_Eliya,2.47,Granola,Clay_Loam,1482,266954,25625,119238,Medium,411817,115,6353
Yala,Nuwara_Eliya,2.62,Granola,Clay_Loam,1212,200572,19616,109374,Low,329562,125,5655
Maha,Badulla,1.93,Other,Sandy_Loam,1267,186062,21009,98219,Low,305290,100,4984
Yala,Nuwara_Eliya,1.92,Granola,Clay_Loam,1098,186109,17015,92163,Low,295287,136,5511
Yala,Badulla,2.9,Granola,Loamy,1212,169705,15187,94039,High,278931,131,7861
Yala,Nuwara_Eliya,1.38,Lapala,Sandy_Loam,1084,155324,21202,145720,Medium,322246,126,6528
Yala,Nuwara_Eliya,1.14,Granola,Clay_Loam,840,121364,14670,176603,High,312637,105,7160
Maha,Badulla,1.08,Granola,Loamy,1255,215402,18599,96912,High,330913,127,7625
Maha,Nuwara_Eliya,2.33,Lapala,Sandy_Loam,1253,214932,19315,171190,Medium,405437,122,6010
Maha,Nuwara_Eliya,1.23,Granola,Loamy,1229,182495,22617,133593,Medium,338705,118,6384
Maha,Badulla,1.53,Lapala,Sandy_Loam,896,135429,15168,111911,High,262508,139,7040
Yala,Nuwara_Eliya,2.5,Lapala,Sandy_Loam,1220,209614,22928,150290,Low,382832,126,5705
Maha,Badulla,1.27,Granola,Sandy_Loam,1299,205665,17954,99165,Medium,322784,126,6148
Yala,Nuwara_Eliya,1.57,Granola,Clay_Loam,993,147582,16442,122090,Medium,286114,128,6548
Maha,Badulla,2.91,Granola,Loamy,1275,220942,23556,146359,Medium,390857,124,6867
Maha,Badulla,2.11,Granola,Loamy,1063,170568,21190,90076,Medium,281834,99,6472
Yala,Badulla,1.38,Granola,Loamy,1068,171146,13697,137973,High,322816,94,7762
Maha,Badulla,2.31,Granola,Loamy,1211,200693,19066,156646,High,376405,131,7677
Yala,Nuwara_Eliya,0.54,Lapala,Loamy,1014,142061,19245,129940,Medium,291246,101,6046
Yala,Badulla,0.99,Lapala,Loamy,1042,195350,17533,171283,High,384166,109,7116
Yala,Badulla,2.26,Granola,Loamy,1222,181378,15818,155262,High,352458,117,7195
Yala,Nuwara_Eliya,1.28,Granola,Sandy_Loam,1321,248711,17761,143509,Medium,409981,111,6463
Maha,Nuwara_Eliya,2.46,Granola,Clay_Loam,1306,235725,23520,158434,Medium,417679,109,6947
Maha,Nuwara_Eliya,2.75,Granola,Loamy,819,132032,13054,167071,Medium,312157,116,6845
Maha,Nuwara_Eliya,2.37,Granola,Loamy,1308,207949,19467,125257,Medium,352673,129,6763
Maha,Nuwara_Eliya,1.08,Lapala,Sandy_Loam,1468,223392,27988,140494,Medium,391874,120,6897
Maha,Badulla,0.82,Granola,Loamy,1153,186352,20529,143709,Medium,350590,104,6179
Maha,Badulla,2.72,Granola,Sandy_Loam,1235,198432,20425,138910,Medium,357767,119,6079
Maha,Badulla,1.46,Granola,Sandy_Loam,1302,184218,20875,162381,Medium,367474,117,6330
Maha,Nuwara_Eliya,1.73,Granola,Loamy,1016,155654,18282,106005,Medium,279941,102,6106
Yala,Badulla,2.23,Lapala,Loamy,1341,217532,23162,129579,Medium,370273,124,6771
Maha,Nuwara_Eliya,0.95,Granola,Loamy,824,151676,15284,146661,Medium,313621,125,6160
Maha,Badulla,1.72,Granola,Loamy,721,103651,8910,104561,High,217122,91,7638
Yala,Nuwara_Eliya,1.42,Lapala,Loamy,1286,202032,16644,98234,Low,316910,106,5807
Yala,Nuwara_Eliya,0.86,Lapala,Loamy,1408,253297,19034,154922,Medium,427253,106,6672
Maha,Badulla,1.74,Granola,Loamy,1161,168961,15974,143557,High,328492,138,7031
Maha,Nuwara_Eliya,1.85,Granola,Loamy,978,143976,18645,126914,High,289535,120,7200
Maha,Nuwara_Eliya,1.47,Granola,Loamy,999,189067,14796,148012,Medium,351875,96,6209
Yala,Badulla,2.33,Granola,Sandy_Loam,773,113466,13649,96329,Medium,223444,127,6895
Yala,Badulla,2.66,Other,Loamy,1322,234469,25987,133795,Medium,394251,123,6681
Yala,Badulla,1.7,Granola,Sandy_Loam,1350,235318,21072,127740,Low,384130,93,5793
Yala,Badulla,1.54,Lapala,Sandy_Loam,1205,190364,15802,102135,Low,308301,125,5972
Yala,Nuwara_Eliya,1.31,Other,Loamy,1648,239191,23896,169702,Low,432789,116,5424
Yala,Badulla,1.28,Granola,Loamy,1332,244676,21322,119805,Medium,385803,139,6830
Yala,Badulla,0.72,Granola,Loamy,1481,217655,17826,90858,High,326339,109,7802
Yala,Nuwara_Eliya,2.09,Granola,Clay_Loam,1102,187002,18356,137514,Low,342872,114,5663
Maha,Nuwara_Eliya,2.76,Lapala,Loamy,1295,199384,21861,126624,Low,347869,112,5651
Yala,Nuwara_Eliya,1.48,Lapala,Loamy,1449,260244,19593,155833,High,435670,137,7304
Yala,Nuwara_Eliya,2.28,Granola,Sandy_Loam,988,170097,15071,134371,High,319539,124,7722
Yala,Badulla,1.8,Lapala,Sandy_Loam,1196,210133,21935,134469,Medium,366537,132,6285
Maha,Badulla,1.48,Lapala,Clay_Loam,1238,188898,18374,103856,Medium,311128,124,6703
Yala,Nuwara_Eliya,2.04,Granola,Loamy,1334,230880,25600,160556,High,417036,129,8055
Yala,Badulla,1.95,Granola,Loamy,1503,269608,18369,95119,High,383096,93,7634
Maha,Badulla,2.61,Other,Sandy_Loam,1394,206541,27117,175248,Low,408906,133,5366
Yala,Badulla,1.74,Granola,Clay_Loam,1260,178263,18778,163412,High,360453,130,7135
Maha,Badulla,2.26,Granola,Sandy_Loam,1363,221828,27110,142190,Medium,391128,121,6531
Maha,Badulla,1.74,Granola,Sandy_Loam,1024,185879,14227,109895,High,310001,120,7448
Yala,Nuwara_Eliya,2.83,Other,Loamy,1379,258681,24379,130041,Medium,413101,98,6018
Yala,Nuwara_Eliya,1.33,Granola,Loamy,989,160820,12586,94417,Medium,267823,132,6508
Yala,Badulla,0.87,Granola,Loamy,1396,205646,19401,141549,Medium,366596,139,6226
Yala,Nuwara_Eliya,0.61,Granola,Clay_Loam,1007,145836,18986,106002,Medium,270824,133,6533
Yala,Badulla,0.88,Lapala,Sandy_Loam,1470,253448,27954,124295,Medium,405697,119,6889
Maha,Nuwara_Eliya,1.71,Other,Loamy,1237,188817,18318,169657,Medium,376792,137,6912
Yala,Badulla,1.77,Granola,Loamy,1238,208468,24747,175774,High,408989,122,7064
Yala,Nuwara_Eliya,0.78,Granola,Sandy_Loam,1247,200601,24664,156216,High,381481,90,7575
Maha,Badulla,2.97,Granola,Clay_Loam,692,107085,12587,169259,Low,288931,103,5675
Yala,Nuwara_Eliya,0.97,Lapala,Sandy_Loam,968,180572,12897,102982,Medium,296451,117,6412
Yala,Badulla,2,Granola,Loamy,1038,180583,16202,120023,Medium,316808,105,6949
Yala,Nuwara_Eliya,2.17,Lapala,Loamy,1580,224836,31432,113732,Medium,370000,96,6255
Yala,Nuwara_Eliya,1.23,Granola,Loamy,1131,199331,19109,100780,High,319220,98,7441
Yala,Badulla,1.37,Granola,Loamy,1045,162569,12709,159144,High,334422,110,7817
Yala,Badulla,2.57,Granola,Loamy,1458,209804,24113,128616,Medium,362533,90,6574
Yala,Nuwara_Eliya,2.63,Granola,Loamy,1044,171602,19646,107784,Medium,299032,138,6342
Maha,Badulla,0.92,Granola,Clay_Loam,1270,188961,21652,101092,Medium,311705,114,6760
Maha,Nuwara_Eliya,0.85,Granola,Sandy_Loam,875,157889,16856,163225,Medium,337970,138,6612
Yala,Badulla,1.62,Lapala,Clay_Loam,1220,211182,20023,114661,Low,345866,129,5312
Yala,Badulla,2.88,Granola,Loamy,851,150766,13318,92574,Medium,256658,135,6991
Yala,Nuwara_Eliya,1.05,Granola,Sandy_Loam,1457,276598,27496,90690,High,394784,92,7024
Yala,Nuwara_Eliya,2.7,Lapala,Loamy,815,133192,15054,173054,Medium,321300,101,6587
Yala,Nuwara_Eliya,0.73,Other,Sandy_Loam,1313,242050,21805,147572,Medium,411427,110,6104
Yala,Nuwara_Eliya,2.88,Granola,Sandy_Loam,1014,171293,14094,113595,Medium,298982,114,6635
Yala,Nuwara_Eliya,0.97,Granola,Loamy,1501,267846,22265,152484,High,442595,137,7409
Yala,Badulla,2.2,Granola,Clay_Loam,1228,203642,18519,95130,High,317291,109,7241
Maha,Nuwara_Eliya,1.69,Other,Loamy,1567,255651,20917,91669,Medium,368237,120,6858
Yala,Nuwara_Eliya,2.23,Granola,Sandy_Loam,864,160587,11160,96411,High,268158,132,7360
Maha,Badulla,1.31,Granola,Sandy_Loam,1196,175445,22195,124259,Low,321899,116,5839
Maha,Badulla,2.19,Lapala,Sandy_Loam,1055,186577,13542,152410,Low,352529,99,5452
Yala,Badulla,2.72,Lapala,Clay_Loam,1218,220047,20951,141303,Low,382301,125,5572
Yala,Nuwara_Eliya,0.79,Granola,Loamy,1286,197486,17676,94466,High,309628,114,7072
Yala,Badulla,1.5,Granola,Loamy,1227,175733,21927,138518,High,336178,99,7224
Yala,Badulla,1.6,Lapala,Loamy,1111,163800,19765,106809,Medium,290374,126,6469
Maha,Nuwara_Eliya,2.63,Lapala,Loamy,1343,189250,21974,155504,High,366728,121,7018
Yala,Badulla,2.02,Granola,Sandy_Loam,1121,157183,18431,173951,High,349565,106,7753
Yala,Nuwara_Eliya,0.85,Granola,Loamy,1217,203039,14838,112825,High,330702,105,8183
Yala,Nuwara_Eliya,2.74,Granola,Loamy,1664,253561,23599,178042,High,455202,123,8064
Yala,Nuwara_Eliya,1.95,Lapala,Sandy_Loam,957,153508,16021,93233,Medium,262762,114,6869
Yala,Nuwara_Eliya,2.16,Granola,Clay_Loam,1371,222713,17122,166010,High,405845,123,7136
Yala,Nuwara_Eliya,2.51,Other,Sandy_Loam,1004,182701,18032,95298,Low,296031,100,5899
Maha,Badulla,0.71,Other,Clay_Loam,1190,225975,19850,157607,Low,403432,100,5786
Maha,Nuwara_Eliya,2.75,Lapala,Clay_Loam,883,126115,15383,119538,Medium,261036,113,6211
Yala,Nuwara_Eliya,1.55,Other,Loamy,1484,264751,22429,162443,Low,449623,139,5885
Yala,Badulla,2.97,Other,Loamy,815,126896,12990,108046,Medium,247932,125,6156
Yala,Nuwara_Eliya,2.53,Granola,Sandy_Loam,1172,208060,15875,92843,Medium,316778,132,6060
Maha,Nuwara_Eliya,0.74,Granola,Clay_Loam,1364,250424,26981,158692,Medium,436097,120,6199
Yala,Nuwara_Eliya,2.22,Other,Loamy,1317,232034,21020,128874,Medium,381928,110,6098
Yala,Nuwara_Eliya,2.37,Other,Clay_Loam,1265,198703,18310,155408,Low,372421,105,4771
Yala,Badulla,2.3,Granola,Sandy_Loam,1154,199648,20621,170741,Medium,391010,111,6119
Yala,Nuwara_Eliya,0.76,Granola,Clay_Loam,1067,189517,19132,93605,Medium,302254,123,6733
Yala,Badulla,1.92,Granola,Loamy,1542,269353,29911,106084,High,405348,94,7957
Maha,Nuwara_Eliya,2.49,Lapala,Loamy,1172,221997,19682,136221,Medium,377900,98,6637
Yala,Badulla,0.82,Granola,Loamy,1075,189773,21273,132261,Medium,343307,121,6992
Maha,Nuwara_Eliya,2.93,Granola,Loamy,1608,253655,21772,163706,Medium,439133,108,6485
Yala,Badulla,1.04,Granola,Sandy_Loam,1094,196895,15119,105025,Medium,317039,90,6245
Yala,Badulla,2.25,Granola,Sandy_Loam,1252,186057,19894,156053,High,362004,128,7380
Yala,Badulla,0.98,Granola,Sandy_Loam,1249,194790,16034,154507,Medium,365331,104,6119
Yala,Nuwara_Eliya,1.29,Granola,Loamy,1394,202026,22980,100789,Medium,325795,100,6437
Yala,Badulla,2.18,Granola,Clay_Loam,945,136972,12434,117581,Medium,266987,128,6083
Yala,Badulla,1.56,Granola,Loamy,1270,185788,24891,167384,Medium,378063,97,6438
Yala,Nuwara_Eliya,2.46,Lapala,Sandy_Loam,895,131969,13218,93862,High,239049,125,7041
Yala,Nuwara_Eliya,0.72,Granola,Clay_Loam,1079,203621,20100,101843,Medium,325564,136,6364
Yala,Nuwara_Eliya,2.15,Granola,Clay_Loam,1213,178783,21790,147252,Low,347825,99,5821
Maha,Badulla,0.71,Granola,Clay_Loam,1542,238889,24032,119214,Medium,382135,95,6299
Yala,Nuwara_Eliya,1.49,Lapala,Sandy_Loam,1221,190643,22442,120503,Low,333588,102,5683
Yala,Badulla,2.34,Other,Loamy,1149,198653,17175,139425,Low,355253,127,5922
Yala,Badulla,1.24,Other,Loamy,1087,158209,19573,153207,Low,330989,130,5804
Yala,Badulla,0.8,Granola,Loamy,1323,214075,18588,95334,High,327997,106,7054
Maha,Nuwara_Eliya,2.11,Other,Loamy,1411,221268,22368,150362,Medium,393998,114,6844
Yala,Nuwara_Eliya,0.6,Granola,Sandy_Loam,1047,149663,17411,147216,Medium,314290,96,6746
Maha,Badulla,2.83,Granola,Sandy_Loam,1295,214849,15659,136529,High,367037,94,7124
Maha,Badulla,0.53,Granola,Sandy_Loam,1198,186408,23207,138291,Low,347906,124,5950
Maha,Nuwara_Eliya,1.44,Granola,Clay_Loam,841,118142,15460,141430,Medium,275032,139,6633
Maha,Nuwara_Eliya,0.63,Other,Clay_Loam,1436,236192,28342,175496,Medium,440030,139,6115
Yala,Badulla,1.04,Lapala,Sandy_Loam,891,167632,14763,97665,Medium,280060,119,6547
Maha,Badulla,1.59,Granola,Sandy_Loam,1419,210273,23152,135726,Medium,369151,95,6521
Yala,Badulla,1.66,Lapala,Loamy,1078,192146,14517,150636,Medium,357299,135,6166
Maha,Badulla,1.61,Granola,Loamy,1240,214750,15499,168401,Medium,398650,99,6551
Maha,Badulla,1.67,Granola,Loamy,962,173435,16292,102184,High,291911,108,7804
Maha,Badulla,0.77,Granola,Loamy,1444,233658,22333,171481,High,427472,118,7281
Maha,Nuwara_Eliya,1.67,Granola,Sandy_Loam,1212,229956,20934,161465,High,412355,91,7433
Yala,Badulla,0.82,Granola,Sandy_Loam,1036,172284,12971,125939,High,311194,123,7754
Maha,Badulla,2.33,Granola,Sandy_Loam,1069,190808,17516,138555,Medium,346879,94,6617
Yala,Badulla,1.65,Other,Clay_Loam,1112,195561,16860,110933,Low,323354,107,4800
Yala,Badulla,2.89,Granola,Clay_Loam,1427,216109,19304,136709,Low,372122,123,5576
Yala,Badulla,1.51,Other,Loamy,1269,240242,18087,118379,Low,376708,135,5604
Yala,Badulla,1.34,Lapala,Loamy,1274,206238,24006,94515,High,324759,134,7197
Maha,Nuwara_Eliya,1.73,Granola,Clay_Loam,1242,216212,24187,160218,Low,400617,122,5717
Yala,Nuwara_Eliya,0.85,Other,Sandy_Loam,1015,180544,17476,135633,Low,333653,97,5503
Yala,Nuwara_Eliya,2.31,Granola,Sandy_Loam,1119,164226,16246,118808,Medium,299280,125,6012
Yala,Nuwara_Eliya,2.4,Granola,Sandy_Loam,1578,273665,28380,107003,Medium,409048,97,6262
Yala,Badulla,1.87,Granola,Loamy,1332,205062,17521,119816,High,342399,119,7575
Yala,Badulla,1.75,Granola,Loamy,1066,170325,17800,141295,High,329420,127,7504
Yala,Nuwara_Eliya,1.14,Granola,Sandy_Loam,824,143927,10182,133595,Medium,287704,114,6110
Yala,Badulla,2.49,Granola,Loamy,1283,186062,24106,119098,Medium,329266,111,6762
Maha,Badulla,2.37,Lapala,Sandy_Loam,1231,174099,15422,124536,Medium,314057,127,6968
Maha,Badulla,1.42,Granola,Clay_Loam,1628,296781,22224,153974,Low,472979,126,5834
Yala,Nuwara_Eliya,2.05,Granola,Loamy,1229,223857,19907,93238,High,337002,91,7365
Yala,Nuwara_Eliya,1.93,Granola,Sandy_Loam,960,175714,18349,117366,Medium,311429,123,6349
Maha,Nuwara_Eliya,0.8,Lapala,Loamy,1287,204409,24746,115500,High,344655,138,7031
Yala,Nuwara_Eliya,0.63,Granola,Sandy_Loam,1330,247529,16266,90000,High,353795,102,7519
Yala,Badulla,2.65,Granola,Loamy,1048,191102,15325,153175,Medium,359602,92,6894
Yala,Badulla,2.73,Granola,Clay_Loam,1463,211517,18213,122693,High,352423,137,7396
Yala,Badulla,0.87,Granola,Loamy,1132,202621,20364,142047,Medium,365032,131,6488
Yala,Badulla,2.38,Granola,Loamy,1511,280438,25662,130044,Medium,436144,126,6782
Maha,Nuwara_Eliya,1.19,Other,Loamy,785,135916,15668,92296,Low,243880,134,5183
Yala,Nuwara_Eliya,0.92,Lapala,Loamy,1208,202550,17346,102030,Low,321926,128,5958
Maha,Badulla,1.19,Granola,Sandy_Loam,827,152340,15135,146330,High,313805,106,7209
Maha,Badulla,1.99,Lapala,Sandy_Loam,1047,176510,15178,157120,Medium,348808,100,6719
Yala,Badulla,2.56,Granola,Loamy,1460,260877,20268,103652,High,384797,109,7960
Yala,Nuwara_Eliya,2.92,Granola,Sandy_Loam,1155,201659,22084,168669,Medium,392412,138,6824
Maha,Badulla,1.57,Granola,Loamy,1289,242312,18069,96392,Medium,356773,114,6252
Maha,Nuwara_Eliya,0.81,Granola,Loamy,1434,269155,20403,129950,High,419508,134,7519
Yala,Nuwara_Eliya,2.26,Lapala,Clay_Loam,1361,226973,19351,169206,Medium,415530,117,6607
Yala,Badulla,1.49,Other,Loamy,1259,235529,24715,169392,Medium,429636,118,6358
Maha,Badulla,2.44,Lapala,Clay_Loam,765,137039,10162,177848,Low,325049,105,5764
Yala,Badulla,1.95,Granola,Loamy,1016,180126,13707,111196,Medium,305029,129,6268
Maha,Nuwara_Eliya,0.56,Granola,Sandy_Loam,1550,242743,28975,154494,High,426212,107,7277
Yala,Nuwara_Eliya,0.73,Granola,Loamy,953,157149,15569,117056,High,289774,123,7450
Maha,Nuwara_Eliya,0.78,Granola,Loamy,1364,223732,16520,129495,High,369747,131,7739
Maha,Nuwara_Eliya,1.12,Granola,Sandy_Loam,1196,227232,20515,152483,Medium,400230,114,6503
Yala,Badulla,1.74,Other,Loamy,1239,176349,17350,121836,Medium,315535,126,6079
Maha,Badulla,1.89,Granola,Sandy_Loam,1106,176720,15894,159413,High,352027,134,7335
Maha,Nuwara_Eliya,2.77,Other,Loamy,1362,204238,23315,147994,Low,375547,98,5612
Yala,Badulla,2.23,Granola,Clay_Loam,1202,194080,22253,124995,Medium,341328,132,6724
Maha,Nuwara_Eliya,2.12,Granola,Loamy,1236,202800,19790,112291,High,334881,124,7577
Yala,Nuwara_Eliya,2.7,Lapala,Sandy_Loam,907,139557,10888,167883,Low,318328,131,5499
Maha,Badulla,2.15,Lapala,Clay_Loam,1157,167604,17490,91359,Low,276453,134,5937
Yala,Badulla,0.65,Granola,Loamy,981,156307,18072,124790,Medium,299169,100,6208
Yala,Badulla,2.4,Granola,Sandy_Loam,1038,152735,18728,154914,Low,326377,108,5937
Yala,Nuwara_Eliya,1.22,Granola,Loamy,1280,206048,16603,99384,High,322035,134,7323
Yala,Nuwara_Eliya,1.36,Lapala,Loamy,1008,141224,19607,139940,Medium,300771,136,6185
Yala,Badulla,0.62,Lapala,Loamy,1261,190694,24698,159615,Medium,375007,138,6033
Yala,Badulla,2.02,Other,Clay_Loam,1386,261996,17068,141028,Low,420092,126,5102
Maha,Nuwara_Eliya,2.08,Lapala,Clay_Loam,992,161097,12289,106945,Low,280331,93,5340
Yala,Badulla,1.41,Lapala,Sandy_Loam,708,132943,10978,154909,Low,298830,122,5577
Maha,Nuwara_Eliya,1.66,Granola,Clay_Loam,1140,189766,20110,166162,Low,376038,101,5819
Maha,Badulla,2.74,Granola,Loamy,1000,173403,19632,119650,High,312685,110,7720
Yala,Nuwara_Eliya,2.82,Granola,Loamy,981,184995,15113,110805,High,310913,98,8200
Yala,Badulla,1.85,Granola,Loamy,848,126354,13952,165848,Medium,306154,97,6139
Maha,Badulla,2.95,Lapala,Sandy_Loam,1143,213126,17787,178495,Low,409408,104,5716
Yala,Nuwara_Eliya,2.07,Granola,Sandy_Loam,1320,193112,17838,116052,Medium,327002,134,6132
Yala,Nuwara_Eliya,1.3,Lapala,Sandy_Loam,1572,272936,29375,106580,Low,408891,120,5366
Yala,Nuwara_Eliya,2.19,Granola,Sandy_Loam,1058,154977,14800,163916,High,333693,121,7717
Yala,Nuwara_Eliya,2.48,Lapala,Loamy,997,175928,17679,131341,Medium,324948,124,6401
Maha,Badulla,1.18,Other,Clay_Loam,1261,188529,21961,154147,Low,364637,139,5578
Yala,Badulla,2.21,Other,Loamy,1459,228041,23832,105319,Low,357192,91,5792
Yala,Nuwara_Eliya,0.61,Granola,Sandy_Loam,1318,186854,23680,147847,Medium,358381,102,6814
Yala,Badulla,2.68,Granola,Sandy_Loam,1179,174419,16092,179276,High,369787,127,7742
Yala,Nuwara_Eliya,0.91,Granola,Loamy,1310,207096,17673,119878,High,344647,118,7625
Yala,Nuwara_Eliya,2.59,Lapala,Sandy_Loam,1046,157982,17979,92333,High,268294,132,7038
Yala,Nuwara_Eliya,1.78,Lapala,Loamy,1486,218641,19497,154452,High,392590,111,7270
Yala,Badulla,0.61,Lapala,Sandy_Loam,1365,228882,23841,137137,Low,389860,124,5351
Yala,Nuwara_Eliya,1.03,Granola,Loamy,1007,183015,15460,127931,Medium,326406,112,6961
Maha,Badulla,1.22,Other,Loamy,1047,156058,17352,120929,Medium,294339,111,6650
Maha,Nuwara_Eliya,2.33,Lapala,Clay_Loam,1298,243466,17145,134795,Low,395406,119,5588
Yala,Nuwara_Eliya,2.41,Lapala,Clay_Loam,1290,197330,23069,139626,Low,360025,105,5290
Maha,Badulla,1.99,Lapala,Sandy_Loam,1067,169735,21108,90506,High,281349,139,7093
Maha,Nuwara_Eliya,1.69,Other,Loamy,971,137216,13394,175076,Medium,325686,90,6174
Yala,Badulla,1.22,Granola,Clay_Loam,1371,239126,27102,135888,Medium,402116,121,6607
Yala,Nuwara_Eliya,2.61,Lapala,Clay_Loam,1238,221995,16748,148514,Medium,387257,99,6037
Maha,Nuwara_Eliya,2.99,Granola,Loamy,1165,210957,21846,156328,Medium,389131,134,6760
Maha,Badulla,1.23,Granola,Clay_Loam,1054,153822,16146,114457,High,284425,90,7019
Yala,Badulla,0.6,Lapala,Loamy,1392,232101,25360,142293,Medium,399754,104,6967
Yala,Nuwara_Eliya,2.67,Other,Loamy,1406,232528,21548,130449,Medium,384525,134,6616
Yala,Badulla,2.03,Other,Sandy_Loam,1334,210126,19976,155166,Low,385268,114,5922
Yala,Badulla,2.44,Granola,Loamy,1343,207614,21568,120792,Medium,349974,118,6183
Maha,Nuwara_Eliya,1.42,Granola,Loamy,1304,194606,22756,173218,High,390580,116,7946
Yala,Nuwara_Eliya,1.73,Granola,Loamy,1144,185514,17105,150281,Medium,352900,136,6252
Maha,Nuwara_Eliya,2.44,Granola,Loamy,1327,219877,22093,104664,Medium,346634,101,6572
Yala,Nuwara_Eliya,2.73,Granola,Loamy,1269,228917,22061,93678,High,344656,107,7530
Yala,Badulla,0.56,Granola,Loamy,1430,251415,24149,166725,High,442289,104,7964
Yala,Badulla,1.5,Granola,Loamy,1061,200289,13907,120679,Medium,334875,105,6228
Maha,Badulla,2.91,Lapala,Loamy,1477,280483,19363,107219,Medium,407065,97,6683
Yala,Nuwara_Eliya,2.14,Lapala,Loamy,1428,239952,27562,141260,Medium,408774,100,6203
Maha,Badulla,2.03,Other,Sandy_Loam,904,168668,17150,132512,Medium,318330,107,6166
Maha,Badulla,0.8,Granola,Loamy,975,148951,13391,90552,High,252894,121,7385
Yala,Badulla,2.86,Granola,Loamy,1340,201108,16657,145593,High,363358,115,7699
Yala,Nuwara_Eliya,2.9,Granola,Loamy,994,188223,17055,154383,Medium,359661,94,6218
Maha,Badulla,1.05,Other,Sandy_Loam,932,171748,16814,143725,Medium,332287,90,6460
Yala,Nuwara_Eliya,2.83,Granola,Sandy_Loam,1569,225096,28181,120419,Medium,373696,107,6022
Maha,Nuwara_Eliya,0.96,Granola,Clay_Loam,1478,213035,24725,133370,High,371130,138,7130
Yala,Nuwara_Eliya,2.44,Granola,Sandy_Loam,1036,148905,15316,110327,Medium,274548,125,6779
Yala,Nuwara_Eliya,0.72,Lapala,Clay_Loam,1231,218723,22178,104017,Low,344918,98,5131
Yala,Badulla,2.59,Granola,Loamy,1375,206683,21650,160167,High,388500,136,7490
Yala,Badulla,2.18,Other,Loamy,1298,243167,18682,117485,Medium,379334,114,6854
Yala,Nuwara_Eliya,1.06,Granola,Loamy,872,156989,12496,136127,High,305612,120,7033
Yala,Nuwara_Eliya,2.8,Granola,Sandy_Loam,742,117241,11050,114819,High,243110,139,7556
Maha,Nuwara_Eliya,2.73,Granola,Loamy,933,162784,18298,100097,High,281179,131,7319
Yala,Badulla,1.24,Granola,Sandy_Loam,1243,216572,19378,167672,Medium,403622,133,6740
Yala,Badulla,0.69,Granola,Loamy,879,149478,14972,132880,Medium,297330,96,6434
Maha,Badulla,1.02,Lapala,Loamy,1002,140444,12398,118001,Low,270843,101,5761
Yala,Badulla,2.04,Other,Loamy,954,157554,14930,126918,Low,299402,131,5871
Yala,Badulla,0.66,Granola,Loamy,1021,175942,17864,112968,High,306774,120,7535
Maha,Nuwara_Eliya,1.34,Lapala,Clay_Loam,1331,214746,20143,131784,Low,366673,93,5983
Yala,Badulla,1.47,Granola,Clay_Loam,1113,181268,17804,149338,Medium,348410,113,6820
Yala,Nuwara_Eliya,1.53,Other,Loamy,1512,284591,20230,111751,Medium,416572,113,6633
Yala,Badulla,1.74,Granola,Loamy,1876,327540,33185,123986,Medium,484711,110,6869
Yala,Badulla,2.6,Granola,Loamy,1192,171660,22389,97263,Medium,291312,139,6836
Maha,Nuwara_Eliya,0.73,Granola,Sandy_Loam,805,127535,11724,128353,High,267612,107,7158
Maha,Nuwara_Eliya,1.32,Granola,Loamy,1187,172133,21479,122880,High,316492,133,8054
Yala,Badulla,2.28,Granola,Loamy,793,135709,10105,145901,Medium,291715,103,6106
Yala,Nuwara_Eliya,1.95,Granola,Loamy,1242,229356,20979,100414,High,350749,115,7134
Maha,Badulla,2.08,Lapala,Loamy,964,145515,12087,157230,Low,314832,115,5998
Yala,Nuwara_Eliya,1.39,Lapala,Sandy_Loam,1292,182805,25685,96686,Medium,305176,124,6083
Yala,Nuwara_Eliya,2.19,Granola,Clay_Loam,1054,180900,12656,132547,Medium,326103,134,6809
Yala,Nuwara_Eliya,1.15,Granola,Clay_Loam,938,163143,17459,114400,High,295002,117,7373
Yala,Nuwara_Eliya,0.9,Granola,Loamy,1205,215374,22741,153088,Medium,391203,92,6406
Maha,Badulla,1.26,Granola,Loamy,1237,177175,20087,114598,Medium,311860,129,6086
Maha,Badulla,2.89,Lapala,Sandy_Loam,1033,172809,17799,145830,Low,336438,125,5423
Yala,Nuwara_Eliya,1.59,Granola,Loamy,1471,216158,21963,134409,High,372530,93,8096
Maha,Nuwara_Eliya,2.33,Granola,Sandy_Loam,1273,225809,21139,166573,Low,413521,97,5811
Yala,Nuwara_Eliya,0.75,Granola,Sandy_Loam,1204,184846,20502,172566,Medium,377914,105,6222
Maha,Badulla,0.83,Granola,Loamy,833,146048,15795,160629,Medium,322472,116,6288
Maha,Badulla,1.41,Granola,Clay_Loam,1060,166325,14570,168430,Medium,349325,135,6147
Yala,Badulla,1.95,Lapala,Loamy,1309,200414,25225,175515,High,401154,103,7006
Yala,Badulla,2.34,Lapala,Loamy,1222,214819,22603,122272,Low,359694,98,5713
Yala,Nuwara_Eliya,2.95,Lapala,Loamy,845,125189,13398,131715,High,270302,116,7394
Yala,Badulla,2.01,Granola,Clay_Loam,1258,224731,23924,127287,Medium,375942,115,6502
Maha,Badulla,2.22,Other,Loamy,1242,190845,21102,152618,Medium,364565,106,6665
Yala,Badulla,1.55,Other,Clay_Loam,1125,161443,15917,103908,Low,281268,116,5923
Yala,Nuwara_Eliya,1.35,Other,Loamy,1066,199811,17692,158339,Medium,375842,94,6076
Yala,Badulla,2.69,Granola,Loamy,1346,218275,18006,155699,Medium,391980,99,6811
Maha,Nuwara_Eliya,1.79,Lapala,Sandy_Loam,1464,221577,25315,125289,Low,372181,93,5645
Yala,Badulla,2.35,Other,Sandy_Loam,1334,202882,19504,118785,Medium,341171,106,6100
Maha,Nuwara_Eliya,1.46,Granola,Loamy,1139,204191,14693,155180,Medium,374064,109,6226
Maha,Nuwara_Eliya,1.95,Granola,Clay_Loam,1156,164455,15738,157684,Medium,337877,125,6051
Yala,Badulla,2.65,Granola,Loamy,1377,195778,24960,141522,High,362260,111,7662
Yala,Nuwara_Eliya,1.07,Granola,Clay_Loam,1206,209177,18697,141593,Medium,369467,127,6989
Maha,Nuwara_Eliya,1.57,Granola,Sandy_Loam,1549,249387,20483,132248,High,402118,124,7410
Yala,Nuwara_Eliya,0.91,Granola,Sandy_Loam,888,142650,15604,135649,High,293903,102,7404
Maha,Nuwara_Eliya,0.54,Granola,Loamy,1330,249232,16705,145318,High,411255,92,7457
Maha,Badulla,2.87,Other,Loamy,1218,218151,20812,134583,Medium,373546,120,6415
Maha,Nuwara_Eliya,2.42,Granola,Clay_Loam,1269,239751,16412,128853,Medium,385016,93,6995
Maha,Nuwara_Eliya,2.24,Other,Clay_Loam,1084,181880,18268,106714,Low,306862,124,4800
Yala,Badulla,1.28,Granola,Clay_Loam,1119,160844,15681,106021,Medium,282546,128,6114
Yala,Nuwara_Eliya,0.93,Granola,Sandy_Loam,1164,200905,19565,173233,Medium,393703,101,6787
Maha,Badulla,0.69,Granola,Loamy,929,138896,14557,145223,Medium,298676,102,6713
Maha,Badulla,2.46,Granola,Loamy,1350,219663,24917,131066,High,375646,132,8186
Yala,Badulla,2.94,Granola,Sandy_Loam,1104,166956,21245,139006,Medium,327207,111,6627
Yala,Nuwara_Eliya,1.42,Other,Loamy,1217,202722,16004,164252,Medium,382978,126,6144
Yala,Nuwara_Eliya,1.7,Granola,Loamy,1280,194684,25445,171288,High,391417,116,7204
Yala,Badulla,2.09,Granola,Sandy_Loam,1306,198191,24849,137827,Low,360867,120,5963
Maha,Badulla,1.57,Granola,Sandy_Loam,1031,174373,17444,100942,High,292759,90,7652
Yala,Nuwara_Eliya,2.13,Granola,Clay_Loam,1084,161526,16359,111422,High,289307,131,7154
Maha,Nuwara_Eliya,0.54,Granola,Clay_Loam,1098,169377,20140,174396,Medium,363913,128,6664
Yala,Badulla,1.81,Granola,Clay_Loam,1366,217669,25502,124344,Medium,367515,131,6136
Yala,Nuwara_Eliya,2.04,Granola,Clay_Loam,1258,228917,23809,137003,Low,389729,136,5616
Maha,Badulla,1.99,Granola,Loamy,1749,273550,26650,164038,High,464238,119,8205
Maha,Nuwara_Eliya,1.18,Granola,Loamy,1254,215681,17323,109723,High,342727,133,7983
Yala,Badulla,1.55,Lapala,Sandy_Loam,1163,210149,18779,172039,Low,400967,106,5561
Maha,Nuwara_Eliya,1.26,Granola,Loamy,1260,227759,24166,145904,High,397829,114,8190
Yala,Badulla,2.79,Lapala,Loamy,1202,198514,18119,102260,High,318893,107,7269
Yala,Badulla,1.19,Granola,Sandy_Loam,1219,213213,19184,107187,Medium,339584,116,6506
Yala,Badulla,1.6,Other,Sandy_Loam,665,115307,10487,90164,Medium,215958,107,6344
Yala,Badulla,1.91,Granola,Clay_Loam,1129,191848,15161,103113,High,310122,90,7314
Yala,Badulla,1.18,Lapala,Clay_Loam,1237,226166,19399,164384,Low,409949,111,5452
Maha,Badulla,1.31,Other,Loamy,1172,186058,15110,127456,Low,328624,129,5978
Maha,Badulla,1.89,Granola,Clay_Loam,1200,186501,22288,140934,Medium,349723,105,6062
Yala,Nuwara_Eliya,2.06,Granola,Clay_Loam,1356,192986,19988,92052,High,305026,103,7161
Yala,Nuwara_Eliya,2.56,Granola,Loamy,1227,218968,19493,158397,High,396858,100,8109
Maha,Nuwara_Eliya,2.8,Granola,Sandy_Loam,915,161202,15429,135120,Medium,311751,121,6204
Yala,Nuwara_Eliya,1.52,Lapala,Sandy_Loam,1114,186478,21626,138242,Low,346346,115,5348
Maha,Nuwara_Eliya,2.66,Granola,Sandy_Loam,985,166022,15601,124360,High,305983,105,7041
Yala,Badulla,1.17,Granola,Sandy_Loam,884,133387,15393,98201,Medium,246981,97,6817
Yala,Nuwara_Eliya,2.58,Granola,Loamy,1155,180261,22005,149136,High,351402,104,7061
Yala,Badulla,2.76,Lapala,Sandy_Loam,1496,212379,25187,152009,Medium,389575,91,6839
Yala,Nuwara_Eliya,1.09,Lapala,Sandy_Loam,1430,220621,26207,118306,Medium,365134,129,6108
Yala,Nuwara_Eliya,1.3,Granola,Sandy_Loam,1254,224779,17351,177558,Low,419688,94,5919
Yala,Nuwara_Eliya,2.31,Other,Loamy,1214,187544,18772,133962,Medium,340278,93,6064
Maha,Nuwara_Eliya,2.12,Other,Loamy,1133,160266,18320,132400,Medium,310986,105,6773
Yala,Nuwara_Eliya,0.9,Lapala,Clay_Loam,971,184285,15756,165605,Medium,365646,97,6183
Yala,Nuwara_Eliya,2.84,Granola,Loamy,1277,215941,19614,108535,High,344090,111,7491
Yala,Badulla,1.33,Granola,Sandy_Loam,1089,204989,13265,143096,High,361350,128,7387
Maha,Nuwara_Eliya,2.77,Other,Sandy_Loam,1235,202668,15263,140575,Medium,358506,110,6274
Maha,Nuwara_Eliya,2.21,Granola,Loamy,1486,253393,24667,151256,Medium,429316,106,6844
Yala,Nuwara_Eliya,2.28,Granola,Loamy,1240,210564,24228,144846,High,379638,129,7510
Yala,Badulla,2.3,Lapala,Loamy,971,157892,18527,121068,High,297487,108,7213
Yala,Badulla,1.84,Other,Loamy,1064,185218,13497,106076,Medium,304791,110,6080
Yala,Nuwara_Eliya,2.63,Granola,Clay_Loam,1020,178585,12374,103153,Medium,294112,131,6742
Yala,Nuwara_Eliya,1.75,Other,Sandy_Loam,1517,242579,19664,116437,Low,378680,138,5691
Maha,Nuwara_Eliya,2.71,Lapala,Sandy_Loam,1129,210613,22120,175423,Medium,408156,137,6786
Yala,Badulla,2.61,Lapala,Loamy,1183,188760,23388,121602,Low,333750,133,5715
Maha,Nuwara_Eliya,1.38,Granola,Loamy,1289,184546,18548,90915,High,294009,124,7397
Yala,Badulla,2.42,Lapala,Loamy,1118,157607,14955,156717,High,329279,127,7432
Yala,Nuwara_Eliya,0.81,Granola,Loamy,1288,218279,20841,150602,High,389722,93,7815
Yala,Nuwara_Eliya,1.22,Lapala,Loamy,1205,190819,15664,126434,Medium,332917,91,6065
Maha,Badulla,1.7,Granola,Loamy,1452,226234,27067,139107,High,392408,106,8098
Yala,Nuwara_Eliya,2.07,Other,Loamy,1845,310534,35716,115851,Low,462101,97,5816
Maha,Nuwara_Eliya,0.71,Lapala,Loamy,1297,194235,15916,128448,Medium,338599,118,6114
Yala,Nuwara_Eliya,0.74,Lapala,Loamy,1186,190051,21866,132081,Medium,343998,132,6201
Maha,Nuwara_Eliya,1.02,Granola,Clay_Loam,1038,196428,16626,175595,Medium,388649,115,6405
Yala,Nuwara_Eliya,1.83,Granola,Loamy,1351,206732,18515,168069,High,393316,119,7704
Maha,Badulla,2.75,Granola,Sandy_Loam,1378,205417,20423,119794,Low,345634,107,5865
Yala,Badulla,1.24,Other,Loamy,1218,197755,18325,100860,Medium,316940,139,6685
Maha,Nuwara_Eliya,0.84,Granola,Loamy,1020,185773,20342,122971,High,329086,112,7593
Yala,Nuwara_Eliya,2.74,Granola,Loamy,1254,222873,21958,101989,High,346820,115,7741
Maha,Badulla,2.68,Granola,Sandy_Loam,891,156857,16268,174050,High,347175,108,7179
Maha,Badulla,1.81,Other,Loamy,1393,214669,22714,106046,Medium,343429,135,6359
Yala,Nuwara_Eliya,0.75,Granola,Loamy,910,166848,16349,97602,High,280799,127,7515
Maha,Nuwara_Eliya,0.63,Other,Sandy_Loam,1024,175050,14766,177002,Low,366818,104,5954
Maha,Nuwara_Eliya,2.7,Granola,Clay_Loam,1006,161241,14764,120961,Medium,296966,128,6623
Maha,Nuwara_Eliya,2.69,Granola,Clay_Loam,1333,250216,26025,163001,Medium,439242,101,6523
Yala,Nuwara_Eliya,1.15,Lapala,Loamy,1261,205928,24031,151974,Medium,381933,103,6406
Yala,Nuwara_Eliya,2.9,Granola,Loamy,726,133606,13919,168456,High,315981,115,7482
Yala,Nuwara_Eliya,0.67,Granola,Loamy,1297,201297,25315,112512,High,339124,105,7415
Yala,Nuwara_Eliya,1.42,Other,Loamy,1160,214057,17398,107056,Low,338511,90,5305
Yala,Nuwara_Eliya,0.56,Granola,Loamy,1385,255356,22704,175185,Medium,453245,90,6356
Yala,Nuwara_Eliya,2.71,Lapala,Loamy,1312,227359,17642,131208,Low,376209,115,5738
Maha,Badulla,2.38,Granola,Loamy,1311,208771,16817,131724,Medium,357312,122,6094
Yala,Nuwara_Eliya,1.48,Granola,Loamy,1184,205241,23156,172259,High,400656,123,7154
Yala,Nuwara_Eliya,2.59,Lapala,Loamy,1215,230428,22069,136564,Medium,389061,109,6691
Yala,Nuwara_Eliya,1.22,Other,Clay_Loam,1308,235106,22278,136805,Low,394189,138,5833
Yala,Badulla,1.29,Granola,Clay_Loam,1359,213145,24091,133458,Medium,370694,121,6468
Maha,Badulla,0.58,Other,Sandy_Loam,1202,193498,15783,155090,Medium,364371,118,6167
Yala,Badulla,0.67,Granola,Loamy,1441,246702,20047,144248,High,410997,122,7188
Yala,Nuwara_Eliya,1.42,Granola,Loamy,1020,160412,17070,167063,High,344545,108,7589
Yala,Nuwara_Eliya,0.68,Granola,Sandy_Loam,960,174026,12072,107677,High,293775,105,7058
Yala,Nuwara_Eliya,2.81,Lapala,Clay_Loam,1534,218630,18864,170447,Low,407941,134,5195
Yala,Badulla,1.14,Lapala,Loamy,1113,156643,15746,107194,Low,279583,115,5931
Yala,Badulla,2.1,Other,Loamy,1305,246382,19409,120563,Medium,386354,97,6744
Yala,Nuwara_Eliya,0.64,Other,Loamy,1492,273761,24739,129061,Low,427561,138,5594
Yala,Nuwara_Eliya,2.94,Lapala,Loamy,1495,261947,22773,177079,Medium,461799,103,6920
Yala,Badulla,0.53,Other,Loamy,1429,245139,18258,177766,Medium,441163,101,6323
Maha,Badulla,2.85,Lapala,Loamy,1336,242927,17776,92005,Medium,352708,135,6657
Yala,Badulla,1.95,Granola,Loamy,1256,223295,21144,108839,Medium,353278,126,6943
Yala,Badulla,2.74,Granola,Sandy_Loam,1121,210846,17500,140465,Medium,368811,119,6271
Yala,Badulla,2.32,Granola,Loamy,1085,185415,14214,93355,High,292984,129,7602
Maha,Badulla,0.65,Granola,Loamy,1031,164845,14631,105774,High,285250,109,8135
Maha,Badulla,1.34,Granola,Loamy,1136,204829,14677,170541,Medium,390047,99,6152
Maha,Badulla,0.98,Granola,Loamy,1423,250154,17656,134793,High,402603,106,7419
Yala,Badulla,1.57,Lapala,Sandy_Loam,1118,189317,15352,124426,Low,329095,119,5983
Maha,Nuwara_Eliya,1.73,Granola,Clay_Loam,910,162690,12305,103737,Medium,278732,107,6289