Farm_ID,Location,Collection_Date,Growth_Stage,pH,EC,P,K,Temperature,Humidity,Moisture,N,Soil_Suitability,N_Status,P_Status,K_Status,Recommended_Urea,Recommended_TSP,Recommended_MOP,Recommended_Organic
BD_BW_2023_0001,Bandarawela,10/9/2023,Vegetative,6.4,0.136,116.5,335.9,25.7,65.4,58.3,50.2,2,2,2,2,7,0,0,0
BD_BR_2023_0001,Boralanda,4/15/2023,Germination,5.65,0.094,64.2,211.4,19.9,80.4,48.5,20.8,2,0,1,1,5.5,4.5,8,1000
BD_MH_2024_0001,Mirahawatte,2/2/2023,Germination,5.84,0.083,84.7,368.6,18.4,80.9,58.3,68.5,2,2,1,2,3,4.5,5,1000
BD_BW_2023_0002,Bandarawela,8/27/2023,Germination,5.96,0.071,143.7,321.6,20.3,83.2,44.7,47.9,2,1,2,2,5.5,0,5,600
BD_ME_2023_0001,Makul_Ella,10/27/2024,Maturation,6.49,0.042,43.4,250.4,23.4,76.5,61.4,40.2,1,1,0,1,0,0,0,0
BD_BR_2024_0002,Boralanda,8/26/2024,Tuber_Initiation,5.39,0.113,32.5,278.7,16.1,91.6,41,41.4,1,1,0,1,11,0,12.5,0
BD_HP_2023_0001,Haputhale,12/15/2024,Maturation,5.93,0.118,135.3,351.2,18.9,87.3,50.7,46.3,2,1,2,2,0,0,0,0
BD_RK_2024_0001,Rathkarawua,6/9/2023,Vegetative,5.6,0.078,147.5,302.9,26.1,77.4,66.5,54.5,2,2,2,2,7,0,0,0
BD_RK_2023_0002,Rathkarawua,4/5/2023,Maturation,6.34,0.136,103.9,324.5,22.4,68.5,40.2,75,2,2,2,2,0,0,0,0
BD_BW_2024_0003,Bandarawela,12/19/2023,Tuber_Initiation,5.63,0.091,146.1,346.1,21.8,66.5,43.4,59.8,2,2,2,2,5.5,0,8,0
BD_HP_2024_0002,Haputhale,7/3/2024,Germination,5.88,0.1,107.5,346.6,25.2,76.4,54.3,59,2,2,2,2,3,0,5,600
BD_HN_2023_0001,Hinnarangolla,7/19/2024,Tuber_Initiation,5.85,0.125,69,303.7,20.3,76,50.1,38.1,2,1,1,2,11,0,8,0
BD_MH_2024_0002,Mirahawatte,8/14/2024,Vegetative,6.06,0.102,99.9,303.5,25.8,87.3,71,40.5,2,1,1,2,11,0,0,0
BD_BW_2023_0004,Bandarawela,11/8/2024,Vegetative,6.19,0.06,78.2,267.1,20.4,70.6,74.9,48.5,2,1,1,1,11,0,0,0
BD_OH_2023_0001,Ohiya,8/27/2023,Germination,5.88,0.082,89,238.3,18.1,83.6,43.9,45.7,2,1,1,1,5.5,4.5,8,600
BD_HN_2024_0002,Hinnarangolla,4/9/2024,Tuber_Initiation,5.52,0.21,121.5,310.3,17.3,82.6,49.4,28.1,2,0,2,2,16.5,0,8,0
BD_WD_2024_0001,Welimada,12/30/2023,Vegetative,5.07,0.164,82.1,186.9,17.1,80.8,52.7,44.2,1,1,1,1,11,0,0,0
BD_OH_2023_0002,Ohiya,9/15/2024,Vegetative,5.79,0.166,96.7,292.2,12.7,93.5,61.2,21.9,1,0,1,1,11,0,0,0
BD_ME_2023_0002,Makul_Ella,6/17/2023,Maturation,6.16,0.074,103.5,178.2,16.7,77.7,65.3,44.2,2,1,2,1,0,0,0,0
BD_HN_2024_0003,Hinnarangolla,10/17/2024,Vegetative,6.14,0.079,105.4,248.7,22.7,76.3,59.1,26.1,2,0,2,1,11,0,0,0
BD_RK_2023_0003,Rathkarawua,8/23/2023,Germination,6.66,0.102,99.5,348.5,21.9,73.3,52.8,41.1,2,1,1,2,5.5,4.5,5,600
BD_RK_2024_0004,Rathkarawua,10/2/2023,Germination,6.55,0.106,114,358.4,20.6,82.4,82.2,45.9,2,1,2,2,5.5,0,5,600
BD_BR_2024_0003,Boralanda,8/6/2023,Maturation,5.36,0.176,94.5,228.8,22.7,94.4,67.2,36.8,1,1,1,1,0,0,0,0
BD_HN_2024_0004,Hinnarangolla,5/27/2023,Tuber_Initiation,5.73,0.123,103.3,292.3,24.5,84.5,43.4,40.1,2,1,2,1,11,0,12.5,0
BD_WD_2023_0002,Welimada,7/28/2024,Tuber_Initiation,5.47,0.083,84.6,242.9,21.6,81.1,65.1,46.7,1,1,1,1,11,0,12.5,0
BD_MH_2024_0003,Mirahawatte,8/20/2024,Maturation,6.56,0.098,104.9,322.2,24.4,81.7,90,52.1,2,2,2,2,0,0,0,0
BD_RK_2023_0005,Rathkarawua,5/22/2023,Maturation,6.58,0.113,136.3,297.4,19.3,77.3,44.4,49.3,2,1,2,1,0,0,0,0
BD_BW_2023_0005,Bandarawela,4/23/2023,Vegetative,5.48,0.092,128.9,293.4,21,75.4,63.1,44.2,2,1,2,1,11,0,0,0
BD_WD_2024_0003,Welimada,9/2/2024,Germination,5.57,0.151,100.4,203.5,21.1,87.3,75.4,61.9,1,2,2,1,3,0,8,1500
BD_HN_2024_0005,Hinnarangolla,9/2/2024,Maturation,6.01,0.109,93.3,292.4,17.2,89.3,56.6,30.1,2,1,1,1,0,0,0,0
BD_ME_2024_0003,Makul_Ella,7/20/2024,Germination,6.3,0.123,106,180,21.7,86.2,40.4,41.2,2,1,2,1,5.5,0,8,1500
BD_BW_2024_0006,Bandarawela,10/18/2024,Tuber_Initiation,6.35,0.145,161.3,256.9,20.1,67.3,41.9,58.1,2,2,2,1,5.5,0,12.5,0
BD_BW_2024_0007,Bandarawela,3/21/2024,Vegetative,6.38,0.088,139.4,272.9,23.5,73,50.1,37.6,2,1,2,1,11,0,0,0
BD_UP_2023_0001,Uva_Paranagama,9/27/2023,Vegetative,6.73,0.163,88.1,174.2,25.3,68.3,49.4,37.3,1,1,1,1,11,0,0,0
BD_ME_2023_0004,Makul_Ella,10/2/2024,Tuber_Initiation,6.12,0.121,62,243.5,21.1,82.8,67.9,19,2,0,1,1,16.5,0,12.5,0
BD_ME_2023_0005,Makul_Ella,6/6/2023,Tuber_Initiation,6.41,0.135,82.1,262,16.6,80.4,47.9,40.8,2,1,1,1,11,0,12.5,0
BD_WD_2023_0004,Welimada,9/5/2024,Tuber_Initiation,5.65,0.105,105.5,257.9,22.4,79.8,59.7,41.6,2,1,2,1,11,0,12.5,0
BD_UP_2023_0002,Uva_Paranagama,4/25/2023,Tuber_Initiation,5.94,0.102,37.2,100,26.9,73.6,49.4,32.4,1,1,0,0,11,0,12.5,0
BD_OH_2023_0003,Ohiya,3/1/2023,Vegetative,6.5,0.141,104.4,305.3,12.1,93.6,68,35.6,2,1,2,2,11,0,0,0
BD_MH_2023_0004,Mirahawatte,3/29/2023,Maturation,6.09,0.122,104.7,386.5,23.4,83.5,43.3,40,2,1,2,2,0,0,0,0
BD_BW_2023_0008,Bandarawela,5/12/2023,Maturation,6.45,0.063,135.7,309.5,27.1,72,68.5,31.3,2,1,2,2,0,0,0,0
BD_ME_2023_0006,Makul_Ella,9/29/2023,Maturation,6.37,0.15,120.7,218.3,16.7,91.8,61,33.3,1,1,2,1,0,0,0,0
BD_BR_2023_0004,Boralanda,11/16/2023,Maturation,5.13,0.129,37.8,204.1,22.3,79.9,69.7,17.6,1,0,0,1,0,0,0,0
BD_RK_2024_0006,Rathkarawua,6/13/2024,Maturation,6.08,0.089,119.9,282.7,25,79.7,45.6,50.6,2,2,2,1,0,0,0,0
BD_BW_2023_0009,Bandarawela,8/19/2023,Germination,6.16,0.078,130,337.6,27.9,66.5,58.4,48.6,2,1,2,2,5.5,0,5,1000
BD_RK_2023_0007,Rathkarawua,8/25/2024,Vegetative,6.39,0.102,121.4,401,23.7,86,48.7,65.2,2,2,2,2,7,0,0,0
BD_MH_2023_0005,Mirahawatte,1/8/2023,Germination,7.08,0.072,99.8,276.4,18.6,87.5,38.9,56.3,1,2,1,1,3,4.5,8,600
BD_HP_2023_0003,Haputhale,3/11/2023,Germination,5.43,0.119,129.1,332.9,25.5,87.3,75.2,37.4,2,1,2,2,5.5,0,5,1000
BD_RK_2023_0008,Rathkarawua,6/10/2024,Vegetative,6.67,0.131,108.3,241.5,22.7,76.3,55.3,50.2,2,2,2,1,7,0,0,0
BD_OH_2024_0004,Ohiya,8/8/2023,Vegetative,5.93,0.155,78.3,253,18.2,94.2,60.1,38.1,1,1,1,1,11,0,0,0
BD_MH_2024_0006,Mirahawatte,9/6/2023,Maturation,6.02,0.086,135.6,267.3,23.4,81.1,59.8,37.1,2,1,2,1,0,0,0,0
BD_HN_2023_0006,Hinnarangolla,4/7/2023,Germination,5.5,0.242,70.9,252.1,21.4,82.1,55.5,49.8,1,1,1,1,5.5,4.5,8,1000
BD_HN_2024_0007,Hinnarangolla,3/9/2024,Maturation,5.85,0.208,109.1,272.3,17.1,78.3,49.9,33.7,1,1,2,1,0,0,0,0
BD_UP_2023_0003,Uva_Paranagama,11/20/2024,Germination,4.5,0.189,91.1,219.9,23.2,77.4,53.7,40,1,1,1,1,5.5,4.5,8,1500
BD_HP_2024_0004,Haputhale,12/14/2023,Germination,5.52,0.089,118.6,325.4,19.9,71.5,36.2,57,2,2,2,2,3,0,5,600
BD_BR_2023_0005,Boralanda,7/14/2023,Maturation,5.34,0.125,94.6,277.4,16.5,78.7,58.5,28.1,1,0,1,1,0,0,0,0
BD_WD_2024_0005,Welimada,7/7/2023,Tuber_Initiation,5.68,0.088,56.2,234.6,21.5,75.7,30,38.6,2,1,1,1,11,0,12.5,0
BD_UP_2023_0004,Uva_Paranagama,3/19/2023,Maturation,5.91,0.15,85.1,218.3,23,74.7,46.1,23.8,1,0,1,1,0,0,0,0
BD_ME_2023_0007,Makul_Ella,2/21/2023,Germination,5.09,0.128,121,322.2,23.2,83.7,45.6,46.5,2,1,2,2,5.5,0,5,1500
BD_BW_2023_0010,Bandarawela,6/20/2023,Maturation,5.81,0.04,122,371,20.2,71.4,36.4,41.9,2,1,2,2,0,0,0,0
BD_UP_2024_0005,Uva_Paranagama,8/7/2023,Maturation,4.98,0.271,28,255.9,24.3,76.7,52.7,21,0,0,0,1,0,0,0,0
BD_HP_2023_0005,Haputhale,1/24/2024,Germination,6.02,0.07,159.6,294.5,20.8,89.7,77,55.4,2,2,2,1,3,0,8,600
BD_HN_2024_0008,Hinnarangolla,4/10/2024,Tuber_Initiation,5.16,0.116,96.9,207.5,24.2,73.4,45.9,29.7,1,0,1,1,16.5,0,12.5,0
BD_HN_2024_0009,Hinnarangolla,6/8/2023,Vegetative,4.5,0.136,100.5,259.5,18.4,84,63.2,32.2,1,1,2,1,11,0,0,0
BD_OH_2023_0005,Ohiya,3/1/2023,Germination,6.06,0.167,102.5,156.5,15.4,87.6,47,32.4,1,1,2,1,5.5,0,8,1000
BD_RK_2023_0009,Rathkarawua,2/21/2023,Maturation,6.02,0.114,112.3,249,23.3,69,37.5,47.5,2,1,2,1,0,0,0,0
BD_ME_2023_0008,Makul_Ella,2/28/2023,Germination,5.48,0.111,68.5,290.3,20.8,83,62.9,49.1,1,1,1,1,5.5,4.5,8,1500
BD_WD_2023_0006,Welimada,9/1/2024,Germination,4.94,0.144,49,248.5,20.6,89.3,56.2,38.9,1,1,0,1,5.5,6.7,8,1500
BD_BR_2024_0006,Boralanda,5/3/2023,Vegetative,6.2,0.118,67.6,215.6,19.2,84.1,66,43.4,2,1,1,1,11,0,0,0
BD_MH_2023_0007,Mirahawatte,9/26/2024,Germination,6.09,0.129,143.7,300,24,79,50.1,33,2,1,2,1,5.5,0,8,600
BD_HN_2024_0010,Hinnarangolla,9/25/2023,Vegetative,6.2,0.04,73.4,281.5,24.5,83.3,58.2,29.2,2,0,1,1,11,0,0,0
BD_RK_2023_0010,Rathkarawua,9/29/2023,Maturation,5.85,0.127,110,330.4,20.2,74.2,54.2,49.5,2,1,2,2,0,0,0,0
BD_WD_2024_0007,Welimada,4/13/2024,Tuber_Initiation,6.5,0.116,54.3,243.6,22.6,76.9,61,34.5,2,1,1,1,11,0,12.5,0
BD_BW_2023_0011,Bandarawela,4/14/2024,Germination,6.71,0.073,108.9,292.9,25.6,75.9,65.9,55,2,2,2,1,3,0,8,600
BD_BW_2023_0012,Bandarawela,6/2/2024,Tuber_Initiation,5.89,0.135,88.9,238.9,24.9,65.4,74.6,49.4,2,1,1,1,11,0,12.5,0
BD_WD_2024_0008,Welimada,3/12/2023,Vegetative,7.07,0.162,97.7,250.8,19.4,87.5,70.5,56.8,1,2,1,1,7,0,0,0
BD_RK_2024_0011,Rathkarawua,6/11/2023,Maturation,5.8,0.123,116.9,312.2,21.7,84.1,54.3,43.3,2,1,2,2,0,0,0,0
BD_ME_2024_0009,Makul_Ella,9/18/2024,Germination,6.51,0.171,20,228.5,17.8,82.7,71.8,34.6,0,1,0,1,5.5,6.7,8,1000
BD_ME_2024_0010,Makul_Ella,11/10/2024,Germination,5.85,0.137,71.8,105.2,21.1,75.2,33.6,48.8,1,1,1,0,5.5,4.5,12.5,600
BD_WD_2024_0009,Welimada,4/29/2023,Germination,5.39,0.132,95.5,200,16.5,87.7,57.7,63.7,1,2,1,1,3,4.5,8,600
BD_ME_2023_0011,Makul_Ella,10/6/2023,Tuber_Initiation,6.12,0.113,75.7,211.3,16.5,88.2,46.2,63.7,2,2,1,1,5.5,0,12.5,0
BD_MH_2023_0008,Mirahawatte,12/18/2023,Vegetative,6.76,0.053,53.5,226.9,24.9,87,53.1,45.3,1,1,1,1,11,0,0,0
BD_OH_2024_0006,Ohiya,9/15/2023,Germination,5.16,0.228,56.7,184.5,17.3,80.4,46.4,42.9,1,1,1,1,5.5,4.5,8,1500
BD_BW_2024_0013,Bandarawela,10/11/2023,Germination,5.92,0.086,101.8,313.9,20.8,69.9,57.1,38.2,2,1,2,2,5.5,0,5,1000
BD_HP_2024_0006,Haputhale,5/14/2023,Tuber_Initiation,6.48,0.125,131.1,295.6,25.2,70.3,40.7,42.7,2,1,2,1,11,0,12.5,0
BD_WD_2024_0010,Welimada,7/18/2024,Maturation,5,0.099,132.9,177.9,21,82,60.8,22.4,1,0,2,1,0,0,0,0
BD_ME_2023_0012,Makul_Ella,4/25/2023,Germination,4.75,0.135,130.9,250.6,22.4,82.2,54.6,47.7,1,1,2,1,5.5,0,8,1000
BD_WD_2023_0011,Welimada,1/14/2024,Vegetative,7.29,0.119,100.2,208.9,17.4,79.6,57.3,38.2,1,1,2,1,11,0,0,0
BD_HN_2023_0011,Hinnarangolla,2/12/2023,Tuber_Initiation,6.12,0.055,50.6,260.4,17.1,74.5,57.1,33.3,2,1,1,1,11,0,12.5,0
BD_RK_2023_0012,Rathkarawua,1/2/2024,Vegetative,6.85,0.105,159.3,269.8,23.2,68.9,36.8,33.3,2,1,2,1,11,0,0,0
BD_BR_2023_0007,Boralanda,12/29/2023,Maturation,6.31,0.102,58.2,249.3,17.8,90.2,50.1,22.8,2,0,1,1,0,0,0,0
BD_MH_2023_0009,Mirahawatte,8/31/2023,Vegetative,6.43,0.081,76.2,393.3,18.2,74.7,58.9,41.1,2,1,1,2,11,0,0,0
BD_WD_2024_0012,Welimada,1/26/2023,Vegetative,5.65,0.135,83.7,368,16.6,87.4,59.4,34.5,2,1,1,2,11,0,0,0
BD_RK_2024_0013,Rathkarawua,11/16/2024,Vegetative,6.99,0.078,118.8,247.7,21.2,79.8,63.6,53.1,2,2,2,1,7,0,0,0
BD_OH_2023_0007,Ohiya,12/19/2024,Germination,5.56,0.171,72.6,236.3,17.9,92.1,60,48.6,1,1,1,1,5.5,4.5,8,1500
BD_HN_2023_0012,Hinnarangolla,4/26/2024,Vegetative,6.77,0.172,111.9,217.3,18.4,82.2,57,42.3,1,1,2,1,11,0,0,0
BD_BR_2024_0008,Boralanda,12/25/2023,Tuber_Initiation,5.35,0.174,111.6,238,21.6,78.6,62.3,33.3,1,1,2,1,11,0,12.5,0
BD_BR_2023_0009,Boralanda,1/25/2023,Vegetative,5.16,0.204,95,187.9,19.3,91.4,54.2,36.1,1,1,1,1,11,0,0,0
BD_HN_2024_0013,Hinnarangolla,10/13/2023,Germination,6.62,0.184,35.4,253.4,23.4,90,58.5,45.1,0,1,0,1,5.5,6.7,8,1500
BD_OH_2024_0008,Ohiya,10/18/2024,Maturation,6.73,0.04,59.5,214.5,15.4,91.1,73,33.5,1,1,1,1,0,0,0,0
BD_ME_2024_0013,Makul_Ella,1/29/2023,Germination,5.75,0.094,71.5,172.8,21.4,78.7,41.4,18.7,2,0,1,1,5.5,4.5,8,1500
BD_OH_2023_0009,Ohiya,8/17/2024,Tuber_Initiation,5.9,0.107,55.2,355.5,16.9,87.7,62,39.7,2,1,1,2,11,0,8,0
BD_HP_2023_0007,Haputhale,9/2/2024,Maturation,5.94,0.073,106.7,285.1,25.8,87.7,55.4,44,2,1,2,1,0,0,0,0
BD_RK_2024_0014,Rathkarawua,3/22/2024,Germination,6.05,0.121,90.7,341.8,20.8,78.7,59.8,43.6,2,1,1,2,5.5,4.5,5,1000
BD_HN_2023_0014,Hinnarangolla,9/18/2023,Germination,6.93,0.121,133.9,209.4,21.4,73.6,62.3,43.4,2,1,2,1,5.5,0,8,600
BD_HN_2023_0015,Hinnarangolla,6/16/2024,Vegetative,4.95,0.092,42.3,284.2,23.8,80.9,56.6,32.8,1,1,0,1,11,0,0,0
BD_RK_2024_0015,Rathkarawua,3/13/2023,Tuber_Initiation,7.21,0.121,106.7,290.4,26,83.9,60.2,34.9,1,1,2,1,11,0,12.5,0
BD_MH_2024_0010,Mirahawatte,11/10/2024,Germination,6.57,0.111,130.5,326.2,22.9,83.5,67.1,56.5,2,2,2,2,3,0,5,600
BD_OH_2024_0010,Ohiya,11/13/2024,Maturation,5.9,0.099,84.4,300.3,16.1,80.1,58,42.2,2,1,1,2,0,0,0,0
BD_RK_2024_0016,Rathkarawua,12/14/2024,Tuber_Initiation,6.53,0.093,82.8,311,25.2,70.1,71.7,53.2,2,2,1,2,5.5,0,8,0
BD_ME_2023_0014,Makul_Ella,7/16/2023,Maturation,6.15,0.154,127.3,235.2,16.5,80.1,58.1,39.8,1,1,2,1,0,0,0,0
BD_HN_2023_0016,Hinnarangolla,9/22/2024,Tuber_Initiation,5.78,0.188,85.2,149.5,23.1,72.4,54.7,32.4,1,1,1,0,11,0,12.5,0
BD_HN_2023_0017,Hinnarangolla,11/8/2023,Tuber_Initiation,6.94,0.234,78,212.2,23.4,84.5,54,25.7,1,0,1,1,16.5,0,12.5,0
BD_BR_2024_0010,Boralanda,8/16/2024,Tuber_Initiation,6.67,0.083,119.3,228.9,18.2,82.7,44.4,56.5,2,2,2,1,5.5,0,12.5,0
BD_UP_2024_0006,Uva_Paranagama,3/28/2024,Vegetative,5.46,0.228,61.1,169.1,22.9,82.3,52.6,28.6,1,0,1,1,11,0,0,0
BD_ME_2024_0015,Makul_Ella,6/23/2023,Germination,6.3,0.128,79.1,253.5,22.1,85.6,60.7,43.7,2,1,1,1,5.5,4.5,8,1000
BD_OH_2024_0011,Ohiya,4/6/2023,Vegetative,6.12,0.212,101.3,235.5,15.4,83,47.6,41.7,1,1,2,1,11,0,0,0
BD_OH_2023_0012,Ohiya,7/23/2023,Vegetative,5.56,0.168,79.6,160.4,12.1,81.1,35.5,33.5,1,1,1,1,11,0,0,0
BD_HP_2023_0008,Haputhale,9/8/2023,Maturation,6.02,0.113,59.4,246.6,18.3,79.6,58.6,51,2,2,1,1,0,0,0,0
BD_MH_2023_0011,Mirahawatte,4/11/2024,Maturation,6.09,0.089,109.9,406.1,20.6,79.3,54,46.2,2,1,2,2,0,0,0,0
BD_MH_2023_0012,Mirahawatte,12/14/2024,Maturation,6.1,0.082,103,269.9,19.6,73,57.4,55.9,2,2,2,1,0,0,0,0
BD_UP_2024_0007,Uva_Paranagama,9/7/2023,Vegetative,5.72,0.229,35,261.5,22.7,81.3,60.9,35.2,1,1,0,1,11,0,0,0
BD_HP_2023_0009,Haputhale,3/11/2024,Vegetative,6.73,0.069,124.9,393,18.5,74.9,54,45,2,1,2,2,11,0,0,0
BD_WD_2024_0013,Welimada,2/21/2023,Vegetative,5.38,0.196,64.1,270.9,17.8,91.9,63.1,55.3,1,2,1,1,7,0,0,0
BD_BW_2024_0014,Bandarawela,5/17/2023,Maturation,6.22,0.059,123,334.5,25.8,79.9,52.8,56.7,2,2,2,2,0,0,0,0
BD_ME_2024_0016,Makul_Ella,3/29/2024,Maturation,4.88,0.24,53,161.9,23.2,82.2,54.5,48.8,1,1,1,1,0,0,0,0
BD_ME_2024_0017,Makul_Ella,6/12/2023,Maturation,6.39,0.209,32.7,313.8,23.3,78.1,46.4,42,1,1,0,2,0,0,0,0
BD_UP_2024_0008,Uva_Paranagama,9/11/2023,Tuber_Initiation,5.76,0.196,47.7,105.7,22.9,76.9,30,34.2,0,1,0,0,11,0,12.5,0
BD_ME_2024_0018,Makul_Ella,10/3/2024,Vegetative,5.78,0.198,46.4,175.3,16.6,77.9,50.4,22.4,1,0,0,1,11,0,0,0
BD_OH_2024_0013,Ohiya,3/21/2023,Tuber_Initiation,4.74,0.202,87.6,227,13.3,82.5,63.5,53,1,2,1,1,5.5,0,12.5,0
BD_BR_2024_0011,Boralanda,12/10/2023,Tuber_Initiation,5.81,0.162,142.3,259.1,15.9,82.6,58.8,35,1,1,2,1,11,0,12.5,0
BD_ME_2023_0019,Makul_Ella,5/22/2023,Vegetative,6.03,0.088,59.4,233.5,16.3,77.5,33,38.8,2,1,1,1,11,0,0,0
BD_BR_2024_0012,Boralanda,12/11/2024,Vegetative,6.55,0.04,90.4,289.9,15.2,83.2,59.3,29.3,1,0,1,1,11,0,0,0
BD_BR_2023_0013,Boralanda,2/29/2024,Maturation,5.44,0.107,99.3,253.8,20.5,92.2,61.1,36.1,1,1,1,1,0,0,0,0
BD_RK_2024_0017,Rathkarawua,3/1/2024,Germination,6.26,0.088,129.1,406.1,26.4,81.8,55.4,44.4,2,1,2,2,5.5,0,5,600
BD_BR_2024_0014,Boralanda,2/3/2024,Germination,5.35,0.222,100.1,185.5,23,78.8,46,41,1,1,2,1,5.5,0,8,1000
BD_MH_2024_0013,Mirahawatte,5/3/2024,Germination,6.17,0.103,128.2,322.9,21.2,75.9,55.9,52.5,2,2,2,2,3,0,5,600
BD_RK_2024_0018,Rathkarawua,2/4/2024,Maturation,6.62,0.109,134.2,338.9,23.4,68.1,50.5,46.8,2,1,2,2,0,0,0,0
BD_ME_2023_0020,Makul_Ella,5/14/2024,Vegetative,5.34,0.098,36.8,319.7,19,78.9,50.5,22.5,1,0,0,2,11,0,0,0
BD_OH_2024_0014,Ohiya,5/12/2024,Germination,6.1,0.217,59,294.5,16.2,87.2,53.6,47.8,1,1,1,1,5.5,4.5,8,1000
BD_HN_2024_0018,Hinnarangolla,11/15/2024,Maturation,5.17,0.262,30.6,291.1,22.7,89.2,63.4,44.8,0,1,0,1,0,0,0,0
BD_WD_2024_0014,Welimada,5/11/2023,Germination,5.85,0.168,91.8,230.6,18.3,80.2,53.1,21.1,1,0,1,1,5.5,4.5,8,1500
BD_HN_2023_0019,Hinnarangolla,3/27/2023,Maturation,6.11,0.061,121.8,285.9,18,75.3,36.2,32,2,1,2,1,0,0,0,0
BD_WD_2024_0015,Welimada,7/6/2023,Germination,5.42,0.151,96.5,332.3,23.7,83.2,59.7,22.1,1,0,1,2,5.5,4.5,5,1500
BD_OH_2024_0015,Ohiya,12/2/2023,Vegetative,6.13,0.119,120.9,246.3,19.1,83.4,59.2,50.1,2,2,2,1,7,0,0,0
BD_UP_2024_0009,Uva_Paranagama,12/12/2023,Maturation,5.9,0.176,22.6,231.7,26.2,70.5,43.3,18,1,0,0,1,0,0,0,0
BD_OH_2024_0016,Ohiya,9/16/2023,Germination,5.82,0.154,117.4,206.3,13.3,91.1,46,60.2,1,2,2,1,3,0,8,1000
BD_UP_2023_0010,Uva_Paranagama,7/6/2024,Germination,5.22,0.33,66.3,235.1,24.8,74.9,38.3,23.5,0,0,1,1,5.5,4.5,8,1500
BD_RK_2023_0019,Rathkarawua,10/27/2024,Germination,5.88,0.073,161,377.1,23.6,73.5,46.1,50.4,2,2,2,2,3,0,5,600
BD_HP_2023_0010,Haputhale,9/11/2023,Vegetative,5.76,0.084,102.2,286.5,25,83,39.6,49.9,2,1,2,1,11,0,0,0
BD_HP_2023_0011,Haputhale,9/2/2023,Vegetative,5.4,0.054,129.4,359.1,23.8,79.3,73.2,53.6,2,2,2,2,7,0,0,0
BD_UP_2023_0011,Uva_Paranagama,7/31/2024,Vegetative,5.58,0.25,38,135.4,26,72,41.7,27.1,0,0,0,0,11,0,0,0
BD_UP_2024_0012,Uva_Paranagama,1/13/2024,Vegetative,6.37,0.175,70.2,130.8,26.7,75.4,60,28.6,1,0,1,0,11,0,0,0
BD_MH_2023_0014,Mirahawatte,6/17/2023,Tuber_Initiation,5.9,0.101,125.6,288.9,18.3,75.5,61.7,53.7,2,2,2,1,5.5,0,12.5,0
BD_BW_2023_0015,Bandarawela,11/16/2023,Maturation,5.89,0.105,86.7,236.6,24.1,83.4,44,65.2,2,2,1,1,0,0,0,0
BD_HN_2023_0020,Hinnarangolla,3/19/2023,Vegetative,6.15,0.163,80,220.8,20,87.8,56.1,38.8,1,1,1,1,11,0,0,0
BD_BW_2024_0016,Bandarawela,12/1/2024,Germination,6.31,0.12,128,283.3,25.6,71.9,47.2,38.5,2,1,2,1,5.5,0,8,1000
BD_MH_2023_0015,Mirahawatte,12/22/2023,Maturation,6.22,0.096,124.3,301,22.9,83.8,63.7,47.8,2,1,2,2,0,0,0,0
BD_RK_2023_0020,Rathkarawua,6/2/2024,Tuber_Initiation,6.2,0.081,87.2,267.4,22.5,74.2,52.2,52.1,2,2,1,1,5.5,0,12.5,0
BD_HP_2024_0012,Haputhale,5/16/2024,Germination,5.04,0.066,127.3,321.3,19.2,71.2,62.7,60.2,2,2,2,2,3,0,5,1000
BD_HN_2024_0021,Hinnarangolla,10/12/2024,Maturation,5.87,0.123,124.7,247.4,18,77.5,48.9,32.4,2,1,2,1,0,0,0,0
BD_WD_2024_0016,Welimada,6/30/2023,Tuber_Initiation,6.18,0.104,61.2,240.8,18.5,85.6,68.1,42.4,2,1,1,1,11,0,12.5,0
BD_MH_2024_0016,Mirahawatte,4/21/2024,Maturation,5.18,0.083,143.4,255.3,23.9,83.8,52.4,57.7,2,2,2,1,0,0,0,0
BD_MH_2024_0017,Mirahawatte,11/27/2023,Vegetative,6.19,0.09,115.6,294.3,22.3,73.9,55.5,43.6,2,1,2,1,11,0,0,0
BD_BW_2024_0017,Bandarawela,4/6/2024,Vegetative,6.19,0.061,134.5,314.8,22.6,79.7,53.5,38.5,2,1,2,2,11,0,0,0
BD_UP_2024_0013,Uva_Paranagama,12/11/2023,Germination,4.5,0.04,43.9,140.6,25.5,73.8,61.9,22.6,0,0,0,0,5.5,6.7,12.5,1500
BD_UP_2024_0014,Uva_Paranagama,7/6/2023,Maturation,6.04,0.152,42.8,277.1,24.9,66.3,56.5,30.2,1,1,0,1,0,0,0,0
BD_BR_2024_0015,Boralanda,9/22/2023,Tuber_Initiation,5.29,0.226,81.9,244.4,15.6,78.2,55.1,34.3,1,1,1,1,11,0,12.5,0
BD_OH_2024_0017,Ohiya,7/23/2024,Germination,5.19,0.107,50.9,300,12.8,89.9,53.6,33.5,2,1,1,2,5.5,4.5,5,1000
BD_ME_2023_0021,Makul_Ella,3/29/2023,Vegetative,5.53,0.206,106.4,270.4,20.9,88.2,54.8,34.8,1,1,2,1,11,0,0,0
BD_HN_2024_0022,Hinnarangolla,7/22/2024,Vegetative,6.27,0.186,145,207.8,23,86.6,74.6,52.6,1,2,2,1,7,0,0,0
BD_UP_2024_0015,Uva_Paranagama,4/3/2024,Germination,4.82,0.183,64,205.1,23.5,77.3,33.2,19.6,1,0,1,1,5.5,4.5,8,1500
BD_BW_2024_0018,Bandarawela,8/15/2023,Maturation,6.11,0.114,113.1,322.3,26.8,83.4,58,50.4,2,2,2,2,0,0,0,0
BD_BR_2024_0016,Boralanda,11/10/2024,Tuber_Initiation,6.5,0.133,55.6,300.7,16.4,87.3,68.6,44.6,2,1,1,2,11,0,8,0
BD_UP_2024_0016,Uva_Paranagama,3/11/2024,Tuber_Initiation,5.82,0.247,38.7,156.2,24.3,76.8,60,32,1,1,0,1,11,0,12.5,0
BD_RK_2024_0021,Rathkarawua,10/5/2023,Tuber_Initiation,5.44,0.109,122,382.5,20.3,77.2,59.6,58.3,2,2,2,2,5.5,0,8,0
BD_OH_2023_0018,Ohiya,5/4/2023,Vegetative,5.87,0.169,54.5,211,13.5,85.3,70.6,45.2,1,1,1,1,11,0,0,0
BD_RK_2023_0022,Rathkarawua,7/2/2024,Vegetative,6.31,0.057,156.4,252,27,75.4,48.4,53.8,2,2,2,1,7,0,0,0
BD_BR_2023_0017,Boralanda,5/10/2024,Tuber_Initiation,7.04,0.187,68,251.2,15,88.5,49.9,54.8,1,2,1,1,5.5,0,12.5,0
BD_MH_2024_0018,Mirahawatte,4/13/2023,Vegetative,6.67,0.065,105.7,317.2,22.6,80.1,55.9,43.5,2,1,2,2,11,0,0,0
BD_OH_2023_0019,Ohiya,1/5/2024,Vegetative,7.24,0.17,116.3,291.2,12.6,80.9,67.5,37.9,1,1,2,1,11,0,0,0
BD_OH_2023_0020,Ohiya,12/26/2024,Vegetative,6.67,0.174,60.5,287.4,14.6,86.5,54.7,26.6,1,0,1,1,11,0,0,0
BD_OH_2023_0021,Ohiya,2/25/2023,Tuber_Initiation,5.95,0.172,76.3,315.7,15.4,89.5,63.6,39.9,1,1,1,2,11,0,8,0
BD_WD_2024_0017,Welimada,4/16/2023,Germination,5.79,0.125,87.8,297.4,17.5,81.2,69.9,56.8,2,2,1,1,3,4.5,8,1000
BD_MH_2024_0019,Mirahawatte,4/25/2024,Maturation,6.26,0.086,75.8,322.9,24.7,73.3,49.4,56.3,2,2,1,2,0,0,0,0
BD_UP_2024_0017,Uva_Paranagama,7/8/2023,Germination,5.35,0.196,89.8,130,23.5,79.6,71.6,27.8,0,0,1,0,5.5,4.5,12.5,1500
BD_OH_2024_0022,Ohiya,4/27/2023,Germination,5.64,0.155,94.1,190.1,12.6,80.9,55.6,41.5,1,1,1,1,5.5,4.5,8,1000
BD_HN_2024_0023,Hinnarangolla,3/17/2023,Germination,5.41,0.129,53.2,257.8,20.6,86,48.4,47.1,1,1,1,1,5.5,4.5,8,1500
BD_WD_2023_0018,Welimada,7/30/2024,Tuber_Initiation,5.99,0.184,57.6,118.8,20.5,90.9,59.2,40.5,1,1,1,0,11,0,12.5,0
BD_BW_2023_0019,Bandarawela,5/2/2023,Maturation,6.16,0.062,104.9,345.4,21.6,76.3,40,54.4,2,2,2,2,0,0,0,0
BD_MH_2023_0020,Mirahawatte,6/19/2024,Maturation,6.39,0.125,119.1,245.4,20,85.3,50.7,44.6,2,1,2,1,0,0,0,0
BD_UP_2024_0018,Uva_Paranagama,11/1/2023,Maturation,6.31,0.212,121.6,166.7,23.7,74.7,52.7,21.4,1,0,2,1,0,0,0,0
BD_OH_2023_0023,Ohiya,9/16/2024,Germination,6.26,0.09,107.1,121.9,16.1,92.1,59.6,30.9,2,1,2,0,5.5,0,12.5,1000
BD_BR_2023_0018,Boralanda,9/28/2023,Germination,5.61,0.17,78.2,208.6,21.1,86.8,47.2,33.2,1,1,1,1,5.5,4.5,8,1500
BD_WD_2023_0019,Welimada,6/27/2023,Germination,6.19,0.062,72.4,225.4,23.3,84.2,48.3,37.4,2,1,1,1,5.5,4.5,8,600
BD_WD_2023_0020,Welimada,2/23/2024,Maturation,5.42,0.165,79.8,291.9,18.3,88.5,43,39.1,1,1,1,1,0,0,0,0
BD_MH_2024_0021,Mirahawatte,10/26/2023,Germination,6.95,0.128,147,292.1,23.6,84.3,56.9,38.2,2,1,2,1,5.5,0,8,600
BD_BR_2024_0019,Boralanda,12/24/2024,Tuber_Initiation,6.5,0.164,67.2,226.7,16.5,93.2,55.2,34.7,1,1,1,1,11,0,12.5,0
BD_UP_2023_0019,Uva_Paranagama,12/4/2024,Vegetative,4.74,0.115,65.6,272.8,24,84.3,58.1,29.5,1,0,1,1,11,0,0,0
BD_OH_2023_0024,Ohiya,3/11/2024,Germination,6.16,0.212,78.6,297.4,13.3,80.2,63.9,36.1,1,1,1,1,5.5,4.5,8,1500
BD_ME_2023_0022,Makul_Ella,10/25/2024,Vegetative,6.71,0.156,157.7,269,22.9,88.9,63.5,29.9,1,0,2,1,11,0,0,0
BD_OH_2023_0025,Ohiya,3/15/2023,Germination,7.08,0.042,90.5,224.8,16,92.4,52.9,16.8,1,0,1,1,5.5,4.5,8,600
BD_WD_2024_0021,Welimada,9/1/2024,Tuber_Initiation,5.4,0.167,64.9,282,18.8,82.7,51,32.3,1,1,1,1,11,0,12.5,0
BD_UP_2023_0020,Uva_Paranagama,4/24/2024,Tuber_Initiation,6.11,0.3,86.4,111.7,25.1,67.5,48.8,31.2,1,1,1,0,11,0,12.5,0
BD_HN_2024_0024,Hinnarangolla,5/27/2024,Maturation,5.29,0.15,115.6,216.8,23.7,77,58.1,34,1,1,2,1,0,0,0,0
BD_UP_2023_0021,Uva_Paranagama,9/4/2024,Germination,6.6,0.21,80.3,100,27,80.3,55.9,32.1,0,1,1,0,5.5,4.5,12.5,1500
BD_HN_2024_0025,Hinnarangolla,9/10/2024,Tuber_Initiation,6.38,0.128,113.3,260.5,20.6,80.3,55.6,28.3,2,0,2,1,16.5,0,12.5,0
BD_HP_2023_0013,Haputhale,8/23/2023,Germination,6.26,0.088,147.5,320.1,23.9,88.4,56.4,43.7,2,1,2,2,5.5,0,5,1000
BD_OH_2023_0026,Ohiya,6/29/2023,Maturation,6.43,0.127,66.9,265.7,14.3,93.1,54,46.9,2,1,1,1,0,0,0,0
BD_ME_2024_0023,Makul_Ella,10/12/2023,Vegetative,6.2,0.145,60.6,194.5,18.4,85.2,53,37.8,2,1,1,1,11,0,0,0
BD_MH_2024_0022,Mirahawatte,10/12/2024,Maturation,5.78,0.141,93.3,348,18.3,80.5,47.7,53.9,2,2,1,2,0,0,0,0
BD_BW_2024_0020,Bandarawela,12/23/2023,Maturation,5.91,0.125,120.9,323.9,27,76.4,57.6,55.8,2,2,2,2,0,0,0,0
BD_RK_2024_0023,Rathkarawua,11/17/2024,Germination,5.12,0.04,136.9,283.8,22.5,80.1,56.4,55.1,2,2,2,1,3,0,8,600
BD_WD_2024_0022,Welimada,2/26/2024,Maturation,6.73,0.179,132.5,189.3,19.9,86.1,48,35.5,1,1,2,1,0,0,0,0
BD_OH_2024_0027,Ohiya,7/17/2024,Germination,6.07,0.225,96.5,242.2,14.9,87.1,55,36.9,1,1,1,1,5.5,4.5,8,1000
BD_UP_2023_0022,Uva_Paranagama,11/19/2023,Tuber_Initiation,5.32,0.101,20,200.3,20,65.2,33.5,28.7,1,0,0,1,16.5,0,12.5,0
BD_RK_2023_0024,Rathkarawua,2/18/2024,Germination,6.08,0.13,101.2,322.8,22.2,69.7,48.1,51,2,2,2,2,3,0,5,600
BD_ME_2024_0024,Makul_Ella,2/28/2024,Germination,5.47,0.04,88.1,245.2,23.9,77.2,52.3,57,1,2,1,1,3,4.5,8,600
BD_BR_2024_0020,Boralanda,9/29/2024,Maturation,5.57,0.061,34.6,149.8,17.5,92,74.1,45.7,1,1,0,0,0,0,0,0
BD_UP_2023_0023,Uva_Paranagama,7/28/2023,Tuber_Initiation,5.62,0.227,39.6,148.1,21,73.4,44.2,15,0,0,0,0,16.5,0,12.5,0
BD_ME_2023_0025,Makul_Ella,10/22/2023,Maturation,5.92,0.107,82.3,228.8,18.9,85.1,67.6,50.3,2,2,1,1,0,0,0,0
BD_UP_2023_0024,Uva_Paranagama,1/30/2023,Vegetative,5.67,0.251,74,197.2,20.1,73.4,52.5,18.9,1,0,1,1,11,0,0,0
BD_WD_2024_0023,Welimada,7/18/2024,Germination,5.92,0.145,23.5,212.6,21.8,86.1,63.8,18.4,1,0,0,1,5.5,6.7,8,1500
BD_ME_2024_0026,Makul_Ella,4/6/2023,Vegetative,6.28,0.103,105.4,332,19.6,88.6,50.7,48,2,1,2,2,11,0,0,0
BD_BW_2024_0021,Bandarawela,5/1/2023,Vegetative,6.32,0.114,126.5,304.6,24.8,79.1,65.4,33.3,2,1,2,2,11,0,0,0
BD_UP_2024_0025,Uva_Paranagama,6/5/2024,Tuber_Initiation,4.71,0.103,92.1,168.6,21.2,65.5,56,25.5,1,0,1,1,16.5,0,12.5,0
BD_HN_2024_0026,Hinnarangolla,4/28/2024,Vegetative,6.79,0.13,121.9,211.9,21.8,78.6,41.6,49.1,2,1,2,1,11,0,0,0
BD_UP_2023_0026,Uva_Paranagama,1/28/2024,Vegetative,7.01,0.108,43.4,177.9,23.1,65.8,48.4,32.4,1,1,0,1,11,0,0,0
BD_MH_2023_0023,Mirahawatte,3/13/2023,Tuber_Initiation,6.16,0.138,110.7,299.6,25.1,80.9,56.6,47.3,2,1,2,1,11,0,12.5,0
BD_HN_2024_0027,Hinnarangolla,6/3/2024,Tuber_Initiation,5.08,0.04,35.4,266.4,23.1,87,79.1,55.3,1,2,0,1,5.5,0,12.5,0
BD_HP_2024_0014,Haputhale,11/2/2023,Maturation,5.48,0.071,106.4,278.5,25.7,81.2,45.8,37.9,2,1,2,1,0,0,0,0
BD_WD_2024_0024,Welimada,7/5/2024,Maturation,6.58,0.085,25.3,231.4,24,90,55.1,15,1,0,0,1,0,0,0,0
BD_RK_2024_0025,Rathkarawua,7/19/2024,Maturation,6.64,0.105,169,260.8,23.3,72.6,45.3,47.8,2,1,2,1,0,0,0,0
BD_UP_2024_0027,Uva_Paranagama,7/13/2023,Vegetative,5.71,0.222,99.2,163.7,27.6,68,45.5,33,1,1,1,1,11,0,0,0
BD_MH_2024_0024,Mirahawatte,8/28/2023,Maturation,6.35,0.088,119.3,355,19.6,83.7,47.1,36.4,2,1,2,2,0,0,0,0
BD_HP_2024_0015,Haputhale,4/29/2024,Maturation,6.3,0.082,59.5,418.6,24.6,85.3,59,47.6,2,1,1,2,0,0,0,0
BD_HN_2023_0028,Hinnarangolla,5/22/2024,Germination,6.33,0.132,82.7,230.1,24.1,73.1,49.2,49.7,2,1,1,1,5.5,4.5,8,600
BD_WD_2024_0025,Welimada,4/13/2023,Maturation,5.92,0.15,110.1,356.7,21.5,87.3,53,37.8,2,1,2,2,0,0,0,0
BD_BW_2024_0022,Bandarawela,1/16/2023,Vegetative,5.89,0.049,130.2,271.1,27.7,65.2,41.2,40.8,2,1,2,1,11,0,0,0
BD_HN_2023_0029,Hinnarangolla,3/18/2023,Maturation,5.68,0.176,105.7,265.8,22.3,85.8,63.9,46,1,1,2,1,0,0,0,0
BD_OH_2024_0028,Ohiya,9/30/2024,Maturation,6.21,0.096,112.1,238.7,12.5,85.2,39.8,21.6,2,0,2,1,0,0,0,0
BD_BW_2024_0023,Bandarawela,11/21/2024,Maturation,6.24,0.108,116.6,311.2,26.4,79.1,45.5,48,2,1,2,2,0,0,0,0
BD_RK_2024_0026,Rathkarawua,7/8/2024,Germination,5.56,0.062,100.9,279.2,26.2,74.4,58.8,46.8,2,1,2,1,5.5,0,8,600
BD_MH_2023_0025,Mirahawatte,8/29/2023,Tuber_Initiation,5.58,0.091,116.7,313.2,19,86,43.3,58.9,2,2,2,2,5.5,0,8,0
BD_BR_2023_0021,Boralanda,3/20/2024,Germination,4.5,0.202,85.5,330,20.7,92,66.6,26.9,1,0,1,2,5.5,4.5,5,1500
BD_BW_2024_0024,Bandarawela,6/20/2023,Tuber_Initiation,6.29,0.092,154.2,263.8,22.3,67.7,31.4,47.8,2,1,2,1,11,0,12.5,0
BD_HP_2023_0016,Haputhale,11/29/2023,Germination,5.99,0.124,123.8,277.1,20.2,84.1,55.8,43,2,1,2,1,5.5,0,8,1000
BD_OH_2024_0029,Ohiya,1/19/2024,Maturation,5.48,0.101,113.8,226.4,18.3,93.4,68.1,33.2,2,1,2,1,0,0,0,0
BD_WD_2023_0026,Welimada,6/27/2024,Maturation,6.51,0.135,75.9,259.5,19.1,85.8,76.1,37.3,1,1,1,1,0,0,0,0
BD_MH_2023_0026,Mirahawatte,6/24/2023,Vegetative,6.41,0.092,99.6,317.7,20.4,71.9,52.7,48.7,2,1,1,2,11,0,0,0
BD_BW_2024_0025,Bandarawela,9/26/2024,Vegetative,6.45,0.076,150.1,304.4,23.7,69.2,49.8,25.3,2,0,2,2,11,0,0,0
BD_UP_2023_0028,Uva_Paranagama,8/26/2023,Maturation,4.5,0.174,20,235.6,23.8,82.6,43.7,33,0,1,0,1,0,0,0,0
BD_OH_2024_0030,Ohiya,9/19/2023,Germination,6.4,0.181,47.8,162.3,14.5,89.7,66,50.7,1,2,0,1,3,6.7,8,1500
BD_UP_2024_0029,Uva_Paranagama,11/24/2024,Vegetative,6.74,0.188,36,188.7,20.9,75.3,50.5,23.6,0,0,0,1,11,0,0,0
BD_BW_2024_0026,Bandarawela,12/20/2023,Tuber_Initiation,6.5,0.06,107.2,300.9,24.8,65.2,30,54.2,2,2,2,2,5.5,0,8,0
BD_HN_2024_0030,Hinnarangolla,4/12/2024,Tuber_Initiation,6.32,0.151,78.7,340.9,21.2,89.6,65,45.2,1,1,1,2,11,0,8,0
BD_BR_2024_0022,Boralanda,5/9/2024,Germination,6.4,0.111,97.8,222.3,19.1,83.9,48.1,47.8,2,1,1,1,5.5,4.5,8,1500
BD_BR_2024_0023,Boralanda,8/8/2024,Tuber_Initiation,6.59,0.174,39.5,273.5,15.5,81.9,46.5,22,0,0,0,1,16.5,0,12.5,0
BD_MH_2024_0027,Mirahawatte,12/17/2024,Tuber_Initiation,6.16,0.14,78.9,303,18.6,76.6,53.1,52.3,2,2,1,2,5.5,0,8,0
BD_HP_2024_0017,Haputhale,10/9/2023,Germination,5.94,0.06,105.1,323.6,24.5,82.7,57.6,39.1,2,1,2,2,5.5,0,5,600
BD_MH_2023_0028,Mirahawatte,9/12/2024,Maturation,6.83,0.052,94.6,277.6,25.1,82.7,36.7,45.9,1,1,1,1,0,0,0,0
BD_OH_2023_0031,Ohiya,9/13/2024,Tuber_Initiation,5.35,0.169,75.3,241.9,12.6,84.1,55.7,58.2,1,2,1,1,5.5,0,12.5,0
BD_BR_2023_0024,Boralanda,9/27/2024,Tuber_Initiation,5.89,0.217,121.2,129.4,16.7,78.8,41.2,36,1,1,2,0,11,0,12.5,0
BD_WD_2023_0027,Welimada,10/4/2024,Germination,6.27,0.157,91.1,242.4,16.6,85.6,42.6,58.2,1,2,1,1,3,4.5,8,1500
BD_OH_2024_0032,Ohiya,2/4/2023,Tuber_Initiation,6.26,0.164,80.6,207.9,17.1,90,66.3,28.4,1,0,1,1,16.5,0,12.5,0
BD_WD_2023_0028,Welimada,10/30/2023,Tuber_Initiation,6.14,0.218,43.9,239.7,18.6,89.4,63.8,25.5,1,0,0,1,16.5,0,12.5,0
BD_HN_2023_0031,Hinnarangolla,7/25/2023,Vegetative,5.72,0.137,88,218.2,19.3,79.2,57.1,30,2,1,1,1,11,0,0,0
BD_ME_2024_0027,Makul_Ella,6/27/2024,Tuber_Initiation,5.19,0.148,31.9,252.4,22.3,79.3,63.8,19.3,1,0,0,1,16.5,0,12.5,0
BD_WD_2024_0029,Welimada,5/8/2024,Tuber_Initiation,4.82,0.177,106.8,179.4,16.3,75.6,52.6,22.7,1,0,2,1,16.5,0,12.5,0
BD_RK_2023_0027,Rathkarawua,4/24/2024,Germination,6.29,0.15,115.3,248.4,21.3,75.1,53.1,60.9,2,2,2,1,3,0,8,600
BD_WD_2023_0030,Welimada,11/23/2024,Maturation,5.89,0.216,107.6,233.6,17.5,80.6,41,42.1,1,1,2,1,0,0,0,0
BD_ME_2024_0028,Makul_Ella,4/3/2023,Maturation,5.78,0.175,93.3,240.6,18.7,86.8,60.8,42.4,1,1,1,1,0,0,0,0
BD_HP_2024_0018,Haputhale,7/3/2024,Germination,6.47,0.1,149.8,238.9,18.4,89.5,32.2,53.5,2,2,2,1,3,0,8,600
BD_UP_2024_0030,Uva_Paranagama,11/19/2024,Tuber_Initiation,4.91,0.14,29.4,133.7,25.9,82,43.3,33.4,0,1,0,0,11,0,12.5,0
BD_MH_2024_0029,Mirahawatte,10/15/2024,Tuber_Initiation,5.51,0.061,103.1,357.8,25.2,84.5,44.5,44.3,2,1,2,2,11,0,8,0
BD_BW_2023_0027,Bandarawela,4/27/2024,Germination,6.78,0.097,77,286.1,26.2,76.7,57.9,41.4,1,1,1,1,5.5,4.5,8,600
BD_MH_2024_0030,Mirahawatte,9/16/2024,Vegetative,6.46,0.06,82.4,352.1,22.1,76.6,43.1,48.3,2,1,1,2,11,0,0,0
BD_BW_2024_0028,Bandarawela,12/18/2024,Tuber_Initiation,6.63,0.088,144.9,342.6,22.2,81.1,58.7,53.3,2,2,2,2,5.5,0,8,0
BD_HN_2023_0032,Hinnarangolla,5/24/2023,Germination,5.67,0.179,47,262,21,78.8,54.4,44.3,1,1,0,1,5.5,6.7,8,1000
BD_HP_2024_0019,Haputhale,5/19/2024,Germination,6.38,0.133,106.6,281.5,23.6,86.3,53,35.9,2,1,2,1,5.5,0,8,1000
BD_BW_2023_0029,Bandarawela,7/4/2024,Vegetative,6.4,0.07,121.2,310.3,26.4,76.1,55.1,46.1,2,1,2,2,11,0,0,0
BD_HN_2024_0033,Hinnarangolla,1/15/2024,Maturation,5.4,0.089,71.6,184.1,19,83.2,61.5,48.6,1,1,1,1,0,0,0,0
BD_MH_2023_0031,Mirahawatte,2/29/2024,Germination,6.68,0.094,126.5,295.2,20.8,81.2,43.5,40,2,1,2,1,5.5,0,8,600
BD_UP_2024_0031,Uva_Paranagama,10/14/2023,Germination,6.47,0.188,33.3,149.2,25.5,71.6,33.6,23.7,0,0,0,0,5.5,6.7,12.5,1500
BD_RK_2023_0028,Rathkarawua,3/30/2024,Maturation,6.14,0.105,106.3,316.4,22.3,83,60.4,38.5,2,1,2,2,0,0,0,0
BD_BR_2024_0025,Boralanda,4/12/2023,Tuber_Initiation,5.82,0.057,64.2,214.6,16.4,94.5,52.2,38.3,2,1,1,1,11,0,12.5,0
BD_ME_2024_0029,Makul_Ella,3/4/2023,Maturation,5.86,0.192,52.3,284.5,18.1,78.5,36.8,26.9,1,0,1,1,0,0,0,0
BD_OH_2023_0033,Ohiya,5/6/2023,Maturation,4.95,0.076,76.2,287.4,12.6,94.3,61.5,30.8,1,1,1,1,0,0,0,0
BD_BW_2023_0030,Bandarawela,10/19/2024,Germination,5.98,0.13,113.2,376.9,24.9,71.3,60.6,57.5,2,2,2,2,3,0,5,600
BD_HP_2024_0020,Haputhale,9/7/2023,Vegetative,6.46,0.098,81.6,301.4,21.3,70.3,61.8,56.4,2,2,1,2,7,0,0,0
BD_MH_2023_0032,Mirahawatte,3/12/2023,Vegetative,5.59,0.088,132.9,332.9,23.4,87.6,61.2,44.9,2,1,2,2,11,0,0,0
BD_MH_2023_0033,Mirahawatte,8/27/2023,Tuber_Initiation,5.85,0.096,116.5,322.7,23.8,70.2,34,44.5,2,1,2,2,11,0,8,0
BD_WD_2023_0031,Welimada,10/11/2023,Vegetative,7.05,0.174,121.4,175.4,16.1,79.2,59.4,41.6,1,1,2,1,11,0,0,0
BD_WD_2024_0032,Welimada,6/28/2023,Germination,5.58,0.125,53.9,325.3,23.6,89.3,60.1,32.2,2,1,1,2,5.5,4.5,5,1000
BD_HP_2023_0021,Haputhale,1/16/2023,Tuber_Initiation,6.4,0.112,131.8,313,23.9,80.4,61,59.3,2,2,2,2,5.5,0,8,0
BD_BR_2024_0026,Boralanda,1/17/2023,Vegetative,5.89,0.178,61.4,247.7,22.2,89.3,43.9,30.1,1,1,1,1,11,0,0,0
BD_OH_2023_0034,Ohiya,5/10/2023,Maturation,5.86,0.175,123.6,173.1,17.2,94,39.3,21.8,1,0,2,1,0,0,0,0
BD_ME_2023_0030,Makul_Ella,3/7/2023,Maturation,5.71,0.14,26.8,205.5,21.2,79.4,68.2,33.1,1,1,0,1,0,0,0,0
BD_UP_2024_0032,Uva_Paranagama,6/9/2024,Germination,5.28,0.227,48,215.6,22.3,71.2,53.8,22.4,0,0,0,1,5.5,6.7,8,1000
BD_UP_2023_0033,Uva_Paranagama,9/21/2024,Germination,5.58,0.243,20,100,22.5,83.3,60.8,31.9,0,1,0,0,5.5,6.7,12.5,1500
BD_ME_2024_0031,Makul_Ella,4/14/2024,Germination,5.92,0.04,89.8,244.3,20,78.3,31.9,48.6,2,1,1,1,5.5,4.5,8,600
BD_HP_2024_0022,Haputhale,2/16/2024,Maturation,6.37,0.095,141.2,317,19.3,83.5,44.1,64.5,2,2,2,2,0,0,0,0
BD_BW_2024_0031,Bandarawela,12/30/2024,Maturation,6.42,0.081,97,293.3,21.3,66.7,66.1,48.9,2,1,1,1,0,0,0,0
BD_BW_2023_0032,Bandarawela,11/26/2023,Vegetative,6.09,0.081,130.6,278.8,22,66.2,52.8,67.4,2,2,2,1,7,0,0,0
BD_BW_2023_0033,Bandarawela,10/9/2023,Tuber_Initiation,5.65,0.153,105.9,350.9,25.6,79,30.3,58.7,2,2,2,2,5.5,0,8,0
BD_HN_2024_0034,Hinnarangolla,4/9/2024,Maturation,6,0.128,41.1,290.8,21.8,74.1,52.5,27.9,1,0,0,1,0,0,0,0
BD_BW_2023_0034,Bandarawela,11/1/2024,Vegetative,5.84,0.11,109.8,270.2,24.1,73.4,53.1,46.9,2,1,2,1,11,0,0,0
BD_HN_2024_0035,Hinnarangolla,8/22/2023,Maturation,5.97,0.188,57.1,341.4,23.7,86.8,74.3,40.8,1,1,1,2,0,0,0,0
BD_RK_2024_0029,Rathkarawua,2/13/2024,Maturation,6.18,0.071,150.6,353.9,26.1,77.3,50,50.7,2,2,2,2,0,0,0,0
BD_BW_2024_0035,Bandarawela,3/13/2024,Tuber_Initiation,6.13,0.118,102.5,299,23,81.1,56.5,43.1,2,1,2,1,11,0,12.5,0
BD_OH_2024_0035,Ohiya,6/6/2023,Maturation,4.87,0.081,98.6,208.2,15.7,90.8,52.2,36.1,1,1,1,1,0,0,0,0
BD_BW_2023_0036,Bandarawela,3/29/2023,Germination,6.72,0.153,144.2,301.6,24.4,66.3,55.2,52.8,2,2,2,2,3,0,5,1000
BD_HN_2023_0036,Hinnarangolla,1/17/2024,Vegetative,6.27,0.179,123.7,275.2,22.4,83.2,55.8,26.6,1,0,2,1,11,0,0,0
BD_ME_2023_0032,Makul_Ella,8/23/2024,Tuber_Initiation,5.57,0.134,95.9,247.5,20.8,86.1,59.6,40,2,1,1,1,11,0,12.5,0
BD_BW_2024_0037,Bandarawela,12/29/2023,Maturation,6.28,0.102,143.5,268.7,21.6,71.3,59.8,40.1,2,1,2,1,0,0,0,0
BD_HP_2024_0023,Haputhale,9/6/2024,Tuber_Initiation,5.9,0.085,102.8,344,24.6,83.2,70.5,40.7,2,1,2,2,11,0,8,0
BD_RK_2023_0030,Rathkarawua,8/14/2024,Vegetative,5.94,0.117,141.4,266.3,21.2,71.8,61.8,36.6,2,1,2,1,11,0,0,0
BD_WD_2024_0033,Welimada,8/18/2023,Germination,5.39,0.171,101,163.7,22.1,78.2,59.5,43.5,1,1,2,1,5.5,0,8,1000
BD_RK_2024_0031,Rathkarawua,4/28/2023,Tuber_Initiation,6.3,0.04,106.5,269.7,23.5,68.8,54.4,45.3,2,1,2,1,11,0,12.5,0
BD_MH_2023_0034,Mirahawatte,3/15/2024,Germination,5.71,0.081,149.1,336.8,20,80.4,57.3,50.7,2,2,2,2,3,0,5,600
BD_MH_2024_0035,Mirahawatte,1/30/2023,Vegetative,6.5,0.083,135.3,269.3,22.5,75.6,46.3,57.7,2,2,2,1,7,0,0,0
BD_OH_2024_0036,Ohiya,12/14/2023,Tuber_Initiation,5.28,0.171,100.8,306.7,16.5,89.4,68.7,41.9,2,1,2,2,11,0,8,0
BD_HP_2023_0024,Haputhale,5/27/2023,Maturation,6.3,0.091,146.1,315.8,21.1,74.6,46.9,62.2,2,2,2,2,0,0,0,0
BD_BW_2023_0038,Bandarawela,10/10/2024,Germination,6.48,0.107,124,301.7,24.7,66.1,57.3,53,2,2,2,2,3,0,5,600
BD_BW_2023_0039,Bandarawela,1/21/2024,Maturation,6.98,0.134,107.4,267.6,25.5,78.9,40.8,48,2,1,2,1,0,0,0,0
BD_UP_2024_0034,Uva_Paranagama,6/11/2023,Tuber_Initiation,4.5,0.118,76.7,198.2,23.6,78.4,44.5,32.5,1,1,1,1,11,0,12.5,0
BD_OH_2024_0037,Ohiya,8/4/2024,Germination,5.8,0.183,90.3,317.7,15.2,82.3,85.5,28.2,1,0,1,2,5.5,4.5,5,600
BD_HP_2023_0025,Haputhale,6/11/2023,Germination,5.54,0.113,133.5,316,18.3,78.5,51.9,44.3,2,1,2,2,5.5,0,5,600
BD_BW_2024_0040,Bandarawela,3/29/2024,Maturation,6.28,0.109,101,264.8,25.9,70.7,52.4,46.7,2,1,2,1,0,0,0,0
BD_UP_2024_0035,Uva_Paranagama,2/29/2024,Tuber_Initiation,5.73,0.19,56.9,233.7,27.8,81.3,52.6,23.9,1,0,1,1,16.5,0,12.5,0
BD_BR_2023_0027,Boralanda,12/20/2023,Maturation,5.88,0.063,57.6,231.2,21.4,83.5,50.8,21,2,0,1,1,0,0,0,0
BD_BW_2024_0041,Bandarawela,11/25/2024,Maturation,5.79,0.073,101,294.7,21.7,81.2,56.3,44.4,2,1,2,1,0,0,0,0
BD_ME_2024_0033,Makul_Ella,2/16/2023,Vegetative,5.75,0.098,52.2,238.4,17.1,84.9,58.8,51.5,2,2,1,1,7,0,0,0
BD_HN_2023_0037,Hinnarangolla,1/8/2023,Vegetative,5.3,0.179,80.5,168.7,19.5,86.8,48.4,37.2,1,1,1,1,11,0,0,0
BD_OH_2023_0038,Ohiya,5/21/2023,Tuber_Initiation,5.93,0.124,60.9,326.9,18.9,84.7,62.7,49.3,2,1,1,2,11,0,8,0
BD_OH_2024_0039,Ohiya,5/3/2023,Germination,6.73,0.115,84.1,180.8,15.9,92.6,76.1,37.5,1,1,1,1,5.5,4.5,8,1000
BD_UP_2024_0036,Uva_Paranagama,6/29/2023,Vegetative,6.26,0.126,45.8,103.3,21.6,84,59.1,24.1,1,0,0,0,11,0,0,0
BD_HN_2023_0038,Hinnarangolla,5/27/2024,Tuber_Initiation,6.16,0.274,42.3,222.4,20,83.9,40.4,41,1,1,0,1,11,0,12.5,0
BD_BW_2024_0042,Bandarawela,2/13/2023,Maturation,6.29,0.065,92.6,286.4,22.3,83.5,51.1,51.5,2,2,1,1,0,0,0,0
BD_HP_2024_0026,Haputhale,3/21/2023,Tuber_Initiation,6.23,0.06,131.1,296,22.5,86.9,54.5,42.3,2,1,2,1,11,0,12.5,0
BD_MH_2024_0036,Mirahawatte,8/10/2024,Maturation,5.99,0.11,132.1,265.9,20.1,70,55.4,45.1,2,1,2,1,0,0,0,0
BD_HN_2024_0039,Hinnarangolla,4/28/2023,Maturation,6.18,0.174,91.3,307.7,17.8,80.8,48.5,17.1,1,0,1,2,0,0,0,0
BD_HP_2024_0027,Haputhale,6/25/2023,Maturation,5.83,0.084,103.3,321.7,19.2,79.7,51.8,60.7,2,2,2,2,0,0,0,0
BD_RK_2023_0032,Rathkarawua,3/23/2024,Germination,6.98,0.079,85,356.9,23.9,86.2,35.2,49.1,2,1,1,2,5.5,4.5,5,1000
BD_BR_2024_0028,Boralanda,8/26/2024,Maturation,6.3,0.226,197.8,135.8,15.4,90.3,55.1,22.5,1,0,2,0,0,0,0,0
BD_ME_2023_0034,Makul_Ella,2/10/2024,Tuber_Initiation,6.15,0.113,53.2,199.3,22,77.1,65.4,33.5,2,1,1,1,11,0,12.5,0
BD_RK_2023_0033,Rathkarawua,12/8/2023,Vegetative,5.91,0.145,138.9,337.4,19.2,84.5,54.2,42.9,2,1,2,2,11,0,0,0
BD_BW_2023_0043,Bandarawela,6/27/2024,Vegetative,6.81,0.054,123.4,281.9,27.5,70.3,52.6,48.7,2,1,2,1,11,0,0,0
BD_RK_2024_0034,Rathkarawua,10/22/2024,Vegetative,6.83,0.076,144.6,344.8,21.2,73.6,56.8,50.7,2,2,2,2,7,0,0,0
BD_BR_2023_0029,Boralanda,5/30/2023,Tuber_Initiation,6.59,0.076,111.2,185.6,17.7,92.2,55,21.6,2,0,2,1,16.5,0,12.5,0
BD_BR_2023_0030,Boralanda,9/8/2024,Vegetative,6.38,0.083,74.3,256.2,19,82.2,59.7,37.4,2,1,1,1,11,0,0,0
BD_BW_2023_0044,Bandarawela,10/5/2024,Maturation,7.03,0.114,110.7,343,23.2,82.7,72.6,40.4,2,1,2,2,0,0,0,0
BD_UP_2024_0037,Uva_Paranagama,11/28/2024,Tuber_Initiation,6.41,0.151,27.3,142.9,26.6,67.4,30.1,21.3,0,0,0,0,16.5,0,12.5,0
BD_RK_2023_0035,Rathkarawua,3/26/2024,Germination,6.29,0.04,162.8,307.5,20.3,70.3,70,37.1,2,1,2,2,5.5,0,5,1000
BD_UP_2024_0038,Uva_Paranagama,10/8/2024,Tuber_Initiation,6.23,0.132,57.6,236.9,27.2,73,59.3,43.3,2,1,1,1,11,0,12.5,0
BD_OH_2023_0040,Ohiya,12/27/2023,Germination,6.28,0.094,95.2,248.9,12.3,89.9,64,53.2,2,2,1,1,3,4.5,8,1000
BD_OH_2024_0041,Ohiya,4/7/2024,Germination,5.43,0.078,82.3,252.9,14.8,80.8,58.8,37.3,1,1,1,1,5.5,4.5,8,1500
BD_HP_2024_0028,Haputhale,10/21/2023,Germination,6.25,0.083,112.5,249.2,20.9,86.5,41.1,51.9,2,2,2,1,3,0,8,600
BD_BW_2024_0045,Bandarawela,4/18/2024,Germination,6.16,0.048,153.1,258.5,20.7,74.3,45.4,39.4,2,1,2,1,5.5,0,8,600
BD_UP_2023_0039,Uva_Paranagama,11/26/2023,Maturation,6.49,0.096,53.4,155,23.7,71.1,62,24.7,2,0,1,1,0,0,0,0
BD_ME_2023_0035,Makul_Ella,3/5/2023,Maturation,6.11,0.142,93.5,214.5,21.3,91.5,55.5,26.5,2,0,1,1,0,0,0,0
BD_BW_2024_0046,Bandarawela,3/28/2023,Vegetative,6.89,0.069,132.5,304.6,25.3,66.5,50.2,52.9,2,2,2,2,7,0,0,0
BD_HP_2023_0029,Haputhale,12/25/2024,Maturation,6.49,0.08,68.8,356.4,20,72.1,64.6,35.5,2,1,1,2,0,0,0,0
BD_UP_2023_0040,Uva_Paranagama,1/8/2024,Tuber_Initiation,4.64,0.303,20,232.1,21.3,81.5,50.7,18.4,0,0,0,1,16.5,0,12.5,0
BD_OH_2024_0042,Ohiya,2/23/2024,Tuber_Initiation,5.94,0.156,64.1,164.3,19.5,93.7,56.9,41.5,1,1,1,1,11,0,12.5,0
BD_MH_2023_0037,Mirahawatte,10/8/2024,Tuber_Initiation,6.75,0.073,155.7,368.6,23.9,84.8,74.1,42.1,2,1,2,2,11,0,8,0
BD_BW_2024_0047,Bandarawela,4/7/2023,Maturation,6.29,0.094,113.8,358,22,81.9,52.6,53.9,2,2,2,2,0,0,0,0
BD_OH_2024_0043,Ohiya,11/3/2024,Vegetative,7.41,0.052,20,273.6,17.8,85.2,60.3,37.1,1,1,0,1,11,0,0,0
BD_RK_2023_0036,Rathkarawua,8/19/2024,Vegetative,6.62,0.107,134.6,304.8,24.3,81.8,51.3,48.6,2,1,2,2,11,0,0,0
BD_RK_2024_0037,Rathkarawua,11/2/2024,Maturation,6.38,0.059,91.2,281.4,20.4,76.4,49.7,38.7,2,1,1,1,0,0,0,0
BD_WD_2023_0034,Welimada,11/14/2023,Maturation,6.23,0.102,87.5,230.3,17.9,75.4,55.6,26.7,2,0,1,1,0,0,0,0
BD_RK_2023_0038,Rathkarawua,11/17/2024,Germination,6.05,0.087,107.3,286.2,19.2,79.7,67,32.7,2,1,2,1,5.5,0,8,1000
BD_HN_2024_0040,Hinnarangolla,1/19/2023,Tuber_Initiation,5.95,0.215,78.9,153.4,22.7,76.9,56.2,20.7,1,0,1,1,16.5,0,12.5,0
BD_OH_2023_0044,Ohiya,8/8/2023,Tuber_Initiation,5.85,0.143,103.4,208.5,13.8,83.4,60.1,42.3,2,1,2,1,11,0,12.5,0
BD_UP_2023_0041,Uva_Paranagama,8/20/2023,Vegetative,5.41,0.17,32.6,217.9,20.4,74.9,44.2,33.4,0,1,0,1,11,0,0,0
BD_WD_2023_0035,Welimada,10/30/2023,Germination,4.84,0.04,59.7,273.7,22.1,77.6,56.2,51.3,1,2,1,1,3,4.5,8,1500
BD_ME_2023_0036,Makul_Ella,11/8/2024,Tuber_Initiation,5.72,0.052,59.2,182.3,17.5,85.9,47.8,53.7,2,2,1,1,5.5,0,12.5,0
BD_MH_2023_0038,Mirahawatte,9/3/2024,Maturation,6.41,0.108,111.9,297.5,23.4,84.9,50.9,36.3,2,1,2,1,0,0,0,0
BD_WD_2023_0036,Welimada,7/5/2023,Vegetative,6.59,0.123,95.7,184.8,18.2,76.4,41.1,52,1,2,1,1,7,0,0,0
BD_UP_2023_0042,Uva_Paranagama,2/25/2024,Tuber_Initiation,5.98,0.218,82.9,227.4,23.3,73.5,45.2,46.3,1,1,1,1,11,0,12.5,0
BD_BR_2024_0031,Boralanda,9/17/2024,Tuber_Initiation,6.43,0.162,23.5,221.4,19.4,91.3,63.9,47.3,1,1,0,1,11,0,12.5,0
BD_UP_2023_0043,Uva_Paranagama,6/30/2024,Vegetative,6.03,0.168,36.9,206.4,22.6,78.5,57.9,35.2,1,1,0,1,11,0,0,0
BD_OH_2024_0045,Ohiya,7/18/2023,Tuber_Initiation,7,0.229,125.7,276.8,13.8,90.4,50.5,47.2,1,1,2,1,11,0,12.5,0
BD_MH_2024_0039,Mirahawatte,4/17/2024,Tuber_Initiation,6.45,0.111,87.1,277.7,24.8,70.8,40.4,50.3,2,2,1,1,5.5,0,12.5,0
BD_HN_2024_0041,Hinnarangolla,6/15/2023,Vegetative,5.49,0.138,117.5,279,17.7,76.7,52.4,34.8,2,1,2,1,11,0,0,0
BD_MH_2023_0040,Mirahawatte,9/14/2023,Germination,6.23,0.04,113.2,367.7,25.7,70.9,37.8,56.1,2,2,2,2,3,0,5,1000
BD_UP_2024_0044,Uva_Paranagama,7/21/2024,Germination,5.65,0.429,78.4,180.6,22.7,83.3,47.4,29.6,1,0,1,1,5.5,4.5,8,1500
BD_ME_2023_0037,Makul_Ella,10/19/2023,Germination,5.36,0.192,71.6,190.1,22.3,86.5,59.6,44,1,1,1,1,5.5,4.5,8,1000
BD_WD_2024_0037,Welimada,4/5/2024,Vegetative,6.22,0.104,84.4,195.9,16.1,87.4,74.3,50.1,2,2,1,1,7,0,0,0
BD_HN_2023_0042,Hinnarangolla,8/16/2023,Maturation,6.7,0.175,42.6,141.5,17.8,79.2,60.2,40.3,0,1,0,0,0,0,0,0
BD_RK_2023_0039,Rathkarawua,2/29/2024,Germination,6.55,0.131,138,273.3,25.8,87.2,53.9,48.2,2,1,2,1,5.5,0,8,1000
BD_HN_2024_0043,Hinnarangolla,8/30/2023,Maturation,6.37,0.098,163,245,18.9,73.7,66.5,22.4,2,0,2,1,0,0,0,0
BD_BW_2024_0048,Bandarawela,8/18/2023,Germination,5.95,0.04,112.8,366.7,22.4,73.1,61.4,43.5,2,1,2,2,5.5,0,5,600
BD_RK_2023_0040,Rathkarawua,10/27/2024,Tuber_Initiation,6.68,0.078,148.5,278.3,24.5,82,44.5,49.7,2,1,2,1,11,0,12.5,0
BD_WD_2023_0038,Welimada,2/9/2023,Tuber_Initiation,6.32,0.14,90.8,328.1,20.9,89.4,40.4,33.4,2,1,1,2,11,0,8,0
BD_UP_2023_0045,Uva_Paranagama,12/23/2024,Maturation,5.26,0.149,49,295,24.4,69.7,40.8,29.6,1,0,0,1,0,0,0,0
BD_UP_2023_0046,Uva_Paranagama,3/23/2023,Germination,6.38,0.153,66.9,179.9,24.9,83,44.4,21.3,1,0,1,1,5.5,4.5,8,1500
BD_OH_2023_0046,Ohiya,6/3/2023,Maturation,6.21,0.208,118.6,199.9,17.6,88.3,55.8,24.3,1,0,2,1,0,0,0,0
BD_BW_2024_0049,Bandarawela,9/1/2023,Tuber_Initiation,6.48,0.127,113.9,268.9,23.6,73.2,45.5,59.4,2,2,2,1,5.5,0,12.5,0
BD_BW_2023_0050,Bandarawela,9/2/2023,Maturation,6.29,0.1,95.5,306.5,21.3,78.2,32,48.6,2,1,1,2,0,0,0,0
BD_MH_2024_0041,Mirahawatte,3/6/2023,Germination,5.74,0.049,77.8,238.2,18.5,84.6,48.1,63.9,2,2,1,1,3,4.5,8,600
BD_UP_2023_0047,Uva_Paranagama,10/9/2024,Vegetative,5.64,0.157,67.8,290,21,72.8,40.9,15,1,0,1,1,11,0,0,0
BD_WD_2024_0039,Welimada,3/15/2024,Germination,6.3,0.2,58.2,348.3,22.4,84.2,64.9,19.5,1,0,1,2,5.5,4.5,5,600
BD_MH_2024_0042,Mirahawatte,9/4/2023,Maturation,6.25,0.114,100.2,301.8,21.5,80.7,53.5,47.4,2,1,2,2,0,0,0,0
BD_WD_2023_0040,Welimada,6/20/2024,Tuber_Initiation,6.3,0.12,124.7,353.6,23.5,77.1,61.8,30.9,2,1,2,2,11,0,8,0
BD_BW_2023_0051,Bandarawela,2/4/2024,Maturation,6.42,0.075,99.7,305.9,25.4,74.6,53.1,53.5,2,2,1,2,0,0,0,0
BD_HP_2024_0030,Haputhale,1/18/2024,Tuber_Initiation,5.93,0.065,109.9,389.7,25.2,77.7,47.2,49.1,2,1,2,2,11,0,8,0
BD_HP_2024_0031,Haputhale,3/11/2023,Tuber_Initiation,6.08,0.126,83.8,323,24.6,82.6,68.9,50,2,2,1,2,5.5,0,8,0
BD_BR_2023_0032,Boralanda,8/18/2024,Tuber_Initiation,6.28,0.135,120.4,266.1,20,87.7,62.1,24.6,2,0,2,1,16.5,0,12.5,0
BD_WD_2023_0041,Welimada,12/27/2023,Tuber_Initiation,6.84,0.147,96.6,162.8,17.3,78.1,45.2,36.9,1,1,1,1,11,0,12.5,0
BD_WD_2024_0042,Welimada,12/13/2024,Maturation,5.71,0.112,42.3,233.6,22.7,77.5,49.6,15,1,0,0,1,0,0,0,0
BD_WD_2023_0043,Welimada,3/6/2023,Maturation,5.56,0.103,80.3,246.3,23.7,75.8,62.6,39.6,2,1,1,1,0,0,0,0
BD_HP_2024_0032,Haputhale,7/26/2023,Germination,6.27,0.094,86.6,293.5,18.6,73.4,59.6,44.1,2,1,1,1,5.5,4.5,8,600
BD_BR_2023_0033,Boralanda,11/20/2023,Tuber_Initiation,5.02,0.147,83.6,256,15.6,78.1,32.2,47.8,1,1,1,1,11,0,12.5,0
BD_ME_2024_0038,Makul_Ella,7/10/2024,Maturation,6.69,0.04,121.6,224.9,21.8,80.4,59.2,39.1,2,1,2,1,0,0,0,0
BD_OH_2023_0047,Ohiya,10/24/2024,Vegetative,5.16,0.192,63,271,12.6,84.2,55.2,46.2,1,1,1,1,11,0,0,0
BD_OH_2024_0048,Ohiya,2/18/2023,Tuber_Initiation,6.71,0.143,61.2,242.3,19.8,82.7,38.1,22.7,1,0,1,1,16.5,0,12.5,0
BD_OH_2023_0049,Ohiya,1/12/2024,Maturation,5.64,0.22,112.3,212.3,18.9,80.9,59.1,42.3,1,1,2,1,0,0,0,0
BD_HN_2024_0044,Hinnarangolla,1/31/2024,Tuber_Initiation,5.52,0.04,92.7,304,18.1,84.2,55.7,39.6,2,1,1,2,11,0,8,0
BD_WD_2024_0044,Welimada,12/9/2024,Maturation,5.4,0.082,71.5,308.4,20.8,84.8,45.4,19.7,2,0,1,2,0,0,0,0
BD_RK_2024_0041,Rathkarawua,3/26/2023,Maturation,6.16,0.138,89,393.8,23.5,73.2,45,57.6,2,2,1,2,0,0,0,0
BD_BW_2024_0052,Bandarawela,9/8/2024,Vegetative,6.45,0.115,164.5,336.3,22.1,73.4,51,39.1,2,1,2,2,11,0,0,0
BD_ME_2024_0039,Makul_Ella,11/25/2023,Germination,6.21,0.138,155.3,148,23.5,78,49.6,38.6,2,1,2,0,5.5,0,12.5,1000
BD_BW_2024_0053,Bandarawela,11/7/2024,Tuber_Initiation,5.84,0.154,118.5,344.1,21.6,65.5,48.7,55.7,2,2,2,2,5.5,0,8,0
BD_OH_2024_0050,Ohiya,9/9/2024,Maturation,6.14,0.185,112.2,251.2,19.3,88.6,53,53.6,1,2,2,1,0,0,0,0
BD_WD_2024_0045,Welimada,12/26/2023,Maturation,5.66,0.103,56.3,208.5,19.4,85.5,69.5,59.2,2,2,1,1,0,0,0,0
BD_HP_2024_0033,Haputhale,9/21/2024,Maturation,6.23,0.062,87.7,282.2,24.4,88.7,69.3,58.7,2,2,1,1,0,0,0,0
BD_OH_2023_0051,Ohiya,3/18/2023,Maturation,5.94,0.178,110,335.2,19,80.7,64.4,28.3,2,0,2,2,0,0,0,0
BD_RK_2023_0042,Rathkarawua,2/1/2023,Vegetative,6.33,0.068,114.3,277,24.4,72.8,62.6,48,2,1,2,1,11,0,0,0
BD_MH_2024_0043,Mirahawatte,2/5/2023,Vegetative,6.52,0.04,139.6,277.7,25.5,75.5,53.3,48.3,2,1,2,1,11,0,0,0
BD_BW_2023_0054,Bandarawela,10/22/2024,Tuber_Initiation,6.48,0.081,138.4,270.6,21.7,75.1,68.3,52.2,2,2,2,1,5.5,0,12.5,0
BD_RK_2024_0043,Rathkarawua,8/3/2024,Germination,5.93,0.113,75.5,361.6,20.6,83.7,49.1,35.7,2,1,1,2,5.5,4.5,5,1000
BD_MH_2023_0044,Mirahawatte,11/26/2024,Maturation,6.11,0.098,138.6,326.9,18.5,78.8,41.9,35.9,2,1,2,2,0,0,0,0
BD_RK_2024_0044,Rathkarawua,3/30/2024,Germination,6.08,0.072,108.6,349.6,25.9,83.3,51,54.3,2,2,2,2,3,0,5,600
BD_MH_2023_0045,Mirahawatte,6/26/2024,Tuber_Initiation,6.38,0.101,99.4,316,22.1,72.2,51,65.8,2,2,1,2,5.5,0,8,0
BD_HN_2024_0045,Hinnarangolla,10/27/2024,Tuber_Initiation,6.59,0.157,61.5,233.6,24.6,77.6,59,45.3,1,1,1,1,11,0,12.5,0
BD_BR_2023_0034,Boralanda,1/27/2023,Vegetative,6.62,0.181,106.2,182.8,21.8,84.5,73.9,36,1,1,2,1,11,0,0,0
BD_UP_2024_0048,Uva_Paranagama,7/29/2024,Germination,5.77,0.217,46.6,119.5,23.7,81.6,57.3,47.9,0,1,0,0,5.5,6.7,12.5,1500
BD_OH_2024_0052,Ohiya,12/21/2024,Maturation,6.32,0.193,105.2,300.9,12.9,86.1,62.5,41.6,2,1,2,2,0,0,0,0
BD_BR_2024_0035,Boralanda,12/11/2024,Maturation,6.04,0.18,85.6,170.7,21.2,84.7,58.9,36.6,1,1,1,1,0,0,0,0
BD_BR_2023_0036,Boralanda,5/19/2023,Germination,6.25,0.074,81.2,168.2,22,86.6,66.1,15,2,0,1,1,5.5,4.5,8,1000
BD_UP_2023_0049,Uva_Paranagama,3/31/2024,Germination,4.59,0.155,55.6,189.7,26.3,68.9,31.7,15,1,0,1,1,5.5,4.5,8,1500
BD_RK_2024_0045,Rathkarawua,12/27/2024,Germination,6.4,0.04,146.7,262,21.6,79.9,70.5,48.7,2,1,2,1,5.5,0,8,1000
BD_ME_2024_0040,Makul_Ella,11/4/2023,Vegetative,6,0.171,80.6,228.6,17.8,75,38.5,34.3,1,1,1,1,11,0,0,0
BD_WD_2024_0046,Welimada,6/4/2024,Vegetative,5.57,0.148,95.6,256.1,18.8,81.4,44.1,38.3,2,1,1,1,11,0,0,0
BD_BW_2023_0055,Bandarawela,5/23/2023,Vegetative,6.78,0.076,140.2,305.7,25.4,75.2,32.4,42.5,2,1,2,2,11,0,0,0
BD_UP_2023_0050,Uva_Paranagama,1/5/2024,Tuber_Initiation,5.72,0.199,54.4,194.5,27.9,82.2,38.6,30,1,0,1,1,16.5,0,12.5,0
BD_UP_2023_0051,Uva_Paranagama,9/18/2024,Germination,5.73,0.159,40.9,116,20,71.2,45.5,36,0,1,0,0,5.5,6.7,12.5,1000
BD_BW_2024_0056,Bandarawela,2/12/2024,Maturation,5.89,0.104,101,239.2,27.2,74.9,48.9,55.4,2,2,2,1,0,0,0,0
BD_ME_2024_0041,Makul_Ella,2/24/2024,Germination,5.57,0.087,70.6,187.2,17,85.8,50.8,42.6,2,1,1,1,5.5,4.5,8,1000
BD_WD_2024_0047,Welimada,10/19/2024,Germination,6.11,0.119,119.1,269.3,23.5,90.5,58.9,53.7,2,2,2,1,3,0,8,1500
BD_UP_2024_0052,Uva_Paranagama,11/27/2024,Tuber_Initiation,4.99,0.083,32.7,141.7,25.5,68.4,50.9,18.3,0,0,0,0,16.5,0,12.5,0
BD_WD_2023_0048,Welimada,5/13/2023,Maturation,6.02,0.181,20.9,272.7,16.7,81.4,42.6,39.6,1,1,0,1,0,0,0,0
BD_ME_2023_0042,Makul_Ella,5/8/2023,Vegetative,5.7,0.161,77.2,233.3,23.6,77.4,41.1,34,1,1,1,1,11,0,0,0
BD_OH_2023_0053,Ohiya,6/15/2023,Tuber_Initiation,5.76,0.149,88.1,237.8,13.5,82.2,40.1,50,2,1,1,1,11,0,12.5,0
BD_BR_2024_0037,Boralanda,6/15/2024,Tuber_Initiation,6.17,0.085,105.9,177.5,19.8,91.8,54.8,28.3,2,0,2,1,16.5,0,12.5,0
BD_BW_2024_0057,Bandarawela,7/21/2023,Tuber_Initiation,5.81,0.069,112.2,285.4,25.6,72.3,67.6,57.5,2,2,2,1,5.5,0,12.5,0
BD_WD_2024_0049,Welimada,9/21/2024,Germination,5.71,0.133,96,310.5,16.2,86.7,45.6,51,2,2,1,2,3,4.5,5,1500
BD_ME_2023_0043,Makul_Ella,8/29/2024,Vegetative,5.78,0.17,75.5,170.2,23.3,75.1,49.4,32.6,1,1,1,1,11,0,0,0
BD_WD_2024_0050,Welimada,7/31/2024,Germination,5.36,0.129,78.6,263.6,23.1,84.4,72.3,41.2,1,1,1,1,5.5,4.5,8,1500
BD_HP_2023_0034,Haputhale,2/16/2023,Tuber_Initiation,5.64,0.046,123.9,266.1,23.9,81.9,53.4,51,2,2,2,1,5.5,0,12.5,0
BD_BR_2024_0038,Boralanda,9/24/2024,Germination,5.86,0.098,29.9,277.2,22.7,85.6,47.3,19.6,1,0,0,1,5.5,6.7,8,600
BD_UP_2024_0053,Uva_Paranagama,10/19/2024,Tuber_Initiation,4.5,0.268,50.9,186.4,23.5,82,65.5,23.7,1,0,1,1,16.5,0,12.5,0
BD_UP_2023_0054,Uva_Paranagama,12/2/2024,Maturation,6.45,0.246,41.1,187.2,23.2,66,52.2,31.4,1,1,0,1,0,0,0,0
BD_OH_2024_0054,Ohiya,3/16/2023,Germination,7,0.124,51.7,320.7,18,88.2,62.2,26.6,1,0,1,2,5.5,4.5,5,1000
BD_WD_2024_0051,Welimada,3/1/2024,Maturation,5.61,0.223,52.1,234.2,19.8,90.3,63.6,37.1,1,1,1,1,0,0,0,0
BD_UP_2023_0055,Uva_Paranagama,12/15/2023,Vegetative,6.98,0.071,60.6,164.4,26.7,76,40.5,34,1,1,1,1,11,0,0,0
BD_RK_2024_0046,Rathkarawua,12/20/2023,Maturation,6.39,0.11,102,370.7,21.7,81,58.3,48.5,2,1,2,2,0,0,0,0
BD_WD_2024_0052,Welimada,6/11/2024,Germination,5.79,0.202,56.8,259,18.7,89.8,57,49.6,1,1,1,1,5.5,4.5,8,1000
BD_RK_2023_0047,Rathkarawua,4/22/2024,Germination,6.24,0.101,116.4,296.8,23.3,80.7,45.9,52.1,2,2,2,1,3,0,8,600
BD_OH_2024_0055,Ohiya,9/11/2023,Vegetative,5.65,0.128,61.7,235.4,15.5,94.3,68.5,42.1,2,1,1,1,11,0,0,0
BD_BW_2023_0058,Bandarawela,10/25/2023,Maturation,6.33,0.096,124.2,242.4,22.4,75.6,55.9,43.1,2,1,2,1,0,0,0,0
BD_MH_2024_0046,Mirahawatte,9/12/2023,Vegetative,7.01,0.057,152.3,294.1,22.7,73.5,52.6,48.6,1,1,2,1,11,0,0,0
BD_RK_2024_0048,Rathkarawua,7/14/2023,Vegetative,6.65,0.165,157.7,300,20.6,84.1,34.8,49.9,2,1,2,2,11,0,0,0
BD_UP_2024_0056,Uva_Paranagama,5/25/2024,Tuber_Initiation,7.04,0.162,35.6,104,27.4,75,50.1,32.4,0,1,0,0,11,0,12.5,0
BD_UP_2023_0057,Uva_Paranagama,4/3/2023,Maturation,6.45,0.156,33.5,178.7,23.9,66.7,52.3,41.1,1,1,0,1,0,0,0,0
BD_ME_2024_0044,Makul_Ella,9/4/2023,Vegetative,6.01,0.17,94.2,171.7,16.8,89.2,56.4,30.4,1,1,1,1,11,0,0,0
BD_MH_2024_0047,Mirahawatte,2/19/2023,Germination,5.91,0.091,104.8,373,18.3,70.9,52.4,40.1,2,1,2,2,5.5,0,5,1000
BD_OH_2024_0056,Ohiya,9/3/2024,Maturation,5.95,0.175,62.6,216,16.6,88.6,51.9,37.4,1,1,1,1,0,0,0,0
BD_OH_2023_0057,Ohiya,4/21/2023,Maturation,5.26,0.099,46.3,226.2,14.3,89.5,65.8,54,1,2,0,1,0,0,0,0
BD_WD_2024_0053,Welimada,1/10/2024,Maturation,5.31,0.188,20,199.5,20.9,84.3,55.4,46.7,0,1,0,1,0,0,0,0
BD_RK_2023_0049,Rathkarawua,2/15/2024,Germination,5.89,0.124,89.2,317.7,23.8,69.6,53.8,47.2,2,1,1,2,5.5,4.5,5,600
BD_MH_2023_0048,Mirahawatte,1/7/2024,Tuber_Initiation,6.38,0.096,124.9,269.2,25,81.7,68.9,44,2,1,2,1,11,0,12.5,0
BD_BW_2024_0059,Bandarawela,5/31/2024,Maturation,6.3,0.067,140.2,294.2,25.4,71,53.4,49.5,2,1,2,1,0,0,0,0
BD_ME_2024_0045,Makul_Ella,9/30/2024,Germination,6.34,0.133,58.9,163.1,19.7,77.5,50.5,37.1,2,1,1,1,5.5,4.5,8,1000
BD_WD_2023_0054,Welimada,2/8/2024,Tuber_Initiation,5.83,0.214,69.2,219.6,23.1,76.5,50.3,51.1,1,2,1,1,5.5,0,12.5,0
BD_RK_2024_0050,Rathkarawua,5/28/2023,Vegetative,6.54,0.078,122,355.6,21.9,86.8,60.9,49.3,2,1,2,2,11,0,0,0
BD_MH_2024_0049,Mirahawatte,5/27/2024,Germination,5.84,0.113,89.5,350.7,23.9,71.1,44.6,52.8,2,2,1,2,3,4.5,5,600
BD_HP_2023_0035,Haputhale,5/21/2023,Tuber_Initiation,5.6,0.117,100.5,364,21.5,87.4,52,57.7,2,2,2,2,5.5,0,8,0
BD_UP_2024_0058,Uva_Paranagama,6/2/2023,Vegetative,4.96,0.313,27.6,153.5,21.8,66.2,44.7,41,0,1,0,1,11,0,0,0
BD_RK_2024_0051,Rathkarawua,6/16/2023,Maturation,6.1,0.059,72.7,291.8,26.1,71,44.1,49,2,1,1,1,0,0,0,0
BD_MH_2024_0050,Mirahawatte,8/30/2024,Tuber_Initiation,6.87,0.07,145,377.9,23.5,81.9,54.8,46.1,2,1,2,2,11,0,8,0
BD_ME_2024_0046,Makul_Ella,12/26/2024,Tuber_Initiation,5.93,0.157,68.4,237.2,20.7,88.6,62.3,40.6,1,1,1,1,11,0,12.5,0
BD_UP_2023_0059,Uva_Paranagama,1/13/2024,Tuber_Initiation,5.4,0.159,82.6,100,26.9,74.6,54.3,23.9,0,0,1,0,16.5,0,12.5,0
BD_BW_2024_0060,Bandarawela,8/20/2024,Tuber_Initiation,6.23,0.083,101.3,349.6,20.4,84.4,68.4,49.8,2,1,2,2,11,0,8,0
BD_HP_2024_0036,Haputhale,9/29/2023,Vegetative,5.46,0.087,122.8,355.8,20.4,85.6,53.8,45.6,2,1,2,2,11,0,0,0
BD_HP_2024_0037,Haputhale,6/24/2023,Maturation,5.58,0.061,116,290.6,25.1,79.2,53.1,37.4,2,1,2,1,0,0,0,0
BD_WD_2023_0055,Welimada,2/2/2023,Germination,5.42,0.085,109.5,235.1,22.3,75.2,51.4,33.8,2,1,2,1,5.5,0,8,1000
BD_BR_2023_0039,Boralanda,3/27/2024,Tuber_Initiation,6.24,0.04,87.9,304.2,22.2,83.7,52.9,46.9,2,1,1,2,11,0,8,0
BD_HN_2023_0046,Hinnarangolla,2/27/2024,Vegetative,6.41,0.168,85.5,240.5,19.3,77,41.9,40.4,1,1,1,1,11,0,0,0
BD_HN_2024_0047,Hinnarangolla,3/5/2023,Vegetative,6.07,0.04,61.2,264.7,19.4,89.4,55.2,32.2,2,1,1,1,11,0,0,0
BD_ME_2023_0047,Makul_Ella,7/28/2024,Tuber_Initiation,5.9,0.147,92.9,282.3,16.1,79.4,59.3,38.5,2,1,1,1,11,0,12.5,0
BD_UP_2024_0060,Uva_Paranagama,11/18/2023,Vegetative,6.99,0.056,43,194.6,27.8,82.1,51.5,18.6,1,0,0,1,11,0,0,0
BD_UP_2024_0061,Uva_Paranagama,7/13/2024,Tuber_Initiation,7.51,0.078,54,191,24.9,72.4,51.1,30.2,0,1,1,1,11,0,12.5,0
BD_OH_2024_0058,Ohiya,7/16/2023,Vegetative,5.63,0.081,95.1,161.8,18.4,88.6,72.6,37.2,2,1,1,1,11,0,0,0
BD_OH_2024_0059,Ohiya,8/19/2023,Tuber_Initiation,6.64,0.104,63.6,202,15.6,94.5,81.8,39.6,1,1,1,1,11,0,12.5,0
BD_OH_2023_0060,Ohiya,12/7/2024,Maturation,6.65,0.085,86.3,250.5,15,81.4,60.8,54.3,1,2,1,1,0,0,0,0
BD_RK_2024_0052,Rathkarawua,12/24/2023,Tuber_Initiation,5.3,0.106,97.4,294.8,26.7,76.9,49.8,54.1,1,2,1,1,5.5,0,12.5,0
BD_OH_2023_0061,Ohiya,8/10/2024,Maturation,6.17,0.186,20.1,183.9,14.5,87.4,44.7,22.3,1,0,0,1,0,0,0,0
BD_HN_2024_0048,Hinnarangolla,5/30/2023,Tuber_Initiation,5.4,0.04,62.4,174,21.9,73.6,61.2,49.6,1,1,1,1,11,0,12.5,0
BD_HP_2024_0038,Haputhale,3/22/2023,Tuber_Initiation,6.02,0.108,124.6,370.4,19.7,72.7,63.1,46.9,2,1,2,2,11,0,8,0
BD_UP_2024_0062,Uva_Paranagama,5/5/2024,Vegetative,5.05,0.375,27,216.6,21.7,73.2,43.4,20.1,0,0,0,1,11,0,0,0
BD_BR_2024_0040,Boralanda,7/29/2024,Tuber_Initiation,5.42,0.06,101.1,174.6,19,91.2,49.6,26.6,2,0,2,1,16.5,0,12.5,0
BD_WD_2023_0056,Welimada,9/22/2024,Vegetative,6.06,0.088,83.2,309.7,16.1,82,51.4,39.5,2,1,1,2,11,0,0,0
BD_BR_2023_0041,Boralanda,11/16/2024,Vegetative,6.73,0.192,47.7,201.9,20.8,89.8,40,33.3,0,1,0,1,11,0,0,0
BD_BR_2023_0042,Boralanda,4/13/2023,Maturation,6.65,0.218,128.1,261.1,19.6,93.1,56.1,17.4,1,0,2,1,0,0,0,0
BD_RK_2024_0053,Rathkarawua,4/13/2023,Vegetative,6.98,0.091,145.6,283.8,20.5,78.1,52.4,32.3,2,1,2,1,11,0,0,0
BD_HP_2023_0039,Haputhale,2/21/2024,Maturation,5.74,0.087,98.9,266,18.8,85.5,63.4,51.2,2,2,1,1,0,0,0,0
BD_UP_2023_0063,Uva_Paranagama,10/22/2023,Tuber_Initiation,5.97,0.134,72,193.8,23.7,75.6,62.1,42.9,2,1,1,1,11,0,12.5,0
BD_OH_2023_0062,Ohiya,4/2/2023,Vegetative,6.06,0.1,70.3,233.8,17.5,91.9,60.1,27.1,2,0,1,1,11,0,0,0
BD_ME_2023_0048,Makul_Ella,6/29/2023,Maturation,4.58,0.101,141.3,254.8,16.6,76.9,63.8,42.3,1,1,2,1,0,0,0,0
BD_WD_2023_0057,Welimada,2/11/2024,Maturation,5.76,0.133,61.5,268.8,16.9,87.5,65.2,43.1,2,1,1,1,0,0,0,0
BD_WD_2024_0058,Welimada,2/8/2023,Germination,6.5,0.092,39.3,195,23.8,91.6,63.7,45.6,1,1,0,1,5.5,6.7,8,600
BD_OH_2023_0063,Ohiya,12/10/2023,Tuber_Initiation,6.8,0.096,119.6,257.6,12.3,85.4,64.6,36.7,2,1,2,1,11,0,12.5,0
BD_UP_2024_0064,Uva_Paranagama,5/18/2023,Maturation,5.93,0.195,76.9,149.9,25.1,71.2,49.9,34.2,1,1,1,0,0,0,0,0
BD_OH_2023_0064,Ohiya,4/26/2023,Tuber_Initiation,5.55,0.152,81.3,236.6,17.3,90.7,47.4,51.7,1,2,1,1,5.5,0,12.5,0
BD_WD_2024_0059,Welimada,10/25/2024,Tuber_Initiation,5.46,0.098,46,257.5,23.1,82.6,57.7,48,1,1,0,1,11,0,12.5,0
BD_WD_2023_0060,Welimada,12/12/2023,Tuber_Initiation,5.52,0.166,77.7,289.8,23,79.1,50.9,49.7,1,1,1,1,11,0,12.5,0
BD_MH_2023_0051,Mirahawatte,6/29/2023,Maturation,5.66,0.11,125.6,332.1,20.7,79.8,65.7,46.3,2,1,2,2,0,0,0,0
BD_HN_2024_0049,Hinnarangolla,3/30/2023,Maturation,6.12,0.157,70.4,176.3,17.1,72.9,54.1,49.5,1,1,1,1,0,0,0,0
BD_BW_2023_0061,Bandarawela,5/24/2023,Maturation,6.71,0.05,127.2,263.7,24.6,79.8,67.9,54,2,2,2,1,0,0,0,0
BD_RK_2023_0054,Rathkarawua,1/7/2023,Tuber_Initiation,5.78,0.08,135.7,275.2,26.7,80.6,58.4,54.8,2,2,2,1,5.5,0,12.5,0
BD_HN_2023_0050,Hinnarangolla,4/2/2024,Tuber_Initiation,6.19,0.167,118.5,304.7,19.3,83.5,59.9,44.4,2,1,2,2,11,0,8,0
BD_RK_2024_0055,Rathkarawua,8/19/2024,Germination,6.28,0.076,118,313.2,20.9,77.9,58.7,41.2,2,1,2,2,5.5,0,5,1000
BD_OH_2024_0065,Ohiya,12/10/2024,Vegetative,6.25,0.14,62.7,284.1,13.3,90.3,64.9,25.6,2,0,1,1,11,0,0,0
BD_HP_2023_0040,Haputhale,4/21/2024,Tuber_Initiation,6.79,0.04,133.5,289.7,22.5,75,38.5,40.3,2,1,2,1,11,0,12.5,0
BD_WD_2024_0061,Welimada,12/3/2024,Tuber_Initiation,5.87,0.153,91.4,274.5,23.6,86.5,61.5,37.5,1,1,1,1,11,0,12.5,0
BD_BW_2024_0062,Bandarawela,1/12/2024,Vegetative,5.83,0.082,105.2,287.1,26.4,67.8,40,46.6,2,1,2,1,11,0,0,0
BD_BR_2023_0043,Boralanda,5/4/2024,Vegetative,6.21,0.194,53.1,215.6,20.5,88.7,61.6,57.7,1,2,1,1,7,0,0,0
BD_UP_2024_0065,Uva_Paranagama,3/1/2024,Maturation,6.28,0.22,52.2,234.8,25.4,84.6,47.1,32,1,1,1,1,0,0,0,0
BD_ME_2023_0049,Makul_Ella,9/11/2023,Germination,6.45,0.125,60.9,250.8,19.4,82.4,41.3,53.2,2,2,1,1,3,4.5,8,600
BD_ME_2024_0050,Makul_Ella,6/24/2024,Tuber_Initiation,6.64,0.134,56.8,246.6,18.1,90.5,57.6,37,1,1,1,1,11,0,12.5,0
BD_BW_2023_0063,Bandarawela,3/5/2023,Vegetative,6.76,0.061,141,344.9,21.2,81.5,40.3,59.6,2,2,2,2,7,0,0,0
BD_MH_2023_0052,Mirahawatte,6/18/2023,Tuber_Initiation,6.48,0.042,89.6,375.2,26,73.8,45.8,54.3,2,2,1,2,5.5,0,8,0
BD_ME_2024_0051,Makul_Ella,4/30/2023,Vegetative,6.51,0.141,43.1,312.6,16.8,79.6,45.4,32.9,1,1,0,2,11,0,0,0
BD_MH_2024_0053,Mirahawatte,4/4/2023,Maturation,6.02,0.07,149.1,299.8,19.3,87.8,75.3,38.6,2,1,2,1,0,0,0,0
BD_HP_2024_0041,Haputhale,5/16/2023,Maturation,5.97,0.06,140.8,318.4,21.6,84.2,55.6,57.8,2,2,2,2,0,0,0,0
BD_UP_2023_0066,Uva_Paranagama,7/26/2024,Maturation,4.88,0.09,68.7,241.4,28,74.5,30.1,32.4,1,1,1,1,0,0,0,0
BD_OH_2023_0066,Ohiya,2/10/2024,Tuber_Initiation,5.83,0.206,118.7,261.1,17,86.3,41.7,55.3,1,2,2,1,5.5,0,12.5,0
BD_HP_2023_0042,Haputhale,8/15/2024,Germination,5.91,0.124,103.3,275,19.2,70.2,44.9,59.5,2,2,2,1,3,0,8,600
BD_HP_2024_0043,Haputhale,12/19/2023,Germination,6.22,0.04,112.3,355.8,21.5,84.6,50,61.2,2,2,2,2,3,0,5,1000
BD_ME_2023_0052,Makul_Ella,3/12/2023,Maturation,6.4,0.161,62.8,172.2,19.3,79.4,58,49,1,1,1,1,0,0,0,0
BD_HP_2024_0044,Haputhale,2/23/2024,Vegetative,6.35,0.04,140.9,282.8,26,79.6,67,36.3,2,1,2,1,11,0,0,0
BD_WD_2024_0062,Welimada,1/19/2024,Maturation,7.66,0.12,62.2,327.4,19.7,79.2,53.3,24.1,1,0,1,2,0,0,0,0
BD_UP_2024_0067,Uva_Paranagama,1/20/2024,Germination,5.3,0.25,70.7,182.1,23,67,50,19.4,1,0,1,1,5.5,4.5,8,1500
BD_ME_2023_0053,Makul_Ella,10/31/2024,Tuber_Initiation,5.45,0.174,143.2,205.4,21.7,82.1,53.3,45.2,1,1,2,1,11,0,12.5,0
BD_BW_2023_0064,Bandarawela,7/4/2024,Maturation,5.86,0.041,120.9,336.1,25.7,80.5,61.5,37.9,2,1,2,2,0,0,0,0
BD_ME_2023_0054,Makul_Ella,8/17/2023,Germination,6.62,0.101,126.9,181.3,21.5,78.6,46.4,52.7,2,2,2,1,3,0,8,600
BD_HP_2024_0045,Haputhale,4/19/2024,Maturation,5.88,0.076,96.2,252.3,18.1,83.6,43,37.8,2,1,1,1,0,0,0,0
BD_ME_2024_0055,Makul_Ella,8/24/2023,Vegetative,5.82,0.115,88.1,261.7,18.5,81.3,49.8,39.3,2,1,1,1,11,0,0,0
BD_UP_2024_0068,Uva_Paranagama,6/8/2023,Tuber_Initiation,6.03,0.19,69.4,206,27.2,83.2,70.8,27.3,1,0,1,1,16.5,0,12.5,0
BD_BR_2023_0044,Boralanda,2/2/2023,Maturation,6.29,0.112,96.4,268.3,15.4,80.5,53.8,38.8,2,1,1,1,0,0,0,0
BD_MH_2023_0054,Mirahawatte,9/4/2023,Vegetative,7.16,0.093,149.6,338.9,22,71.3,71.6,31.7,2,1,2,2,11,0,0,0
BD_BW_2023_0065,Bandarawela,8/31/2024,Germination,6.21,0.138,169.9,306.5,27,77.3,57.6,39.6,2,1,2,2,5.5,0,5,1000
BD_UP_2023_0069,Uva_Paranagama,9/8/2023,Germination,4.87,0.256,55.9,118.6,26,67.6,50.3,15,0,0,1,0,5.5,4.5,12.5,1000
BD_HN_2024_0051,Hinnarangolla,8/28/2023,Vegetative,7.2,0.099,140.8,231.7,24,74.3,47.7,35.6,1,1,2,1,11,0,0,0
BD_HP_2023_0046,Haputhale,5/30/2024,Tuber_Initiation,5.99,0.128,127.4,250.1,19.9,84.3,43.1,53.3,2,2,2,1,5.5,0,12.5,0
BD_BR_2024_0045,Boralanda,8/14/2024,Tuber_Initiation,6.16,0.089,110.7,230,15.8,86.6,64.6,48.3,2,1,2,1,11,0,12.5,0
BD_BR_2024_0046,Boralanda,5/27/2023,Vegetative,6.39,0.179,80.6,124,18.9,92.4,50.8,15,1,0,1,0,11,0,0,0
BD_HN_2024_0052,Hinnarangolla,10/9/2023,Germination,5.8,0.04,115,234.9,20.9,78,46.7,45.3,2,1,2,1,5.5,0,8,1000
BD_ME_2023_0056,Makul_Ella,10/3/2024,Maturation,5.84,0.153,68,234.3,16.3,80.5,50.3,19.1,1,0,1,1,0,0,0,0
BD_ME_2024_0057,Makul_Ella,2/18/2023,Tuber_Initiation,7.29,0.04,135,202.5,17.9,82.8,48,24,1,0,2,1,16.5,0,12.5,0
BD_HN_2024_0053,Hinnarangolla,12/14/2024,Maturation,5.56,0.119,99.6,311.4,22.9,72.9,54.2,24.1,2,0,1,2,0,0,0,0
BD_HN_2023_0054,Hinnarangolla,11/4/2023,Maturation,5.79,0.183,92.4,222.9,18,75.2,49.3,44.3,1,1,1,1,0,0,0,0
BD_WD_2024_0063,Welimada,9/4/2023,Vegetative,5.49,0.152,79.6,236.9,21.6,86.2,59.8,20.9,1,0,1,1,11,0,0,0
BD_OH_2023_0067,Ohiya,4/19/2024,Germination,5.77,0.214,84.4,242.5,15,91.3,51,33.3,1,1,1,1,5.5,4.5,8,1000
BD_ME_2024_0058,Makul_Ella,3/2/2024,Vegetative,5.52,0.133,82.3,274.3,18.9,76.8,66.8,36.4,2,1,1,1,11,0,0,0
BD_HN_2023_0055,Hinnarangolla,9/19/2023,Vegetative,6.18,0.076,91.8,242.4,21.6,81.7,56.2,43.3,2,1,1,1,11,0,0,0
BD_RK_2023_0056,Rathkarawua,4/5/2024,Tuber_Initiation,6.55,0.086,143.7,315.2,22,73.1,42.9,39.6,2,1,2,2,11,0,8,0
BD_BW_2023_0066,Bandarawela,2/22/2023,Tuber_Initiation,5.17,0.095,112.3,288.6,24.5,68.4,63,72.6,2,2,2,1,5.5,0,12.5,0
BD_HN_2023_0056,Hinnarangolla,3/16/2023,Vegetative,5.64,0.162,49.6,173,19.4,74.4,57.9,43.8,1,1,0,1,11,0,0,0
BD_MH_2023_0055,Mirahawatte,5/5/2024,Vegetative,6.38,0.108,100,358.2,19.9,85.2,60.8,41.2,2,1,2,2,11,0,0,0
BD_RK_2024_0057,Rathkarawua,1/16/2023,Vegetative,5.89,0.109,160.2,319.1,19.4,77.9,36.3,39.9,2,1,2,2,11,0,0,0
BD_BR_2023_0047,Boralanda,5/5/2024,Vegetative,5.85,0.107,51,300.4,18,80.6,44.1,34.1,2,1,1,2,11,0,0,0
BD_MH_2023_0056,Mirahawatte,2/11/2024,Vegetative,6.46,0.055,143.2,290.1,25.9,84.1,58.7,40.8,2,1,2,1,11,0,0,0
BD_ME_2024_0059,Makul_Ella,10/17/2023,Maturation,6.8,0.183,24.2,245.6,21.2,86.1,52.7,48.6,0,1,0,1,0,0,0,0
BD_UP_2024_0070,Uva_Paranagama,11/12/2023,Tuber_Initiation,6.83,0.313,62.6,206.4,20.7,74.3,60.5,33.2,0,1,1,1,11,0,12.5,0
BD_RK_2024_0058,Rathkarawua,4/22/2024,Germination,6,0.083,94.8,308,25.7,72.3,62.1,60.3,2,2,1,2,3,4.5,5,600
BD_UP_2024_0071,Uva_Paranagama,7/28/2023,Tuber_Initiation,5.5,0.088,85.7,224.2,25.2,70.1,62,45.6,2,1,1,1,11,0,12.5,0
BD_RK_2024_0059,Rathkarawua,2/16/2023,Vegetative,6.61,0.076,109.9,329.6,20.7,79.4,63.4,54.3,2,2,2,2,7,0,0,0
BD_WD_2023_0064,Welimada,9/25/2023,Maturation,5.88,0.165,111.8,237.4,18.6,89.8,56.6,43.2,1,1,2,1,0,0,0,0
BD_OH_2023_0068,Ohiya,7/20/2023,Tuber_Initiation,5.8,0.119,104.9,251.1,15.9,91.7,73.2,35.1,2,1,2,1,11,0,12.5,0
BD_BR_2024_0048,Boralanda,8/6/2024,Vegetative,5.39,0.071,20,166.4,19.2,89.4,69.2,32.9,1,1,0,1,11,0,0,0
BD_UP_2024_0072,Uva_Paranagama,9/21/2023,Maturation,4.76,0.222,31,186.5,24.9,75.2,52.8,26.2,0,0,0,1,0,0,0,0
BD_UP_2024_0073,Uva_Paranagama,6/22/2023,Tuber_Initiation,4.5,0.245,72.1,174.8,24.1,69.9,67.8,30.5,1,1,1,1,11,0,12.5,0
BD_WD_2023_0065,Welimada,7/13/2024,Maturation,5.58,0.072,95.6,231.4,21.2,89,44.9,45.3,2,1,1,1,0,0,0,0
BD_WD_2023_0066,Welimada,6/20/2024,Germination,5.56,0.177,75.8,319.9,20.6,90.7,58.5,32.4,1,1,1,2,5.5,4.5,5,1500
BD_BW_2023_0067,Bandarawela,1/7/2023,Maturation,6.22,0.088,132.4,336.7,21.9,74.4,44.4,47.5,2,1,2,2,0,0,0,0
BD_WD_2023_0067,Welimada,3/11/2023,Vegetative,7.37,0.118,43,188.4,18.7,90.9,68.2,42.9,1,1,0,1,11,0,0,0
BD_HP_2023_0047,Haputhale,6/1/2024,Maturation,6.29,0.091,142.5,291.2,22.5,84.9,49.1,65.5,2,2,2,1,0,0,0,0
BD_RK_2023_0060,Rathkarawua,9/24/2024,Maturation,6.4,0.066,77.7,303.2,21.6,76.8,34.7,47.9,2,1,1,2,0,0,0,0
BD_UP_2023_0074,Uva_Paranagama,1/7/2023,Maturation,5.84,0.223,75.8,170,24.1,83.8,44.3,18.3,1,0,1,1,0,0,0,0
BD_HP_2023_0048,Haputhale,6/26/2024,Tuber_Initiation,6.14,0.121,109.4,297.8,25.3,85.2,43.6,32.8,2,1,2,1,11,0,12.5,0
BD_ME_2024_0060,Makul_Ella,1/18/2023,Maturation,6.18,0.137,80.1,205.4,23.6,88,55,26.2,2,0,1,1,0,0,0,0
BD_WD_2023_0068,Welimada,4/9/2023,Vegetative,6.37,0.145,33.3,250,20.5,84.4,56.6,53.4,1,2,0,1,7,0,0,0
BD_BR_2023_0049,Boralanda,9/26/2024,Tuber_Initiation,4.96,0.119,86.6,244.3,15.5,87.4,62,37.8,1,1,1,1,11,0,12.5,0
BD_RK_2024_0061,Rathkarawua,2/11/2024,Germination,5.47,0.141,102.4,254.3,24.5,87,48.5,37.8,2,1,2,1,5.5,0,8,1000
BD_RK_2024_0062,Rathkarawua,4/15/2024,Vegetative,6.52,0.07,105,312.3,24.2,87.4,62,56.2,2,2,2,2,7,0,0,0
BD_BR_2024_0050,Boralanda,12/1/2024,Germination,6.24,0.142,86,188.5,18.9,88.6,47.5,40.5,2,1,1,1,5.5,4.5,8,1000
BD_HP_2023_0049,Haputhale,2/20/2024,Maturation,6.46,0.04,119.7,260.7,21.3,74.4,59.9,35.3,2,1,2,1,0,0,0,0
BD_HN_2024_0057,Hinnarangolla,2/27/2023,Germination,5.85,0.106,77.9,274.5,17.1,73.5,43.1,37.5,2,1,1,1,5.5,4.5,8,1500
BD_WD_2023_0069,Welimada,5/26/2024,Maturation,6.35,0.147,100,223.1,20.1,79,58.1,41.9,2,1,2,1,0,0,0,0
BD_RK_2023_0063,Rathkarawua,6/24/2024,Germination,6.39,0.07,138.2,282.3,25.7,79.1,64.2,44.6,2,1,2,1,5.5,0,8,600
BD_BR_2023_0051,Boralanda,12/9/2024,Maturation,6.48,0.189,44.7,234.9,22.7,82.6,49.7,43.2,1,1,0,1,0,0,0,0
BD_OH_2023_0069,Ohiya,3/18/2023,Tuber_Initiation,5.48,0.286,79.7,246.9,16.2,88.8,50.8,18.7,1,0,1,1,16.5,0,12.5,0
BD_ME_2023_0061,Makul_Ella,7/3/2023,Tuber_Initiation,5.47,0.112,122.1,190.4,21.6,84.5,45.9,33.9,2,1,2,1,11,0,12.5,0
BD_HP_2023_0050,Haputhale,8/24/2024,Vegetative,5.68,0.09,73.7,305,20.2,77.4,55.2,51.7,2,2,1,2,7,0,0,0
BD_HN_2023_0058,Hinnarangolla,11/3/2023,Vegetative,6.6,0.109,85.4,252.7,18.5,86.2,56.1,31.6,1,1,1,1,11,0,0,0
BD_MH_2023_0057,Mirahawatte,8/3/2024,Maturation,5.46,0.08,109.3,351.2,20,86.6,53.1,43.3,2,1,2,2,0,0,0,0
BD_ME_2024_0062,Makul_Ella,1/29/2024,Vegetative,6.6,0.201,153.1,154.5,17,84.1,56.3,27.7,1,0,2,1,11,0,0,0
BD_BW_2024_0068,Bandarawela,2/24/2023,Germination,6.13,0.105,130,324.4,23,75,58.4,41.2,2,1,2,2,5.5,0,5,1000
BD_HN_2023_0059,Hinnarangolla,3/19/2023,Tuber_Initiation,5.66,0.04,90,219.7,23.5,84.5,59.9,33.7,2,1,1,1,11,0,12.5,0
BD_MH_2024_0058,Mirahawatte,12/1/2023,Germination,6.92,0.082,132.7,267.8,20.7,86.3,60.4,65.7,2,2,2,1,3,0,8,600
BD_OH_2024_0070,Ohiya,5/17/2024,Vegetative,5.52,0.125,85,319.1,14.1,86.2,56.3,47.7,2,1,1,2,11,0,0,0
BD_RK_2024_0064,Rathkarawua,3/18/2024,Vegetative,6.53,0.074,130.6,271.4,21.6,70.7,45.2,35.8,2,1,2,1,11,0,0,0
BD_MH_2024_0059,Mirahawatte,3/29/2023,Tuber_Initiation,6.44,0.068,76.9,231,20.7,83.4,59.5,50.2,2,2,1,1,5.5,0,12.5,0
BD_BR_2023_0052,Boralanda,3/26/2023,Tuber_Initiation,6.66,0.176,63.6,173.2,16.9,92.7,62.8,59.1,1,2,1,1,5.5,0,12.5,0
BD_WD_2024_0070,Welimada,12/29/2024,Vegetative,6.67,0.04,47.2,270.5,21.4,88.7,64.1,31.6,1,1,0,1,11,0,0,0
BD_HN_2024_0060,Hinnarangolla,1/5/2024,Germination,6.97,0.208,92.5,179.2,23,78.8,36.3,44,1,1,1,1,5.5,4.5,8,600
BD_BW_2023_0069,Bandarawela,11/12/2023,Maturation,6.05,0.107,73.3,390.5,25.7,81.5,51.5,46.3,2,1,1,2,0,0,0,0
BD_RK_2024_0065,Rathkarawua,4/15/2023,Vegetative,6.1,0.064,147.1,304.8,19.6,84.6,48.4,55.8,2,2,2,2,7,0,0,0
BD_BW_2023_0070,Bandarawela,3/17/2024,Maturation,6.96,0.07,84.1,299.6,27.5,71.9,48.6,35.9,1,1,1,1,0,0,0,0
BD_ME_2024_0063,Makul_Ella,4/16/2023,Germination,6.13,0.151,44,294.2,20.5,80.2,47.1,21.9,1,0,0,1,5.5,6.7,8,1000
BD_BW_2024_0071,Bandarawela,7/21/2024,Germination,6.69,0.061,115.4,269.8,26.3,83.1,47.2,43.9,2,1,2,1,5.5,0,8,1000
BD_MH_2024_0060,Mirahawatte,1/30/2024,Germination,6.06,0.103,139.3,267.8,21.6,87.8,48.1,56,2,2,2,1,3,0,8,600
BD_OH_2024_0071,Ohiya,2/2/2024,Germination,5.9,0.04,65.4,271,19.5,92.1,62.6,44.1,2,1,1,1,5.5,4.5,8,1000
BD_ME_2023_0064,Makul_Ella,8/8/2024,Vegetative,6.1,0.185,114.9,213,18.3,91.3,39,34.5,1,1,2,1,11,0,0,0
BD_HN_2023_0061,Hinnarangolla,5/23/2023,Tuber_Initiation,5.62,0.142,71.2,205.5,20.5,86.4,41.6,36.1,2,1,1,1,11,0,12.5,0
BD_OH_2024_0072,Ohiya,5/19/2024,Vegetative,5.71,0.084,127.7,177.9,13,83.5,69.8,36.9,2,1,2,1,11,0,0,0
BD_BW_2023_0072,Bandarawela,3/21/2024,Tuber_Initiation,6.14,0.091,166.3,327.8,21.6,69.3,44.1,52.9,2,2,2,2,5.5,0,8,0
BD_HN_2024_0062,Hinnarangolla,5/10/2024,Germination,5.45,0.141,130.5,282.1,22,74.9,41.6,34,2,1,2,1,5.5,0,8,600
BD_RK_2024_0066,Rathkarawua,9/10/2023,Maturation,6.06,0.056,87.5,397.1,19.2,74.5,53.3,48.8,2,1,1,2,0,0,0,0
BD_MH_2023_0061,Mirahawatte,4/13/2024,Germination,5.64,0.112,140.1,319.6,20.4,77.1,44.7,48.5,2,1,2,2,5.5,0,5,1000
BD_WD_2024_0071,Welimada,1/7/2023,Maturation,6.18,0.17,42.4,240.2,22.8,82.4,66.5,22.7,1,0,0,1,0,0,0,0
BD_RK_2024_0067,Rathkarawua,12/4/2023,Maturation,5.99,0.116,106.9,279.4,22.7,86.9,46.3,42.9,2,1,2,1,0,0,0,0
BD_RK_2024_0068,Rathkarawua,10/28/2024,Vegetative,5.81,0.113,110.1,187.2,22.9,85.9,62.9,46.6,2,1,2,1,11,0,0,0
BD_OH_2024_0073,Ohiya,9/9/2024,Vegetative,5.54,0.109,26.8,205.7,12.4,83.5,63.3,24.9,1,0,0,1,11,0,0,0
BD_UP_2024_0075,Uva_Paranagama,7/1/2023,Maturation,5.83,0.158,64,100,22.3,68.5,43,23.2,1,0,1,0,0,0,0,0
BD_RK_2024_0069,Rathkarawua,12/12/2024,Maturation,6.5,0.143,114.5,256,19.3,76.1,63.8,64,2,2,2,1,0,0,0,0
BD_MH_2023_0062,Mirahawatte,11/30/2023,Maturation,6.74,0.123,145.2,253.6,25.6,78.6,51.4,39.7,2,1,2,1,0,0,0,0
BD_OH_2024_0074,Ohiya,1/9/2024,Germination,6.65,0.139,57.6,141.6,12.4,88.5,65.7,41.9,1,1,1,0,5.5,4.5,12.5,600
BD_MH_2023_0063,Mirahawatte,8/29/2024,Vegetative,5.99,0.081,129.6,326.5,21.6,70.1,66.4,46.6,2,1,2,2,11,0,0,0
BD_ME_2023_0065,Makul_Ella,4/17/2024,Vegetative,5.71,0.163,113,338,19.2,91.2,64.5,38.4,2,1,2,2,11,0,0,0
BD_UP_2024_0076,Uva_Paranagama,12/10/2024,Germination,4.5,0.103,79.2,243.3,20.5,73.3,38.5,31.4,1,1,1,1,5.5,4.5,8,1500
BD_HN_2024_0063,Hinnarangolla,5/23/2023,Tuber_Initiation,4.68,0.167,128,275.2,23.7,87.2,57.5,45.4,1,1,2,1,11,0,12.5,0
BD_BR_2024_0053,Boralanda,11/5/2024,Vegetative,5.62,0.135,27.3,179,22.4,87.9,55.7,35.7,1,1,0,1,11,0,0,0
BD_HN_2024_0064,Hinnarangolla,3/17/2023,Maturation,6.38,0.064,87.8,299.8,23.1,78.3,49.1,42.4,2,1,1,1,0,0,0,0
BD_MH_2024_0064,Mirahawatte,8/19/2024,Maturation,6.45,0.067,63.6,283.3,22,85.6,50.1,41.1,2,1,1,1,0,0,0,0
BD_ME_2024_0066,Makul_Ella,7/10/2024,Germination,5.89,0.103,76.7,304.6,19.9,75.7,65.3,42.6,2,1,1,2,5.5,4.5,5,1000
BD_RK_2023_0070,Rathkarawua,4/22/2023,Vegetative,6.19,0.062,123,327.6,22.6,84.7,72.6,61.5,2,2,2,2,7,0,0,0
BD_RK_2023_0071,Rathkarawua,10/24/2024,Germination,6.05,0.104,78.2,391.4,20.2,86.7,44.8,61.1,2,2,1,2,3,4.5,5,600
BD_MH_2024_0065,Mirahawatte,12/6/2023,Maturation,6.78,0.089,101.5,352.2,21.9,72.2,58.6,47.8,2,1,2,2,0,0,0,0
BD_BW_2023_0073,Bandarawela,4/11/2023,Tuber_Initiation,5.95,0.111,138.7,311.3,24.8,65.7,51.6,44.4,2,1,2,2,11,0,8,0
BD_BR_2023_0054,Boralanda,4/1/2024,Tuber_Initiation,5.27,0.084,79.7,216.1,19,81.1,56.4,31.3,1,1,1,1,11,0,12.5,0
BD_HN_2024_0065,Hinnarangolla,11/26/2024,Vegetative,7.14,0.16,110.7,322.2,20.9,83.7,70.5,34.2,1,1,2,2,11,0,0,0
BD_RK_2023_0072,Rathkarawua,5/9/2024,Germination,5.59,0.105,143.7,319,25.7,68.9,32.1,57,2,2,2,2,3,0,5,1000
BD_OH_2024_0075,Ohiya,3/29/2023,Germination,6.25,0.163,71.7,245.7,15.3,90.8,55.1,42.9,1,1,1,1,5.5,4.5,8,1500
BD_WD_2024_0072,Welimada,11/16/2023,Tuber_Initiation,5.9,0.071,103.1,243.8,23.3,77.1,70.5,44.6,2,1,2,1,11,0,12.5,0
BD_UP_2023_0077,Uva_Paranagama,6/17/2024,Maturation,6.33,0.04,57.3,157,27.6,70.7,38.4,20.5,2,0,1,1,0,0,0,0
BD_RK_2024_0073,Rathkarawua,4/10/2023,Maturation,7,0.052,108.6,308,24.4,70.5,59.7,50.6,2,2,2,2,0,0,0,0
BD_UP_2024_0078,Uva_Paranagama,3/10/2023,Tuber_Initiation,4.91,0.224,76.6,186.8,24.9,80.4,39.5,25.6,1,0,1,1,16.5,0,12.5,0
BD_HP_2023_0051,Haputhale,1/24/2023,Tuber_Initiation,6.07,0.13,133.6,313,23.8,78.2,35.9,54.1,2,2,2,2,5.5,0,8,0
BD_BW_2023_0074,Bandarawela,9/7/2023,Vegetative,6.78,0.092,143.5,303,21.9,74.7,48.9,34.5,2,1,2,2,11,0,0,0
BD_ME_2023_0067,Makul_Ella,12/5/2023,Maturation,5.84,0.152,106.2,220.5,17.9,82,40,38.1,1,1,2,1,0,0,0,0
BD_UP_2023_0079,Uva_Paranagama,2/19/2024,Vegetative,6.06,0.307,72.9,102.1,23.9,75.1,72.7,37.4,0,1,1,0,11,0,0,0
BD_WD_2024_0073,Welimada,2/10/2024,Germination,6.27,0.146,66,185.8,20.1,76.9,49.3,28.5,2,0,1,1,5.5,4.5,8,1000
BD_MH_2023_0066,Mirahawatte,4/5/2024,Maturation,5.97,0.075,82.6,360.2,22.1,72.7,43.5,43.7,2,1,1,2,0,0,0,0
BD_HN_2023_0066,Hinnarangolla,12/22/2024,Vegetative,6.71,0.147,140.1,254.3,24.2,89.5,50.3,34,2,1,2,1,11,0,0,0
BD_BR_2024_0055,Boralanda,12/21/2024,Germination,5.94,0.129,98.4,238.7,18.8,88.4,62.9,17.8,2,0,1,1,5.5,4.5,8,1500
BD_MH_2023_0067,Mirahawatte,7/3/2024,Vegetative,6.35,0.082,141.3,361.2,20.3,70.8,40,48.7,2,1,2,2,11,0,0,0
BD_RK_2024_0074,Rathkarawua,7/21/2023,Maturation,6.54,0.077,130,325.8,26.2,74.4,55.6,46.3,2,1,2,2,0,0,0,0
BD_BW_2024_0075,Bandarawela,11/17/2024,Maturation,5.95,0.079,121.8,245.1,23.9,72.1,38.7,44.4,2,1,2,1,0,0,0,0
BD_ME_2024_0068,Makul_Ella,9/3/2024,Maturation,6.08,0.142,78.4,232.8,16.8,87.9,64.3,34.2,2,1,1,1,0,0,0,0
BD_MH_2024_0068,Mirahawatte,8/24/2024,Germination,6.72,0.106,168.7,260.2,25.6,85.2,59.7,33.8,2,1,2,1,5.5,0,8,600
BD_RK_2024_0075,Rathkarawua,4/13/2024,Vegetative,6.05,0.061,125.1,309.3,24.1,70.6,48.1,29.8,2,0,2,2,11,0,0,0
BD_OH_2023_0076,Ohiya,11/19/2024,Vegetative,5.01,0.106,64.6,288.3,14.4,85.4,61.3,38.3,1,1,1,1,11,0,0,0
BD_RK_2023_0076,Rathkarawua,9/2/2023,Tuber_Initiation,6.24,0.088,112,335.1,24.6,69.4,78.1,35.5,2,1,2,2,11,0,8,0
BD_BW_2023_0076,Bandarawela,1/18/2024,Vegetative,5.97,0.108,104.6,278.6,27.5,75.4,48.6,51.6,2,2,2,1,7,0,0,0
BD_ME_2024_0069,Makul_Ella,3/4/2024,Vegetative,5.26,0.245,59.5,262.9,19.9,83.7,46.9,54,1,2,1,1,7,0,0,0
BD_MH_2024_0069,Mirahawatte,3/9/2024,Vegetative,6.07,0.082,77.5,384,22,79.8,52.9,45.7,2,1,1,2,11,0,0,0
BD_UP_2023_0080,Uva_Paranagama,7/22/2024,Vegetative,5.91,0.181,38.8,193.3,26.8,74.6,30.1,43.3,1,1,0,1,11,0,0,0
BD_UP_2024_0081,Uva_Paranagama,5/24/2023,Vegetative,5.4,0.226,20,121.9,20.8,77.1,67.3,36.8,0,1,0,0,11,0,0,0
BD_RK_2024_0077,Rathkarawua,9/26/2024,Germination,5.23,0.095,137.1,277.4,21.6,69.9,55.9,62.7,2,2,2,1,3,0,8,600
BD_RK_2023_0078,Rathkarawua,5/11/2024,Vegetative,6.94,0.099,96.3,239.4,19.5,81.8,62.9,39.2,1,1,1,1,11,0,0,0
BD_BR_2024_0056,Boralanda,7/29/2024,Maturation,4.86,0.11,123.3,178.6,18.6,82.3,73.6,23.4,1,0,2,1,0,0,0,0
BD_HN_2024_0067,Hinnarangolla,3/1/2024,Maturation,5.96,0.161,119.3,146.6,18.6,84.4,51.1,40.4,1,1,2,0,0,0,0,0
BD_UP_2023_0082,Uva_Paranagama,3/26/2023,Germination,4.5,0.159,20,100,25.3,70.7,37.7,36.7,0,1,0,0,5.5,6.7,12.5,1500
BD_BR_2024_0057,Boralanda,2/3/2023,Tuber_Initiation,5.17,0.151,74.6,232.1,20.1,79.3,49.8,31.5,1,1,1,1,11,0,12.5,0
BD_BR_2024_0058,Boralanda,6/22/2023,Maturation,6.22,0.091,52.7,303.6,15.9,87.1,44.2,45.8,2,1,1,2,0,0,0,0
BD_MH_2024_0070,Mirahawatte,7/16/2024,Germination,5.54,0.098,108.8,349.3,19.8,74.6,68.6,36.2,2,1,2,2,5.5,0,5,600
BD_MH_2023_0071,Mirahawatte,10/2/2023,Tuber_Initiation,5.29,0.111,111.2,300.9,23.2,81.1,50.6,56.8,2,2,2,2,5.5,0,8,0
BD_ME_2023_0070,Makul_Ella,3/27/2024,Vegetative,6.61,0.156,64,115.1,18.7,77.4,63.5,36.5,0,1,1,0,11,0,0,0
BD_HN_2023_0068,Hinnarangolla,10/31/2024,Vegetative,5.89,0.095,20,323.6,23.5,74,56.3,39,2,1,0,2,11,0,0,0
BD_OH_2023_0077,Ohiya,4/5/2024,Tuber_Initiation,5.01,0.15,48.8,294.4,16.3,92.5,48,44.5,0,1,0,1,11,0,12.5,0
BD_RK_2023_0079,Rathkarawua,3/25/2024,Germination,6.46,0.064,122,239.9,25.6,73.7,42.5,50,2,2,2,1,3,0,8,600
BD_BR_2023_0059,Boralanda,8/25/2024,Tuber_Initiation,6.45,0.113,59.7,232.1,17.8,88.4,61.8,54.7,2,2,1,1,5.5,0,12.5,0
BD_MH_2024_0072,Mirahawatte,6/19/2023,Vegetative,6.7,0.113,175.8,257.2,22,85.1,52,45.7,2,1,2,1,11,0,0,0
BD_BR_2023_0060,Boralanda,3/2/2023,Tuber_Initiation,6.58,0.054,100.3,185.1,16.3,78.8,53.8,39.4,2,1,2,1,11,0,12.5,0
BD_ME_2024_0071,Makul_Ella,9/3/2024,Vegetative,5.57,0.183,104.3,266.5,19.7,85.7,46.5,55.3,1,2,2,1,7,0,0,0
BD_RK_2024_0080,Rathkarawua,10/24/2023,Tuber_Initiation,5.66,0.117,114.6,439.6,19.9,82.4,67.2,54.8,2,2,2,2,5.5,0,8,0
BD_ME_2023_0072,Makul_Ella,5/19/2023,Maturation,6.59,0.04,80,274.3,21.7,90.6,46.2,40.9,1,1,1,1,0,0,0,0
BD_HP_2024_0052,Haputhale,11/2/2024,Vegetative,6.61,0.059,150.3,313.8,22.2,71.5,44.9,60.7,2,2,2,2,7,0,0,0
BD_WD_2023_0074,Welimada,5/30/2023,Tuber_Initiation,6.26,0.155,68.2,266.9,17.4,84.9,43.7,47.4,1,1,1,1,11,0,12.5,0
BD_BR_2024_0061,Boralanda,5/16/2024,Vegetative,5.83,0.168,99.2,188.7,17.5,81,48.1,26.9,1,0,1,1,11,0,0,0
BD_MH_2024_0073,Mirahawatte,10/4/2024,Maturation,6.11,0.042,140.9,297.2,22.5,72.8,49.2,56.8,2,2,2,1,0,0,0,0
BD_HN_2024_0069,Hinnarangolla,3/19/2023,Germination,6.08,0.155,138.7,279.5,20.9,82.9,59.1,40.5,1,1,2,1,5.5,0,8,1000
BD_HN_2024_0070,Hinnarangolla,12/12/2024,Tuber_Initiation,5.81,0.065,83.5,293.6,19.7,79.9,49.8,37.6,2,1,1,1,11,0,12.5,0
BD_UP_2024_0083,Uva_Paranagama,12/2/2023,Germination,4.92,0.357,42.2,186.8,20.6,67.9,32.2,34.9,0,1,0,1,5.5,6.7,8,1500
BD_BW_2024_0077,Bandarawela,10/12/2024,Tuber_Initiation,6.53,0.127,140.4,348.2,25,80.6,55.3,45.2,2,1,2,2,11,0,8,0
BD_BW_2024_0078,Bandarawela,8/12/2023,Maturation,5.3,0.05,120.1,344.5,26.2,76.2,61,45.1,2,1,2,2,0,0,0,0
BD_BR_2024_0062,Boralanda,10/2/2023,Tuber_Initiation,6.04,0.17,110.8,372.1,18.9,79.6,59.9,61.2,2,2,2,2,5.5,0,8,0
BD_OH_2024_0078,Ohiya,7/14/2024,Vegetative,6.46,0.085,104.8,183.7,19.5,90.2,43,43.8,2,1,2,1,11,0,0,0
BD_MH_2024_0074,Mirahawatte,12/18/2023,Germination,6.88,0.063,100.7,258.9,20.8,70.9,63.2,53.9,2,2,2,1,3,0,8,600
BD_HP_2023_0053,Haputhale,10/3/2024,Maturation,6.22,0.137,108.1,319,19.9,78.9,50.2,47.2,2,1,2,2,0,0,0,0
BD_HP_2023_0054,Haputhale,6/11/2023,Maturation,6.31,0.093,119,339.8,19.1,71.9,53.2,51.2,2,2,2,2,0,0,0,0
BD_UP_2023_0084,Uva_Paranagama,3/14/2024,Vegetative,6.06,0.403,51.9,254.1,27.3,69.2,42.5,29.9,1,0,1,1,11,0,0,0
BD_WD_2024_0075,Welimada,6/12/2023,Tuber_Initiation,5.65,0.157,86.9,183.3,20.8,77.9,34.4,34.6,1,1,1,1,11,0,12.5,0
BD_BW_2024_0079,Bandarawela,9/14/2023,Germination,5.85,0.104,146.6,271.8,22,80,43.7,46.3,2,1,2,1,5.5,0,8,600
BD_RK_2023_0081,Rathkarawua,2/23/2023,Maturation,6.42,0.094,111.4,305.4,24.7,81.2,46.8,46.4,2,1,2,2,0,0,0,0
BD_OH_2023_0079,Ohiya,3/15/2024,Germination,5.14,0.127,104.8,198.8,14,84.9,56.3,56.7,2,2,2,1,3,0,8,1000
BD_BW_2023_0080,Bandarawela,8/7/2023,Maturation,6.64,0.119,105.7,311.8,27.4,65.5,46.7,30.9,2,1,2,2,0,0,0,0
BD_BW_2023_0081,Bandarawela,8/30/2024,Vegetative,6.73,0.047,175.2,295.5,20.3,67.5,40.3,41.8,2,1,2,1,11,0,0,0
BD_ME_2024_0073,Makul_Ella,1/10/2023,Germination,6.43,0.094,93.5,232.1,23.5,90.4,59.2,21.2,2,0,1,1,5.5,4.5,8,1500
BD_RK_2023_0082,Rathkarawua,3/8/2024,Vegetative,5.42,0.04,142.3,257.4,26.6,74.7,50.3,57.1,2,2,2,1,7,0,0,0
BD_UP_2023_0085,Uva_Paranagama,8/23/2023,Maturation,4.79,0.094,58.3,162.8,25.5,72.7,41.7,45.9,1,1,1,1,0,0,0,0
BD_BW_2023_0082,Bandarawela,4/16/2023,Tuber_Initiation,6.28,0.087,146.3,280.9,26.7,74.9,63.6,51.3,2,2,2,1,5.5,0,12.5,0
BD_RK_2024_0083,Rathkarawua,5/21/2023,Maturation,6.63,0.119,93.1,283,20.9,70.7,34.5,33.6,1,1,1,1,0,0,0,0
BD_WD_2023_0076,Welimada,3/12/2023,Germination,5.11,0.071,110.7,176.8,21.2,81.6,73.3,60.9,2,2,2,1,3,0,8,1500
BD_MH_2023_0075,Mirahawatte,3/26/2024,Tuber_Initiation,6.04,0.07,123.2,307.5,21.2,75.7,57.9,44,2,1,2,2,11,0,8,0
BD_BR_2023_0063,Boralanda,2/26/2024,Maturation,5.35,0.141,70.7,311.1,20.6,86.3,56.2,50,2,1,1,2,0,0,0,0
BD_BR_2023_0064,Boralanda,4/13/2023,Vegetative,6.31,0.16,70.2,168.7,18.9,93,72,33.4,1,1,1,1,11,0,0,0
BD_BW_2024_0083,Bandarawela,12/26/2023,Maturation,6.61,0.056,60.8,341.7,25.2,79.2,44.3,46.3,2,1,1,2,0,0,0,0
BD_RK_2023_0084,Rathkarawua,9/11/2023,Tuber_Initiation,5.96,0.109,132.4,331.5,20,78.2,44.9,38.2,2,1,2,2,11,0,8,0
BD_BW_2023_0084,Bandarawela,7/20/2024,Tuber_Initiation,5.48,0.078,147.3,220.8,25,79.6,50.5,40,2,1,2,1,11,0,12.5,0
BD_HP_2024_0055,Haputhale,7/30/2023,Vegetative,6.14,0.094,127.7,286,24.7,73,54.8,64.3,2,2,2,1,7,0,0,0
BD_HN_2024_0071,Hinnarangolla,10/23/2024,Germination,5.54,0.102,68.4,359.6,24.9,83.5,53.6,47.1,2,1,1,2,5.5,4.5,5,1500
BD_BR_2024_0065,Boralanda,1/31/2024,Germination,5.27,0.149,81.7,245.7,16.7,89.7,64.3,28.8,1,0,1,1,5.5,4.5,8,1000
BD_BR_2024_0066,Boralanda,10/15/2024,Germination,5.81,0.173,36.3,273.5,20.2,81.9,59.1,43.1,1,1,0,1,5.5,6.7,8,1000
BD_ME_2023_0074,Makul_Ella,1/5/2024,Tuber_Initiation,5.44,0.111,46,222.7,16.8,87.2,55.9,46.8,1,1,0,1,11,0,12.5,0
BD_WD_2024_0077,Welimada,8/5/2024,Maturation,5.63,0.179,88.6,246.3,21.5,75.7,60.8,29.9,1,0,1,1,0,0,0,0
BD_RK_2023_0085,Rathkarawua,4/27/2024,Germination,6.13,0.108,150.3,260.4,23.9,77.1,68.3,46.8,2,1,2,1,5.5,0,8,600
BD_HP_2023_0056,Haputhale,1/15/2023,Tuber_Initiation,6.2,0.104,144.4,326.1,24.6,74.6,37.7,44.1,2,1,2,2,11,0,8,0
BD_BR_2023_0067,Boralanda,3/3/2023,Maturation,6.84,0.072,83.3,305.9,15.8,82.6,52.7,39.8,2,1,1,2,0,0,0,0
BD_ME_2024_0075,Makul_Ella,10/5/2024,Maturation,5.76,0.23,107.9,218.4,23.7,86.8,55.1,36.6,1,1,2,1,0,0,0,0
BD_HN_2024_0072,Hinnarangolla,3/26/2023,Vegetative,5.74,0.104,118.2,181.5,19.1,89.1,65.9,58.9,2,2,2,1,7,0,0,0
BD_OH_2023_0080,Ohiya,11/14/2023,Germination,5.99,0.042,69.7,210,17.9,90.3,43.1,18.2,2,0,1,1,5.5,4.5,8,1000
BD_ME_2023_0076,Makul_Ella,6/9/2023,Tuber_Initiation,5.69,0.229,100.5,309.5,17.1,78.6,52,18.2,2,0,2,2,16.5,0,8,0
BD_HN_2023_0073,Hinnarangolla,11/14/2023,Maturation,6.19,0.147,59.7,259.8,21.7,89.6,68.8,36.3,2,1,1,1,0,0,0,0
BD_BR_2023_0068,Boralanda,9/8/2023,Germination,6.54,0.068,82.2,342.9,19,90.6,62.6,25.3,2,0,1,2,5.5,4.5,5,600
BD_HN_2023_0074,Hinnarangolla,4/9/2024,Germination,6,0.226,127,191.5,18.4,81.5,62.7,29,1,0,2,1,5.5,0,8,1500
BD_OH_2023_0081,Ohiya,5/3/2023,Germination,6.53,0.099,37,256.5,16.9,94.6,52.8,45.4,1,1,0,1,5.5,6.7,8,1500
BD_WD_2023_0078,Welimada,6/17/2023,Maturation,6.89,0.108,49,232.4,17,87,60.1,20,1,0,0,1,0,0,0,0
BD_RK_2024_0086,Rathkarawua,6/20/2023,Tuber_Initiation,5.69,0.083,156.9,329.7,25.6,70.1,33.5,49.8,2,1,2,2,11,0,8,0
BD_WD_2024_0079,Welimada,5/1/2023,Germination,6.34,0.057,54.2,169.2,19,81.2,30,31.7,2,1,1,1,5.5,4.5,8,1000
BD_RK_2024_0087,Rathkarawua,10/6/2023,Germination,6.25,0.082,111.8,256.2,21.4,80.8,68.5,47.5,2,1,2,1,5.5,0,8,600
BD_OH_2023_0082,Ohiya,5/23/2024,Maturation,5.42,0.11,56.5,218,19,85.9,59.7,15.5,1,0,1,1,0,0,0,0
BD_ME_2024_0077,Makul_Ella,2/26/2023,Maturation,5.34,0.09,61.4,164.7,16.5,78.3,36.5,44.2,1,1,1,1,0,0,0,0
BD_MH_2023_0076,Mirahawatte,1/12/2024,Vegetative,6.46,0.056,116.5,370.5,19.4,83.7,50.6,41.2,2,1,2,2,11,0,0,0
BD_OH_2023_0083,Ohiya,8/10/2024,Germination,6.02,0.04,70.6,246.5,17.9,93.1,48.9,26.6,2,0,1,1,5.5,4.5,8,1000
BD_BR_2023_0069,Boralanda,2/15/2023,Germination,5.83,0.178,102.6,136.8,16.6,85.7,81.3,45,1,1,2,0,5.5,0,12.5,1500
BD_BR_2023_0070,Boralanda,4/28/2024,Tuber_Initiation,6.24,0.095,119.6,245.4,16.2,90.1,70.3,43.4,2,1,2,1,11,0,12.5,0
BD_HN_2023_0075,Hinnarangolla,7/3/2023,Germination,4.95,0.173,52.4,184.8,19,89.7,55.3,48.7,1,1,1,1,5.5,4.5,8,1000
BD_ME_2024_0078,Makul_Ella,8/18/2023,Tuber_Initiation,6.76,0.211,94.7,178.8,16.9,76.2,65.4,27.6,1,0,1,1,16.5,0,12.5,0
BD_BR_2024_0071,Boralanda,11/24/2023,Tuber_Initiation,6.35,0.225,156.2,243.4,17.7,94.6,59.1,34.5,1,1,2,1,11,0,12.5,0
BD_BW_2024_0085,Bandarawela,5/3/2023,Germination,6.05,0.098,140.2,354.8,25.5,66.4,48.7,52,2,2,2,2,3,0,5,600
BD_WD_2023_0080,Welimada,6/12/2024,Germination,6.35,0.194,60.2,258.6,21.7,78.7,61.7,31.1,1,1,1,1,5.5,4.5,8,1000
BD_HN_2023_0076,Hinnarangolla,4/21/2024,Tuber_Initiation,5.69,0.04,49.3,254,19.4,87.6,72.7,22.5,1,0,0,1,16.5,0,12.5,0
BD_OH_2024_0084,Ohiya,3/30/2023,Maturation,6.37,0.139,92.8,184.9,12.5,92.4,44.9,35.2,2,1,1,1,0,0,0,0
BD_HP_2024_0057,Haputhale,7/25/2023,Tuber_Initiation,6.16,0.132,147.8,337.4,21.7,88.8,54.1,59.3,2,2,2,2,5.5,0,8,0
BD_MH_2024_0077,Mirahawatte,9/29/2024,Vegetative,5,0.105,92.8,333.3,25.7,83.6,42.2,46.9,2,1,1,2,11,0,0,0
BD_UP_2024_0086,Uva_Paranagama,8/28/2024,Maturation,7.21,0.292,43.3,187.1,24.2,66,38.8,18.8,0,0,0,1,0,0,0,0
BD_BR_2023_0072,Boralanda,6/4/2023,Germination,6.22,0.115,67.7,221.7,18.6,91.4,59.6,53.9,2,2,1,1,3,4.5,8,1000
BD_HN_2023_0077,Hinnarangolla,8/27/2023,Tuber_Initiation,5.47,0.081,88.1,229.2,20.1,75.1,67.5,43.1,1,1,1,1,11,0,12.5,0
BD_HP_2024_0058,Haputhale,1/2/2023,Maturation,6.36,0.04,83.7,330.9,20.1,79.8,58.1,55.3,2,2,1,2,0,0,0,0
BD_OH_2023_0085,Ohiya,7/30/2023,Vegetative,5.51,0.15,85.6,200.6,17.6,88.8,64.4,47.2,1,1,1,1,11,0,0,0
BD_HN_2024_0078,Hinnarangolla,3/3/2023,Vegetative,6.68,0.17,75.3,239.9,20.6,75.8,76,48.9,1,1,1,1,11,0,0,0
BD_OH_2023_0086,Ohiya,2/14/2023,Vegetative,4.57,0.138,85.8,258.3,12.4,91.6,57.2,27.1,1,0,1,1,11,0,0,0
BD_ME_2024_0079,Makul_Ella,12/18/2024,Tuber_Initiation,6.91,0.083,92.3,251.6,16.9,91.8,51.1,34.1,1,1,1,1,11,0,12.5,0
BD_UP_2023_0087,Uva_Paranagama,8/17/2024,Germination,4.89,0.095,45.2,197.2,20.2,77.8,37.2,25.5,1,0,0,1,5.5,6.7,8,1500
BD_ME_2023_0080,Makul_Ella,10/14/2024,Maturation,5.05,0.083,62.3,269.9,20.5,89.6,48.5,43.5,1,1,1,1,0,0,0,0
BD_BW_2023_0086,Bandarawela,3/21/2024,Vegetative,6.3,0.1,111.4,280,21.1,77.9,52.3,53.2,2,2,2,1,7,0,0,0
BD_BR_2024_0073,Boralanda,9/25/2023,Tuber_Initiation,6.28,0.136,76.4,251.6,23,82.3,48.6,46.3,2,1,1,1,11,0,12.5,0
BD_HN_2024_0079,Hinnarangolla,11/22/2023,Maturation,6.52,0.094,20,204,22.6,73.5,50.5,39.1,1,1,0,1,0,0,0,0
BD_OH_2023_0087,Ohiya,3/18/2023,Vegetative,6.79,0.136,118.5,247.2,12.7,87.7,64.9,47.4,2,1,2,1,11,0,0,0
BD_WD_2023_0081,Welimada,6/9/2023,Germination,5.61,0.153,63.5,224.2,18.5,82.2,57,25.5,1,0,1,1,5.5,4.5,8,1000
BD_WD_2024_0082,Welimada,4/22/2024,Tuber_Initiation,5.33,0.149,51,278.7,21.7,86.7,45.9,43.2,1,1,1,1,11,0,12.5,0
BD_HN_2023_0080,Hinnarangolla,7/2/2024,Tuber_Initiation,5.32,0.133,55.3,299.6,20.4,81.7,52.1,26.4,1,0,1,1,16.5,0,12.5,0
BD_BR_2024_0074,Boralanda,11/12/2023,Maturation,5.97,0.193,68.2,274.2,19.3,83.5,58.3,52.3,1,2,1,1,0,0,0,0
BD_OH_2023_0088,Ohiya,4/3/2023,Vegetative,6.63,0.183,77.6,327.2,16.1,92,75.4,27.4,1,0,1,2,11,0,0,0
BD_OH_2023_0089,Ohiya,8/9/2023,Tuber_Initiation,5.17,0.105,33.2,252.7,12.5,88.9,48.7,54.8,1,2,0,1,5.5,0,12.5,0
BD_WD_2023_0083,Welimada,12/29/2024,Vegetative,6.37,0.157,95.3,280.6,23.2,82.6,55.9,46.2,1,1,1,1,11,0,0,0
BD_RK_2024_0088,Rathkarawua,6/9/2024,Germination,5.91,0.066,82.3,249.5,21.8,69.2,54.9,40.4,2,1,1,1,5.5,4.5,8,1000
BD_OH_2024_0090,Ohiya,6/28/2023,Germination,6.54,0.158,57,226.8,18.1,87.7,56.2,48.7,1,1,1,1,5.5,4.5,8,1000
BD_HN_2024_0081,Hinnarangolla,7/23/2024,Vegetative,6.54,0.139,93.4,239.9,21.2,78.3,70,41,1,1,1,1,11,0,0,0
BD_BW_2024_0087,Bandarawela,4/15/2023,Vegetative,7.05,0.071,127.1,376,23.3,78.7,41.6,46.7,2,1,2,2,11,0,0,0
BD_BW_2023_0088,Bandarawela,3/5/2023,Vegetative,6.49,0.12,87.5,301.4,20.2,77.1,52.9,57.6,2,2,1,2,7,0,0,0
BD_WD_2023_0084,Welimada,2/15/2024,Tuber_Initiation,6.41,0.083,67.4,288.8,22.5,88.6,50.5,21.8,2,0,1,1,16.5,0,12.5,0
BD_BW_2024_0089,Bandarawela,3/18/2023,Germination,7.1,0.101,97.3,356.7,24.3,74,42.5,40.4,1,1,1,2,5.5,4.5,5,600
BD_BW_2023_0090,Bandarawela,10/23/2024,Maturation,5.85,0.111,116.8,273.6,24.7,72.4,46.4,36.6,2,1,2,1,0,0,0,0
BD_WD_2023_0085,Welimada,12/6/2023,Germination,7.02,0.12,20,216.5,16.3,83.5,40.6,18.4,1,0,0,1,5.5,6.7,8,600
BD_HP_2024_0059,Haputhale,2/21/2023,Vegetative,7,0.107,165.8,275.3,19.7,71.2,39.2,47.9,2,1,2,1,11,0,0,0
BD_MH_2024_0078,Mirahawatte,2/9/2024,Maturation,5.85,0.145,109.4,321.7,20.7,80.5,42.4,51.1,2,2,2,2,0,0,0,0
BD_HP_2024_0060,Haputhale,11/30/2024,Maturation,5.97,0.073,113.5,284.6,18.1,80.4,62.5,38,2,1,2,1,0,0,0,0
BD_WD_2024_0086,Welimada,8/8/2023,Vegetative,6.27,0.263,83,200.4,18.1,83.6,47.9,26.8,1,0,1,1,11,0,0,0
BD_OH_2024_0091,Ohiya,4/1/2024,Vegetative,6.01,0.125,130.8,247.6,15.4,93.3,46.8,47.7,2,1,2,1,11,0,0,0
BD_HP_2023_0061,Haputhale,10/24/2024,Tuber_Initiation,6.24,0.101,150.2,338.1,19.8,77.8,45,56.8,2,2,2,2,5.5,0,8,0
BD_UP_2024_0088,Uva_Paranagama,7/17/2024,Maturation,5.83,0.164,71.7,119.3,25.9,70,44.5,21.3,1,0,1,0,0,0,0,0
BD_HP_2023_0062,Haputhale,10/14/2023,Maturation,5.32,0.096,97.9,308.1,22.8,78.4,45.2,49.4,2,1,1,2,0,0,0,0
BD_WD_2024_0087,Welimada,7/24/2023,Vegetative,5.62,0.316,77.1,290.5,17.6,79.3,45.3,40.3,1,1,1,1,11,0,0,0
BD_ME_2023_0081,Makul_Ella,1/27/2024,Tuber_Initiation,5.75,0.108,96.2,186.1,17.3,88.7,58,47.5,2,1,1,1,11,0,12.5,0
BD_UP_2024_0089,Uva_Paranagama,12/19/2023,Tuber_Initiation,5.21,0.171,62.2,127.6,23.3,84,39.1,31.1,0,1,1,0,11,0,12.5,0
BD_HN_2024_0082,Hinnarangolla,7/4/2023,Germination,6.44,0.12,58.3,194.9,21.5,80.5,41.3,48.7,2,1,1,1,5.5,4.5,8,600
BD_RK_2023_0089,Rathkarawua,1/31/2023,Tuber_Initiation,6.9,0.071,119.2,320.3,22.2,70.7,67.4,44,2,1,2,2,11,0,8,0
BD_HP_2024_0063,Haputhale,6/26/2024,Tuber_Initiation,5.77,0.086,120.5,373.6,23.5,86.8,56.6,50,2,1,2,2,11,0,8,0
BD_MH_2023_0079,Mirahawatte,6/13/2023,Germination,6.78,0.051,108.5,292.8,23.7,80.6,41.4,58.3,2,2,2,1,3,0,8,600
BD_BR_2023_0075,Boralanda,9/30/2023,Germination,6.6,0.128,24,208.1,20.2,83.6,62.5,34.3,1,1,0,1,5.5,6.7,8,600
BD_BR_2024_0076,Boralanda,12/30/2023,Vegetative,5.12,0.052,59.9,190.1,15.3,86.6,56.8,44.9,1,1,1,1,11,0,0,0
BD_WD_2023_0088,Welimada,8/29/2024,Tuber_Initiation,6.46,0.11,84.6,244.8,16.2,87.5,53.6,43,2,1,1,1,11,0,12.5,0
BD_RK_2023_0090,Rathkarawua,12/21/2024,Tuber_Initiation,6.28,0.088,133.4,286.9,24.5,77.6,52.8,44.2,2,1,2,1,11,0,12.5,0
BD_MH_2023_0080,Mirahawatte,7/30/2024,Vegetative,6.08,0.069,110.4,314.7,24.9,81.1,54.7,58.8,2,2,2,2,7,0,0,0
BD_UP_2024_0090,Uva_Paranagama,6/29/2023,Maturation,6.75,0.305,20,120.8,20,83.5,47,31.1,0,1,0,0,0,0,0,0
BD_HP_2023_0064,Haputhale,2/27/2023,Vegetative,5.75,0.049,82.8,326.4,24.5,83.8,54.9,47.8,2,1,1,2,11,0,0,0
BD_MH_2023_0081,Mirahawatte,1/21/2023,Maturation,6.58,0.081,146.8,284.8,19.1,75.8,52.3,45.8,2,1,2,1,0,0,0,0
BD_HP_2024_0065,Haputhale,9/20/2024,Vegetative,5.9,0.106,123.5,303.6,22.9,82.5,62.8,53.7,2,2,2,2,7,0,0,0
BD_WD_2024_0089,Welimada,7/1/2023,Tuber_Initiation,6.81,0.142,123.3,254.6,17.7,76.4,55.8,42.4,2,1,2,1,11,0,12.5,0
BD_HP_2023_0066,Haputhale,6/1/2023,Vegetative,7.1,0.128,51.9,301.4,22.9,86.6,57,43.5,1,1,1,2,11,0,0,0
BD_BW_2024_0091,Bandarawela,3/16/2023,Tuber_Initiation,6.32,0.1,91.8,263.7,21.8,68.4,51.9,47.6,2,1,1,1,11,0,12.5,0
BD_HN_2023_0083,Hinnarangolla,12/11/2023,Tuber_Initiation,6.63,0.152,128.1,205.1,20.7,79,44.3,22.3,1,0,2,1,16.5,0,12.5,0
BD_RK_2023_0091,Rathkarawua,6/11/2023,Maturation,6.51,0.044,109.7,328.4,21.6,80.9,62.1,32.7,2,1,2,2,0,0,0,0
BD_UP_2024_0091,Uva_Paranagama,6/28/2023,Tuber_Initiation,5.76,0.254,81.4,159.8,24.5,78.2,53,25.8,1,0,1,1,16.5,0,12.5,0
BD_BR_2023_0077,Boralanda,1/23/2024,Tuber_Initiation,6.92,0.146,97.9,204.4,15.6,85.3,62.8,22.5,1,0,1,1,16.5,0,12.5,0
BD_OH_2023_0092,Ohiya,7/1/2023,Germination,4.84,0.207,98.4,283.8,17.1,88.3,69.9,45.3,1,1,1,1,5.5,4.5,8,1000
BD_MH_2024_0082,Mirahawatte,8/4/2024,Germination,6.42,0.127,116.1,323.7,21.8,75.3,41.1,43.2,2,1,2,2,5.5,0,5,1000
BD_WD_2024_0090,Welimada,9/18/2024,Vegetative,5.24,0.15,81.7,328.5,18.4,84.8,67.8,23.4,2,0,1,2,11,0,0,0
BD_MH_2023_0083,Mirahawatte,5/23/2024,Vegetative,7.28,0.048,118.4,274.9,25,78.7,62.3,37.9,1,1,2,1,11,0,0,0
BD_RK_2023_0092,Rathkarawua,9/1/2023,Tuber_Initiation,6.27,0.04,71.7,353.9,21.9,84.7,46.4,58.5,2,2,1,2,5.5,0,8,0
BD_RK_2023_0093,Rathkarawua,10/13/2024,Germination,6.9,0.111,110.9,276.4,19.2,75.9,35.9,45.6,2,1,2,1,5.5,0,8,1000
BD_RK_2024_0094,Rathkarawua,1/12/2023,Tuber_Initiation,6.43,0.092,122.3,363.5,23.6,87,55,47.4,2,1,2,2,11,0,8,0
BD_BR_2023_0078,Boralanda,12/10/2024,Germination,5.77,0.109,95.5,207.4,18.1,86.6,61.9,42.1,2,1,1,1,5.5,4.5,8,600
BD_RK_2024_0095,Rathkarawua,4/21/2023,Germination,5.54,0.09,114,289.9,22.4,78.3,58.1,50.5,2,2,2,1,3,0,8,1000
BD_HP_2024_0067,Haputhale,3/24/2024,Maturation,6.75,0.112,101.6,337.5,21.8,76.6,41.6,43.2,2,1,2,2,0,0,0,0
BD_WD_2024_0091,Welimada,5/19/2024,Maturation,5.53,0.088,114.8,225.6,19.5,76.2,39.1,43.5,2,1,2,1,0,0,0,0
BD_RK_2024_0096,Rathkarawua,4/14/2023,Maturation,6.96,0.091,117.2,353.4,25.3,74.5,32.9,57.5,2,2,2,2,0,0,0,0
BD_MH_2023_0084,Mirahawatte,6/16/2023,Maturation,5.92,0.077,130.4,279.7,25.5,79.5,44.5,53.8,2,2,2,1,0,0,0,0
BD_BW_2023_0092,Bandarawela,10/29/2023,Germination,5.37,0.04,173,298.7,27.2,72.9,46.9,64.7,2,2,2,1,3,0,8,600
BD_RK_2024_0097,Rathkarawua,4/18/2023,Germination,6.16,0.113,132.4,373,23.2,73.4,42.9,54.5,2,2,2,2,3,0,5,600
BD_RK_2023_0098,Rathkarawua,1/20/2024,Vegetative,6.31,0.125,157.2,259.2,20.6,87.2,73.9,37,2,1,2,1,11,0,0,0
BD_BW_2023_0093,Bandarawela,12/13/2023,Maturation,6.9,0.057,122.1,239.2,24.3,74.9,30,56.9,2,2,2,1,0,0,0,0
BD_HP_2024_0068,Haputhale,10/31/2024,Vegetative,6.2,0.088,92,307.7,21.2,88.2,68.1,61.1,2,2,1,2,7,0,0,0
BD_MH_2024_0085,Mirahawatte,6/10/2023,Germination,6.7,0.087,136.2,326.2,20.2,75.1,54.8,45.9,2,1,2,2,5.5,0,5,600
BD_BW_2024_0094,Bandarawela,7/30/2023,Vegetative,6.48,0.071,108.9,275.8,20,73.6,65.2,50.3,2,2,2,1,7,0,0,0
BD_HN_2024_0084,Hinnarangolla,11/7/2024,Tuber_Initiation,5.44,0.192,73.3,299.5,24.6,80,72.2,45.2,1,1,1,1,11,0,12.5,0
BD_OH_2023_0093,Ohiya,4/9/2023,Germination,5.65,0.141,153.6,339.2,19.5,81,56.1,46.3,2,1,2,2,5.5,0,5,1000
BD_HN_2024_0085,Hinnarangolla,6/7/2023,Germination,5.81,0.04,78,261.7,21.3,76.8,44.4,39.8,2,1,1,1,5.5,4.5,8,600
BD_RK_2023_0099,Rathkarawua,3/13/2024,Germination,6.56,0.069,114.4,367.5,21.9,68.4,46,61.5,2,2,2,2,3,0,5,600
BD_OH_2024_0094,Ohiya,7/24/2023,Germination,5.99,0.202,51.6,185.6,15.9,93.7,70,48.8,1,1,1,1,5.5,4.5,8,1000
BD_HP_2023_0069,Haputhale,6/24/2023,Tuber_Initiation,5.02,0.061,104,285,20.4,85.4,63.2,37.4,2,1,2,1,11,0,12.5,0
BD_BW_2024_0095,Bandarawela,4/29/2023,Tuber_Initiation,5.74,0.072,100.8,329.8,25.5,77.7,30,51.6,2,2,2,2,5.5,0,8,0
BD_HN_2024_0086,Hinnarangolla,5/15/2024,Tuber_Initiation,5.37,0.102,50.8,217.5,20,85,58.8,58.9,1,2,1,1,5.5,0,12.5,0
BD_BW_2024_0096,Bandarawela,7/9/2023,Tuber_Initiation,5.7,0.091,95.6,293.1,25.8,66.8,47.5,53.1,2,2,1,1,5.5,0,12.5,0
BD_HN_2024_0087,Hinnarangolla,7/11/2023,Maturation,6.28,0.16,101.2,298.9,21.4,81.7,39.4,38.7,1,1,2,1,0,0,0,0
BD_HP_2024_0070,Haputhale,3/26/2024,Maturation,6.45,0.076,122.2,299.1,24,72.8,63.2,48.1,2,1,2,1,0,0,0,0
BD_OH_2023_0095,Ohiya,10/3/2023,Germination,6.51,0.089,52.7,217.4,14.9,88.3,47.8,51.2,1,2,1,1,3,4.5,8,1500
BD_WD_2023_0092,Welimada,3/29/2023,Tuber_Initiation,6.87,0.174,41.9,196.2,17.5,91,77.8,26.1,0,0,0,1,16.5,0,12.5,0
BD_ME_2024_0082,Makul_Ella,8/26/2024,Vegetative,5.54,0.112,99.9,293,21.7,81.6,69.9,34.6,2,1,1,1,11,0,0,0
BD_ME_2023_0083,Makul_Ella,2/1/2024,Maturation,6.34,0.118,43.3,339.1,16.5,92,64.9,42.6,2,1,0,2,0,0,0,0
BD_ME_2024_0084,Makul_Ella,8/9/2024,Vegetative,6.34,0.16,91.9,286.6,17.6,76.3,49.1,46.5,1,1,1,1,11,0,0,0
BD_UP_2024_0092,Uva_Paranagama,3/22/2023,Maturation,5.93,0.184,66.4,189.6,23.4,68.9,50.3,38.3,1,1,1,1,0,0,0,0
BD_HP_2023_0071,Haputhale,5/4/2023,Maturation,6.22,0.094,74.1,365.5,19.5,71,54.5,59.3,2,2,1,2,0,0,0,0
BD_WD_2023_0093,Welimada,8/5/2023,Vegetative,6.49,0.128,48.2,289.2,20.3,89.9,69.8,19.2,1,0,0,1,11,0,0,0
BD_WD_2023_0094,Welimada,3/9/2024,Germination,5.86,0.052,92,354.4,16.1,75.2,66.4,30.3,2,1,1,2,5.5,4.5,5,600
BD_HN_2023_0088,Hinnarangolla,10/4/2024,Vegetative,5.46,0.052,20,265.7,18.9,81.6,42.9,34.7,1,1,0,1,11,0,0,0
BD_MH_2024_0086,Mirahawatte,11/24/2023,Germination,6.22,0.062,84.4,328.5,18.6,80.8,44.4,47.3,2,1,1,2,5.5,4.5,5,600
BD_BW_2024_0097,Bandarawela,7/23/2024,Maturation,6.28,0.091,77.1,342.3,27.6,80.5,69.2,33.8,2,1,1,2,0,0,0,0
BD_ME_2024_0085,Makul_Ella,10/10/2023,Maturation,6.47,0.127,65.5,301.9,18.3,80.1,44.8,43.9,2,1,1,2,0,0,0,0
BD_HP_2024_0072,Haputhale,4/26/2023,Maturation,6.62,0.106,96.4,277.2,21.8,70.9,36.9,43.1,1,1,1,1,0,0,0,0
BD_WD_2023_0095,Welimada,8/3/2024,Germination,5.29,0.097,45.4,345.6,18.1,81.5,51.6,41.4,1,1,0,2,5.5,6.7,5,1500
BD_BW_2023_0098,Bandarawela,10/20/2023,Tuber_Initiation,6.35,0.057,140.9,361.6,26.5,84.1,72.9,47.2,2,1,2,2,11,0,8,0
BD_HN_2024_0089,Hinnarangolla,1/28/2024,Maturation,4.65,0.122,85.9,335.9,17.8,74,57.8,34.4,1,1,1,2,0,0,0,0
BD_MH_2024_0087,Mirahawatte,2/8/2023,Vegetative,6.53,0.04,82.2,310.9,23.2,78.4,48.3,39.5,2,1,1,2,11,0,0,0
BD_OH_2024_0096,Ohiya,5/28/2023,Maturation,4.5,0.146,74.6,326.3,15.7,81.3,61,36.2,1,1,1,2,0,0,0,0
BD_HP_2024_0073,Haputhale,12/6/2023,Vegetative,5.59,0.053,139.7,316.4,23,73.8,46.9,49.7,2,1,2,2,11,0,0,0
BD_HP_2024_0074,Haputhale,10/3/2023,Tuber_Initiation,6.91,0.11,113.8,214.8,23.4,71.5,52.1,52.9,2,2,2,1,5.5,0,12.5,0
BD_HP_2024_0075,Haputhale,11/7/2023,Tuber_Initiation,6.59,0.108,117.5,302.6,23.1,85.5,35.7,36.1,2,1,2,2,11,0,8,0
BD_OH_2024_0097,Ohiya,12/13/2024,Germination,6.05,0.086,66.8,213.6,12.9,82.2,51.1,17.5,2,0,1,1,5.5,4.5,8,1000
BD_BR_2023_0079,Boralanda,11/4/2023,Maturation,5.98,0.206,64.5,309.5,20.6,88,47.4,38.1,1,1,1,2,0,0,0,0
BD_RK_2024_0100,Rathkarawua,3/2/2024,Germination,6.34,0.055,167.9,249,25.6,76,62.3,47.9,2,1,2,1,5.5,0,8,600
BD_BR_2024_0080,Boralanda,8/5/2023,Maturation,5.92,0.093,64.2,302.5,16.2,80.3,36.9,41.6,2,1,1,2,0,0,0,0
BD_UP_2024_0093,Uva_Paranagama,2/27/2023,Vegetative,5.21,0.153,24.4,232.9,23.2,70.3,44.2,31,0,1,0,1,11,0,0,0
BD_BW_2024_0099,Bandarawela,12/27/2024,Maturation,6.18,0.068,61.1,261.5,26.5,74.9,58.6,57.5,2,2,1,1,0,0,0,0
BD_WD_2023_0096,Welimada,6/27/2023,Vegetative,6.4,0.181,55.3,188,23.5,87.3,65,42.2,1,1,1,1,11,0,0,0
BD_BR_2023_0081,Boralanda,9/13/2023,Germination,5.85,0.106,39.9,231.3,19.8,92.8,48.6,22.3,1,0,0,1,5.5,6.7,8,1000
BD_UP_2023_0094,Uva_Paranagama,1/5/2024,Vegetative,5.4,0.132,42.3,201.8,21.6,83.7,65.1,18.1,1,0,0,1,11,0,0,0
BD_OH_2024_0098,Ohiya,4/20/2024,Maturation,5.97,0.119,69.8,239.3,15,90.1,54.1,29.9,2,0,1,1,0,0,0,0
BD_BW_2023_0100,Bandarawela,9/5/2023,Tuber_Initiation,6.27,0.102,157.4,257.5,21.8,75.4,45.5,44,2,1,2,1,11,0,12.5,0
BD_UP_2024_0095,Uva_Paranagama,7/1/2023,Maturation,6.02,0.108,57.3,204,22.1,65.8,52.3,15.1,2,0,1,1,0,0,0,0
BD_MH_2024_0088,Mirahawatte,12/19/2023,Vegetative,6.63,0.111,98.7,348.6,19.3,77.2,68.3,41,2,1,1,2,11,0,0,0
BD_OH_2023_0099,Ohiya,10/19/2023,Germination,6.36,0.102,83.2,240.7,14.5,92.3,59,33.6,2,1,1,1,5.5,4.5,8,1000
BD_HN_2023_0090,Hinnarangolla,6/16/2023,Vegetative,4.88,0.087,141.3,190.1,23.8,79.7,42.1,17.5,1,0,2,1,11,0,0,0
BD_BR_2023_0082,Boralanda,11/24/2024,Vegetative,5.09,0.224,88.8,251,20.7,91.6,65.3,31.3,1,1,1,1,11,0,0,0
BD_OH_2024_0100,Ohiya,6/9/2024,Germination,5.38,0.138,65.5,239.8,18.9,83.9,57.9,24.7,1,0,1,1,5.5,4.5,8,1000
BD_HP_2024_0076,Haputhale,5/16/2023,Vegetative,6.16,0.09,81.3,250,24.2,79.2,45.6,52.3,2,2,1,1,7,0,0,0
BD_MH_2023_0089,Mirahawatte,8/18/2023,Tuber_Initiation,6.6,0.106,142.6,290,24.3,83.4,71.9,46.4,2,1,2,1,11,0,12.5,0
BD_MH_2024_0090,Mirahawatte,12/30/2024,Tuber_Initiation,6.84,0.117,142.6,264.7,18.3,86.8,66.7,42.7,2,1,2,1,11,0,12.5,0
BD_HN_2024_0091,Hinnarangolla,12/24/2023,Maturation,5.54,0.138,71,318.8,24.9,75.6,44.1,28.9,2,0,1,2,0,0,0,0
BD_OH_2023_0101,Ohiya,4/22/2024,Tuber_Initiation,6.45,0.079,84,268.9,13.4,86.3,68.3,30.9,2,1,1,1,11,0,12.5,0
BD_ME_2024_0086,Makul_Ella,8/21/2024,Germination,5.9,0.141,123.1,248.3,19.1,86.8,70,22.5,2,0,2,1,5.5,0,8,1000
BD_HP_2024_0077,Haputhale,7/28/2024,Tuber_Initiation,6.23,0.094,137.8,300.8,20,80.3,54.2,44.8,2,1,2,2,11,0,8,0
BD_OH_2023_0102,Ohiya,5/8/2024,Germination,7.63,0.171,95.6,250.5,17.4,88.4,54.5,34.5,0,1,1,1,5.5,4.5,8,1000
BD_RK_2024_0101,Rathkarawua,10/17/2024,Tuber_Initiation,6.47,0.093,140.7,269.9,26.7,81.9,47.5,54.5,2,2,2,1,5.5,0,12.5,0
BD_OH_2024_0103,Ohiya,11/2/2024,Tuber_Initiation,5.43,0.075,149.5,169.6,13.6,87.4,68.3,46.1,2,1,2,1,11,0,12.5,0
BD_BR_2023_0083,Boralanda,6/13/2024,Vegetative,5.93,0.15,123.8,317,16.3,94.9,57.9,46.9,2,1,2,2,11,0,0,0
BD_HP_2024_0078,Haputhale,11/7/2024,Tuber_Initiation,6.08,0.108,131.1,342.6,21.3,87,60.3,42.9,2,1,2,2,11,0,8,0
BD_WD_2023_0097,Welimada,11/2/2024,Maturation,6.72,0.143,27.3,350.9,22.9,83.2,48.9,39.1,1,1,0,2,0,0,0,0
BD_OH_2024_0104,Ohiya,3/4/2024,Maturation,6.07,0.117,56.2,193.7,18.4,90.4,58.5,45.5,2,1,1,1,0,0,0,0
BD_HN_2023_0092,Hinnarangolla,8/20/2024,Vegetative,5.67,0.146,54.9,153.9,17.5,78.7,55.4,30,2,1,1,1,11,0,0,0
BD_RK_2023_0102,Rathkarawua,12/3/2024,Maturation,6.37,0.04,163.1,375.6,25.4,71.7,53.9,53.8,2,2,2,2,0,0,0,0
BD_RK_2024_0103,Rathkarawua,6/24/2023,Vegetative,6.62,0.118,95.4,349.1,25.6,68.8,61.2,55.7,2,2,1,2,7,0,0,0
BD_OH_2023_0105,Ohiya,4/27/2024,Vegetative,5.96,0.083,73.4,249.6,12,82.5,51.6,48.9,2,1,1,1,11,0,0,0
BD_OH_2023_0106,Ohiya,11/27/2024,Tuber_Initiation,5.4,0.115,145.8,156,16.3,81.4,69.2,53.9,2,2,2,1,5.5,0,12.5,0
BD_BW_2023_0101,Bandarawela,12/30/2023,Vegetative,5.94,0.081,111.8,390.1,22,71.6,60.3,37.9,2,1,2,2,11,0,0,0
BD_OH_2024_0107,Ohiya,12/6/2023,Tuber_Initiation,6.05,0.04,27.3,269.5,13.3,85.2,49.7,23.8,1,0,0,1,16.5,0,12.5,0
BD_OH_2024_0108,Ohiya,4/19/2024,Germination,6.52,0.176,104.3,182.2,16.4,87.4,84.1,32,1,1,2,1,5.5,0,8,1000
BD_UP_2023_0096,Uva_Paranagama,10/11/2024,Germination,6.87,0.163,68,193.4,23.9,81.6,52.3,17.4,1,0,1,1,5.5,4.5,8,1500
BD_UP_2023_0097,Uva_Paranagama,5/27/2024,Germination,5.61,0.068,66.9,232.7,22.3,65.7,54.6,15,2,0,1,1,5.5,4.5,8,1500
BD_HN_2024_0093,Hinnarangolla,2/28/2024,Germination,5.88,0.04,119.6,223.4,20,78,48.3,24.6,2,0,2,1,5.5,0,8,600
BD_WD_2023_0098,Welimada,7/25/2023,Tuber_Initiation,6.23,0.136,44.8,295.6,22.1,90.1,64.9,50.6,1,2,0,1,5.5,0,12.5,0
BD_HN_2024_0094,Hinnarangolla,5/27/2023,Tuber_Initiation,6.18,0.04,84.9,242,18.4,72.5,46.4,35.3,2,1,1,1,11,0,12.5,0
BD_WD_2023_0099,Welimada,5/14/2024,Tuber_Initiation,5.59,0.199,94,305.5,18.8,90.2,65.5,41,1,1,1,2,11,0,8,0
BD_WD_2024_0100,Welimada,10/11/2024,Germination,6.32,0.115,27.6,220.8,17.9,75,65.5,44.1,1,1,0,1,5.5,6.7,8,1000
BD_HP_2024_0079,Haputhale,10/8/2023,Vegetative,6.13,0.115,154,302.4,24.2,80.5,42.4,26.4,2,0,2,2,11,0,0,0
BD_WD_2023_0101,Welimada,5/16/2024,Germination,5.32,0.115,54.4,244.4,21.4,87.8,47.7,42.1,1,1,1,1,5.5,4.5,8,1500
BD_WD_2024_0102,Welimada,10/10/2024,Maturation,6.59,0.189,80.3,169.2,19.5,76,45.8,29.4,1,0,1,1,0,0,0,0
BD_HN_2024_0095,Hinnarangolla,5/3/2024,Maturation,6.04,0.176,89.7,338.7,22.7,79.5,50,38.9,1,1,1,2,0,0,0,0
BD_HP_2023_0080,Haputhale,6/30/2024,Vegetative,5.89,0.076,138.4,287.6,21.1,81.8,57.8,50.4,2,2,2,1,7,0,0,0
BD_RK_2023_0104,Rathkarawua,11/26/2023,Vegetative,5.82,0.091,140.1,317.3,21.1,78.2,60.5,40.1,2,1,2,2,11,0,0,0
BD_HP_2023_0081,Haputhale,10/3/2024,Vegetative,5.83,0.147,107.4,307.1,24,70.4,52.4,41.6,2,1,2,2,11,0,0,0
BD_BR_2024_0084,Boralanda,11/16/2023,Vegetative,6.28,0.149,71.2,221.9,19.8,89.6,57.6,50.1,2,2,1,1,7,0,0,0
BD_BW_2024_0102,Bandarawela,5/30/2024,Tuber_Initiation,5.92,0.065,175.2,323.1,23.8,83.5,55.9,44.1,2,1,2,2,11,0,8,0
BD_WD_2023_0103,Welimada,2/16/2023,Tuber_Initiation,6.99,0.173,39.6,273.9,23.1,79.1,63.9,34.9,0,1,0,1,11,0,12.5,0
BD_OH_2024_0109,Ohiya,6/16/2024,Tuber_Initiation,5.93,0.207,78.3,221.1,18.7,88.3,55.2,41.1,1,1,1,1,11,0,12.5,0
BD_HN_2023_0096,Hinnarangolla,12/17/2023,Maturation,5.69,0.13,150.2,277.8,21,80.2,44.6,19.9,2,0,2,1,0,0,0,0
BD_RK_2023_0105,Rathkarawua,6/18/2023,Maturation,5.74,0.092,121.5,245,24.8,81.6,43.6,63.4,2,2,2,1,0,0,0,0
BD_HP_2023_0082,Haputhale,8/18/2023,Vegetative,5.26,0.051,104.6,369.4,23,76,50.6,46.4,2,1,2,2,11,0,0,0
BD_BR_2023_0085,Boralanda,8/26/2024,Vegetative,6.57,0.105,103.7,208.5,17.6,80.7,45.3,32.7,2,1,2,1,11,0,0,0
BD_BW_2024_0103,Bandarawela,12/29/2024,Germination,6.45,0.092,104.3,319,27.3,80.7,44.4,49.5,2,1,2,2,5.5,0,5,600
BD_HN_2024_0097,Hinnarangolla,7/1/2024,Germination,5.1,0.145,109.9,195.9,23.3,75.5,56.2,56.1,2,2,2,1,3,0,8,1000
BD_MH_2023_0091,Mirahawatte,11/8/2024,Germination,6.24,0.078,77.1,344.5,24.2,76,65.7,50.9,2,2,1,2,3,4.5,5,600
BD_HP_2023_0083,Haputhale,12/7/2024,Germination,5.99,0.097,139.4,251.6,25.7,73.2,42.4,38.9,2,1,2,1,5.5,0,8,600
BD_HN_2024_0098,Hinnarangolla,1/25/2024,Germination,6.4,0.131,75.6,241.6,22.4,89,69.2,49.5,2,1,1,1,5.5,4.5,8,1000
BD_ME_2024_0087,Makul_Ella,4/30/2024,Vegetative,4.56,0.046,59.6,216,16.7,90.7,57.8,41.6,1,1,1,1,11,0,0,0
BD_BR_2023_0086,Boralanda,11/5/2023,Maturation,7.39,0.193,68.9,217.5,22.4,92.1,46.1,20.4,1,0,1,1,0,0,0,0
BD_BW_2024_0104,Bandarawela,9/29/2024,Vegetative,5.84,0.1,116,269.4,27.8,82.5,75.2,46.5,2,1,2,1,11,0,0,0
BD_HN_2023_0099,Hinnarangolla,6/7/2024,Germination,5.75,0.149,76,229.9,24.3,76.2,43,46.8,2,1,1,1,5.5,4.5,8,600
BD_OH_2023_0110,Ohiya,4/19/2023,Maturation,5.84,0.232,97.6,254.1,13.5,88.3,47.5,45.3,1,1,1,1,0,0,0,0
BD_BR_2023_0087,Boralanda,9/27/2023,Vegetative,5.7,0.061,35.5,237.4,15.7,89.8,74.6,44.3,1,1,0,1,11,0,0,0
BD_RK_2024_0106,Rathkarawua,10/30/2023,Vegetative,6.39,0.044,106.4,289.8,24.6,86.1,58.5,39.1,2,1,2,1,11,0,0,0
BD_HP_2024_0084,Haputhale,8/1/2023,Maturation,6,0.114,50.1,311.5,18.9,86.4,63.8,62,2,2,1,2,0,0,0,0
BD_RK_2023_0107,Rathkarawua,1/3/2023,Germination,5.9,0.128,117.2,288.3,26.1,87.2,59.9,55,2,2,2,1,3,0,8,1000
BD_BW_2023_0105,Bandarawela,8/10/2024,Maturation,6.66,0.04,109.1,360.5,24,74.3,49.2,54.1,2,2,2,2,0,0,0,0
BD_WD_2023_0104,Welimada,6/7/2024,Germination,6,0.074,84.2,242.7,21.7,79.3,60.3,44.8,2,1,1,1,5.5,4.5,8,600
BD_BW_2024_0106,Bandarawela,10/21/2024,Vegetative,6.07,0.108,113.5,393.9,24,74.8,52.7,65.7,2,2,2,2,7,0,0,0
BD_UP_2024_0098,Uva_Paranagama,9/28/2023,Maturation,5.07,0.164,35,162.1,24.7,77.2,45.8,24.2,0,0,0,1,0,0,0,0
BD_HP_2023_0085,Haputhale,6/28/2023,Germination,6.36,0.112,108.1,282.7,21.3,81.2,56.9,43.9,2,1,2,1,5.5,0,8,1000
BD_OH_2024_0111,Ohiya,11/24/2024,Tuber_Initiation,5.87,0.188,40,157.4,18.7,81.6,63.8,33.3,1,1,0,1,11,0,12.5,0
BD_HN_2023_0100,Hinnarangolla,4/8/2023,Germination,5.85,0.106,87.4,251.5,19.3,81,61.8,35.5,2,1,1,1,5.5,4.5,8,1000
BD_HP_2023_0086,Haputhale,11/10/2024,Vegetative,5.38,0.114,105.5,352.2,23.4,79.5,69.2,42,2,1,2,2,11,0,0,0
BD_RK_2024_0108,Rathkarawua,3/24/2024,Tuber_Initiation,5.55,0.089,113.3,304,26.8,86.2,63.3,75,2,2,2,2,5.5,0,8,0
BD_BW_2024_0107,Bandarawela,12/17/2023,Vegetative,6.04,0.059,93.6,234.8,26.8,81.1,63.1,68.8,2,2,1,1,7,0,0,0
BD_BW_2024_0108,Bandarawela,2/14/2024,Maturation,6.36,0.073,102.6,239.9,22,78.9,51.6,30.3,2,1,2,1,0,0,0,0
BD_OH_2024_0112,Ohiya,12/7/2024,Maturation,5.55,0.193,103.8,166.2,13.3,87.9,47.1,41.1,1,1,2,1,0,0,0,0
BD_HN_2023_0101,Hinnarangolla,4/26/2023,Vegetative,5.01,0.108,102.1,291.4,22.7,76.9,30,46.1,2,1,2,1,11,0,0,0
BD_HP_2023_0087,Haputhale,4/17/2023,Maturation,6.26,0.04,94.4,284.7,22.4,84.8,54.8,67.1,2,2,1,1,0,0,0,0
BD_MH_2024_0092,Mirahawatte,8/5/2024,Maturation,6.32,0.101,166.1,341.3,22.7,71.3,45.7,59.6,2,2,2,2,0,0,0,0
BD_WD_2024_0105,Welimada,1/3/2024,Germination,6.5,0.236,103.9,168.8,19.8,76.8,44.1,39.3,1,1,2,1,5.5,0,8,1000
BD_WD_2024_0106,Welimada,5/14/2024,Germination,6.87,0.149,100.5,254.3,19.5,81.8,49.8,29.7,2,0,2,1,5.5,0,8,1000
BD_HN_2024_0102,Hinnarangolla,2/17/2023,Germination,7.08,0.223,129.2,243.3,24.8,74.1,59.7,33.7,1,1,2,1,5.5,0,8,1500
BD_OH_2024_0113,Ohiya,1/13/2023,Vegetative,6.47,0.134,93.8,277.3,14.4,85.3,60,48.3,2,1,1,1,11,0,0,0
BD_RK_2023_0109,Rathkarawua,3/19/2024,Vegetative,6.26,0.09,115.7,313.5,21.6,69.5,75.1,59.2,2,2,2,2,7,0,0,0
BD_UP_2024_0099,Uva_Paranagama,11/10/2024,Maturation,5.56,0.161,57.4,196.9,26.9,79,48,15.9,1,0,1,1,0,0,0,0
BD_WD_2023_0107,Welimada,1/12/2023,Vegetative,7.32,0.095,108.7,237.2,23.3,81.9,43.6,44.2,1,1,2,1,11,0,0,0
BD_ME_2024_0088,Makul_Ella,5/22/2024,Vegetative,6.35,0.168,45.3,258.7,17.1,80.9,56.7,54.3,1,2,0,1,7,0,0,0
BD_BW_2024_0109,Bandarawela,11/25/2023,Vegetative,6.3,0.084,59,302.6,27.2,84.2,40.6,54.6,2,2,1,2,7,0,0,0
BD_RK_2024_0110,Rathkarawua,2/21/2023,Vegetative,6.6,0.094,131.3,251.7,20.8,75.4,55.8,61,2,2,2,1,7,0,0,0
BD_ME_2024_0089,Makul_Ella,2/17/2024,Vegetative,6.24,0.123,76.5,318.7,23.2,83.1,39.1,42.9,2,1,1,2,11,0,0,0
BD_BW_2024_0110,Bandarawela,3/30/2024,Maturation,6.38,0.099,124.6,323.2,23.5,75.8,50.6,53,2,2,2,2,0,0,0,0
BD_BW_2024_0111,Bandarawela,4/2/2024,Tuber_Initiation,7.02,0.089,77.4,284.9,21.1,65.1,34.8,65,1,2,1,1,5.5,0,12.5,0
BD_BW_2024_0112,Bandarawela,10/31/2024,Germination,6.53,0.071,94.6,284.4,21.5,70.7,59.7,50.3,1,2,1,1,3,4.5,8,1000
BD_BW_2024_0113,Bandarawela,2/27/2024,Germination,6.45,0.063,119.2,343.2,20.6,81,36,44.8,2,1,2,2,5.5,0,5,600
BD_ME_2023_0090,Makul_Ella,4/4/2023,Tuber_Initiation,6.49,0.131,52.2,250.7,21.8,81.3,59.6,37.8,2,1,1,1,11,0,12.5,0
BD_ME_2023_0091,Makul_Ella,11/1/2024,Maturation,5.86,0.097,40.7,249.4,16.9,84.4,60.6,58.4,1,2,0,1,0,0,0,0
BD_RK_2024_0111,Rathkarawua,2/25/2023,Vegetative,6.31,0.056,116.7,341.1,24.6,75.9,52.6,56.1,2,2,2,2,7,0,0,0
BD_UP_2024_0100,Uva_Paranagama,7/27/2024,Maturation,4.9,0.112,20,200.6,24.9,72.3,56.9,31.5,1,1,0,1,0,0,0,0
BD_RK_2024_0112,Rathkarawua,4/27/2023,Germination,6.46,0.088,102.9,248.3,20.8,78.5,47.6,51.8,2,2,2,1,3,0,8,1000
BD_BR_2023_0088,Boralanda,12/16/2023,Tuber_Initiation,7.33,0.138,39.6,223.9,20.2,80.6,75.2,49.4,1,1,0,1,11,0,12.5,0
BD_OH_2024_0114,Ohiya,12/19/2024,Germination,5.35,0.201,95,201.1,17.6,83.4,49.8,36.9,1,1,1,1,5.5,4.5,8,1000
BD_HP_2023_0088,Haputhale,5/19/2024,Vegetative,6.41,0.122,150.2,238.8,23.6,78.7,77.8,42.5,2,1,2,1,11,0,0,0
BD_HN_2023_0103,Hinnarangolla,9/18/2023,Vegetative,5.64,0.173,61.1,279,24.3,84.7,61.7,38,1,1,1,1,11,0,0,0
BD_BR_2023_0089,Boralanda,2/7/2024,Vegetative,5.74,0.204,87,193.6,16,80.9,49.2,48.3,1,1,1,1,11,0,0,0
BD_UP_2023_0101,Uva_Paranagama,12/13/2023,Germination,4.7,0.144,20,235.1,20.5,83.8,51.1,36.1,1,1,0,1,5.5,6.7,8,1500
BD_HN_2023_0104,Hinnarangolla,10/10/2024,Germination,5.47,0.209,36.7,264,23.7,84.7,59.1,33.3,0,1,0,1,5.5,6.7,8,1000
BD_UP_2024_0102,Uva_Paranagama,11/5/2024,Vegetative,6.25,0.251,59.7,137.1,27.6,67.6,48.9,22.5,1,0,1,0,11,0,0,0
BD_UP_2023_0103,Uva_Paranagama,6/27/2024,Germination,5.55,0.294,103.2,183.7,22,75.1,43.3,25.5,1,0,2,1,5.5,0,8,1500
BD_ME_2024_0092,Makul_Ella,8/22/2024,Maturation,6.05,0.179,94.1,255.3,22.9,80,65.6,37.1,1,1,1,1,0,0,0,0
BD_ME_2023_0093,Makul_Ella,12/9/2024,Vegetative,6.56,0.141,86.3,122.3,20.5,87,65.7,31.3,1,1,1,0,11,0,0,0
BD_WD_2023_0108,Welimada,2/1/2024,Tuber_Initiation,6.15,0.146,71.3,267.4,16.7,91.5,48.7,38.2,2,1,1,1,11,0,12.5,0
BD_ME_2024_0094,Makul_Ella,3/4/2024,Vegetative,4.65,0.109,92.9,248.7,18.4,82.6,52.5,42.7,1,1,1,1,11,0,0,0
BD_OH_2024_0115,Ohiya,12/18/2023,Tuber_Initiation,5.44,0.171,83,231,16.1,90.4,41.8,52.5,1,2,1,1,5.5,0,12.5,0
BD_UP_2023_0104,Uva_Paranagama,5/22/2023,Maturation,5.42,0.284,50,160.4,22.5,75.3,49,24.7,1,0,1,1,0,0,0,0
BD_MH_2024_0093,Mirahawatte,12/19/2024,Tuber_Initiation,6.74,0.138,130.4,354.9,24.7,74.1,44,27.9,2,0,2,2,16.5,0,8,0
BD_ME_2023_0095,Makul_Ella,7/25/2023,Vegetative,6.13,0.091,75,239.4,20.8,80.5,44.3,47.5,2,1,1,1,11,0,0,0
BD_MH_2024_0094,Mirahawatte,12/4/2024,Tuber_Initiation,6.42,0.04,108.4,378.2,19.7,84,65.2,45.3,2,1,2,2,11,0,8,0
BD_WD_2023_0109,Welimada,5/30/2024,Tuber_Initiation,5.2,0.197,71.3,315.8,21.4,76,39.6,26.6,1,0,1,2,16.5,0,8,0
BD_BW_2024_0114,Bandarawela,7/29/2024,Maturation,5.91,0.122,137.7,298.7,22.5,75.5,54,57.1,2,2,2,1,0,0,0,0
BD_MH_2024_0095,Mirahawatte,11/21/2024,Tuber_Initiation,5.32,0.056,114.5,319.9,25.6,74.4,39.4,44.5,2,1,2,2,11,0,8,0
BD_HN_2023_0105,Hinnarangolla,6/19/2024,Germination,6.72,0.136,105.2,275.3,22.5,82.7,41.1,61.1,2,2,2,1,3,0,8,1000
BD_HP_2024_0089,Haputhale,5/29/2023,Germination,6.07,0.069,141.5,270.7,22.9,87,69.5,57.2,2,2,2,1,3,0,8,1000
BD_HP_2023_0090,Haputhale,10/1/2023,Vegetative,6.64,0.084,118.5,334.9,22.3,72.8,35.1,51.4,2,2,2,2,7,0,0,0
BD_OH_2024_0116,Ohiya,5/30/2023,Germination,4.99,0.156,104.9,283.6,17.4,94.4,37.5,40,1,1,2,1,5.5,0,8,1000
BD_OH_2023_0117,Ohiya,7/8/2024,Germination,6.33,0.168,69.2,251.2,17.6,80.6,53.1,43.3,1,1,1,1,5.5,4.5,8,600
BD_RK_2024_0113,Rathkarawua,4/15/2023,Vegetative,6.19,0.048,142.6,403.8,19.1,73.5,50.2,58.2,2,2,2,2,7,0,0,0
BD_ME_2024_0096,Makul_Ella,9/1/2023,Tuber_Initiation,6.51,0.169,99.4,247,23.4,87.1,63.5,55.4,1,2,1,1,5.5,0,12.5,0
BD_HP_2024_0091,Haputhale,2/1/2024,Maturation,6.77,0.076,98.1,305.5,24.4,89.8,49.1,51,2,2,1,2,0,0,0,0
BD_RK_2023_0114,Rathkarawua,1/14/2023,Tuber_Initiation,6.64,0.115,77.9,348.5,19.3,69.8,53.1,50.2,2,2,1,2,5.5,0,8,0
BD_BR_2024_0090,Boralanda,8/19/2023,Tuber_Initiation,5.92,0.185,68.7,397.9,15.4,83.1,62.5,35.7,1,1,1,2,11,0,8,0
BD_MH_2023_0096,Mirahawatte,7/18/2023,Tuber_Initiation,5.23,0.078,140.6,284,23.7,77.1,38,59.8,2,2,2,1,5.5,0,12.5,0
BD_UP_2023_0105,Uva_Paranagama,11/30/2024,Germination,5.6,0.144,77.1,272.3,22.5,79,33.2,25.1,2,0,1,1,5.5,4.5,8,1000
BD_WD_2023_0110,Welimada,6/10/2024,Germination,6.33,0.163,103.1,256.7,22.3,84,58.6,33,1,1,2,1,5.5,0,8,1000
BD_HN_2023_0106,Hinnarangolla,3/14/2024,Tuber_Initiation,6.58,0.169,41.1,180.6,24,88.7,39.7,56.6,0,2,0,1,5.5,0,12.5,0
BD_ME_2024_0097,Makul_Ella,5/14/2023,Vegetative,6.98,0.12,85.5,320,16.1,87.3,43.1,52.3,2,2,1,2,7,0,0,0
BD_MH_2024_0097,Mirahawatte,1/6/2023,Tuber_Initiation,6.06,0.085,148.6,356.3,23.4,80.1,42.2,40.1,2,1,2,2,11,0,8,0
BD_UP_2023_0106,Uva_Paranagama,2/10/2023,Vegetative,5.1,0.251,33,193.4,20.2,78.4,46.3,33.4,0,1,0,1,11,0,0,0
BD_RK_2023_0115,Rathkarawua,10/2/2024,Tuber_Initiation,5.35,0.082,109.4,312.5,21.5,86.9,53.7,57.5,2,2,2,2,5.5,0,8,0
BD_UP_2024_0107,Uva_Paranagama,3/16/2023,Tuber_Initiation,5.92,0.265,29.4,127.5,22.6,75.7,58.6,32,0,1,0,0,11,0,12.5,0
BD_ME_2023_0098,Makul_Ella,7/8/2023,Germination,5.48,0.178,79.1,264.4,20.4,85.2,57.7,41.6,1,1,1,1,5.5,4.5,8,600
BD_ME_2023_0099,Makul_Ella,3/1/2024,Maturation,6.02,0.183,83.9,328.2,18.3,85.9,49.9,40.7,1,1,1,2,0,0,0,0
BD_BW_2024_0115,Bandarawela,8/15/2023,Vegetative,5.77,0.053,128.4,330.7,22.6,74.8,46.8,53.9,2,2,2,2,7,0,0,0
BD_RK_2024_0116,Rathkarawua,1/5/2024,Tuber_Initiation,6.8,0.097,80.9,325,19.2,75.7,59.5,42.3,2,1,1,2,11,0,8,0
BD_BR_2024_0091,Boralanda,7/28/2024,Germination,6.26,0.146,57.8,222.8,20.3,85.3,40.5,33.8,2,1,1,1,5.5,4.5,8,600
BD_BW_2024_0116,Bandarawela,4/1/2024,Vegetative,5.91,0.074,117.6,366.6,25.6,83.9,37.4,35.2,2,1,2,2,11,0,0,0
BD_MH_2023_0098,Mirahawatte,2/10/2023,Tuber_Initiation,6.03,0.128,78.6,328.9,22.1,79.5,58.5,38.7,2,1,1,2,11,0,8,0
BD_HN_2023_0107,Hinnarangolla,1/31/2024,Tuber_Initiation,5.94,0.102,111.6,193.4,18.5,85.9,44.1,35.2,2,1,2,1,11,0,12.5,0
BD_ME_2024_0100,Makul_Ella,1/26/2023,Tuber_Initiation,4.71,0.121,68.9,289.1,23.2,80.6,57.3,43.5,1,1,1,1,11,0,12.5,0
BD_ME_2024_0101,Makul_Ella,5/13/2024,Germination,6.5,0.093,72.3,192.6,21.8,90.2,78.5,26.8,2,0,1,1,5.5,4.5,8,1000
BD_OH_2023_0118,Ohiya,11/25/2023,Germination,5.37,0.151,98.7,234.2,12.9,82.1,46.3,39.3,1,1,1,1,5.5,4.5,8,1500
BD_BW_2023_0117,Bandarawela,7/4/2024,Germination,5.77,0.102,95.6,358.4,27.7,65.2,39.9,41,2,1,1,2,5.5,4.5,5,600
BD_BW_2023_0118,Bandarawela,11/17/2024,Vegetative,6.11,0.103,127.1,303.9,22.5,76.1,68.9,53.6,2,2,2,2,7,0,0,0
BD_HN_2023_0108,Hinnarangolla,7/30/2023,Maturation,5.99,0.098,71.8,258.9,21.4,74.1,48.6,24.5,2,0,1,1,0,0,0,0
BD_BW_2023_0119,Bandarawela,1/25/2023,Maturation,6.05,0.06,124.4,310.9,23.6,72.1,64.4,52,2,2,2,2,0,0,0,0
BD_RK_2023_0117,Rathkarawua,3/31/2023,Germination,6.25,0.103,134.3,251.5,22.5,70.3,53.6,46.8,2,1,2,1,5.5,0,8,1000
BD_HP_2023_0092,Haputhale,9/15/2023,Germination,6.12,0.107,124.6,323.3,19.4,87.2,63.2,33.5,2,1,2,2,5.5,0,5,1000
BD_MH_2023_0099,Mirahawatte,9/22/2023,Maturation,5.55,0.056,81.1,294.1,25.6,72.6,49.6,51.7,2,2,1,1,0,0,0,0
BD_HN_2024_0109,Hinnarangolla,10/7/2024,Maturation,6.15,0.063,73.1,273.4,21.7,85.8,58.6,39.4,2,1,1,1,0,0,0,0
BD_HN_2024_0110,Hinnarangolla,1/18/2023,Maturation,6.91,0.107,67.4,173.2,19.8,88.6,56.9,41.1,1,1,1,1,0,0,0,0
BD_BW_2023_0120,Bandarawela,10/18/2024,Germination,6.08,0.115,154.2,306.1,21.6,73.5,49.5,35.7,2,1,2,2,5.5,0,5,600
BD_MH_2023_0100,Mirahawatte,12/18/2024,Germination,6.43,0.119,155.6,265.1,18.1,73.1,52.2,47.8,2,1,2,1,5.5,0,8,600
BD_RK_2023_0118,Rathkarawua,10/24/2023,Tuber_Initiation,6.67,0.114,159.7,282.6,23.4,70.9,62.2,39.1,2,1,2,1,11,0,12.5,0
BD_MH_2023_0101,Mirahawatte,10/16/2023,Maturation,6.61,0.082,116.8,356.8,22,77.2,39.9,50.7,2,2,2,2,0,0,0,0
BD_HN_2024_0111,Hinnarangolla,11/7/2024,Germination,5.87,0.103,50.7,155,21.2,84.7,49.4,51.5,2,2,1,1,3,4.5,8,600
BD_UP_2023_0108,Uva_Paranagama,6/30/2024,Vegetative,6.52,0.179,57.9,144.9,21.5,77.5,50.6,27.9,0,0,1,0,11,0,0,0
BD_WD_2024_0111,Welimada,7/12/2024,Tuber_Initiation,5.98,0.207,91.9,241.7,20.4,78.8,63.2,31.1,1,1,1,1,11,0,12.5,0
BD_WD_2024_0112,Welimada,11/24/2024,Tuber_Initiation,5.52,0.137,20,225.9,16.2,81.8,43.4,42.2,1,1,0,1,11,0,12.5,0
BD_HP_2023_0093,Haputhale,5/7/2023,Germination,5.5,0.087,102.7,302.7,18.3,72.7,39.2,58,2,2,2,2,3,0,5,600
BD_HP_2024_0094,Haputhale,7/4/2024,Germination,5.79,0.073,136.7,380,20.5,86.6,63.9,59.9,2,2,2,2,3,0,5,1000
BD_OH_2023_0119,Ohiya,12/19/2023,Vegetative,5.04,0.217,124.7,342.7,15.2,91.4,48,21,2,0,2,2,11,0,0,0
BD_HN_2023_0112,Hinnarangolla,6/14/2023,Vegetative,6.43,0.057,79.2,206,17.4,79.2,73.6,58.4,2,2,1,1,7,0,0,0
BD_BR_2024_0092,Boralanda,7/18/2023,Germination,6.42,0.204,69.6,182.2,17.7,78.7,43.8,33.4,1,1,1,1,5.5,4.5,8,1000
BD_WD_2023_0113,Welimada,7/16/2024,Maturation,6.64,0.105,88.9,310.9,21.7,89.5,54.4,28.1,2,0,1,2,0,0,0,0
BD_ME_2023_0102,Makul_Ella,10/25/2023,Germination,6.92,0.167,92.6,332.4,22.8,90.4,48.5,35.2,1,1,1,2,5.5,4.5,5,600
BD_OH_2023_0120,Ohiya,7/22/2023,Maturation,7.55,0.166,85.2,281.7,15.6,86.4,70.3,37.2,0,1,1,1,0,0,0,0
BD_RK_2024_0119,Rathkarawua,5/12/2023,Vegetative,6.47,0.092,120.4,334.2,24.4,80.1,60,54.7,2,2,2,2,7,0,0,0
BD_BW_2024_0121,Bandarawela,9/26/2024,Germination,6.64,0.093,124.9,304.6,27,73.6,46.1,35.8,2,1,2,2,5.5,0,5,600
BD_BR_2024_0093,Boralanda,5/12/2024,Maturation,5.63,0.131,103.9,239.9,18.5,79.5,63.2,29.8,2,0,2,1,0,0,0,0
BD_RK_2024_0120,Rathkarawua,12/11/2024,Vegetative,6.58,0.061,102.2,326.4,19.9,73,57,56,2,2,2,2,7,0,0,0
BD_MH_2024_0102,Mirahawatte,11/20/2023,Maturation,6.33,0.126,134.3,365.9,25.2,76.1,72.4,45.6,2,1,2,2,0,0,0,0
BD_WD_2023_0114,Welimada,11/17/2023,Vegetative,6.42,0.212,68.4,243.6,19.1,89.2,46.2,44.3,1,1,1,1,11,0,0,0
BD_BR_2024_0094,Boralanda,10/11/2023,Tuber_Initiation,6.75,0.117,64,188.7,16.9,81.5,52.3,46.1,1,1,1,1,11,0,12.5,0
BD_WD_2024_0115,Welimada,5/6/2024,Maturation,5.6,0.084,112,248,18.7,82.1,70.9,37.1,2,1,2,1,0,0,0,0
BD_UP_2024_0109,Uva_Paranagama,11/9/2023,Maturation,5.99,0.078,63.7,134.6,23.2,84.7,79.2,25.2,1,0,1,0,0,0,0,0
BD_ME_2023_0103,Makul_Ella,6/29/2023,Germination,5.85,0.186,118.2,193.1,16.1,88.9,40.5,26.8,1,0,2,1,5.5,0,8,1500
BD_OH_2023_0121,Ohiya,7/5/2024,Vegetative,6.63,0.184,24.7,252.4,20,89.4,53.4,45.7,0,1,0,1,11,0,0,0
BD_OH_2023_0122,Ohiya,3/19/2023,Germination,6.37,0.046,99.6,288.4,13.9,93.6,55.3,29,2,0,1,1,5.5,4.5,8,600
BD_ME_2023_0104,Makul_Ella,8/18/2024,Maturation,6.56,0.149,34.1,165.3,18.2,91.1,42.4,38.2,1,1,0,1,0,0,0,0
BD_MH_2023_0103,Mirahawatte,2/7/2023,Tuber_Initiation,5.92,0.126,118.6,274.2,24.2,86.7,40,52.3,2,2,2,1,5.5,0,12.5,0
BD_ME_2024_0105,Makul_Ella,10/31/2024,Vegetative,5.5,0.137,43.6,279.1,18.8,77.5,52.9,28.2,1,0,0,1,11,0,0,0
BD_RK_2024_0121,Rathkarawua,8/17/2023,Tuber_Initiation,6.39,0.099,123.6,352.3,20.6,76.1,69.2,41.5,2,1,2,2,11,0,8,0
BD_WD_2024_0116,Welimada,5/28/2024,Germination,6.13,0.085,65.7,198.2,20.6,84.7,67.1,37.8,2,1,1,1,5.5,4.5,8,1500
BD_HN_2024_0113,Hinnarangolla,5/29/2024,Germination,5.23,0.159,68.8,211.8,19.5,80.6,61,28.7,1,0,1,1,5.5,4.5,8,1500
BD_BR_2023_0095,Boralanda,6/10/2024,Vegetative,7.07,0.204,67,314.8,18.5,83.2,43.5,27.9,1,0,1,2,11,0,0,0
BD_UP_2023_0110,Uva_Paranagama,7/3/2023,Vegetative,5.57,0.252,29.8,199.4,26.5,81.8,30,29.6,1,0,0,1,11,0,0,0
BD_UP_2024_0111,Uva_Paranagama,2/11/2023,Vegetative,5.52,0.227,77.3,149.7,25.1,70.1,34.5,24.6,1,0,1,0,11,0,0,0
BD_UP_2023_0112,Uva_Paranagama,3/6/2023,Tuber_Initiation,5.27,0.169,44.4,146.7,22.4,76.2,61,31.4,0,1,0,0,11,0,12.5,0
BD_RK_2023_0122,Rathkarawua,2/13/2023,Vegetative,6.6,0.101,143.4,343.2,24.1,84.4,74.4,34.7,2,1,2,2,11,0,0,0
BD_ME_2024_0106,Makul_Ella,2/2/2024,Maturation,5.92,0.162,39.9,223.4,17.4,81.2,44.5,35.2,1,1,0,1,0,0,0,0
BD_UP_2023_0113,Uva_Paranagama,2/10/2023,Tuber_Initiation,5.14,0.071,44.8,184.4,22.5,83.4,47.6,33.7,1,1,0,1,11,0,12.5,0
BD_BW_2024_0122,Bandarawela,9/27/2023,Vegetative,5.89,0.106,168.2,332.9,21.3,65.8,46.5,52.1,2,2,2,2,7,0,0,0
BD_HN_2024_0114,Hinnarangolla,1/10/2024,Germination,6.83,0.141,73.6,241.6,23.2,73.7,42.8,39.9,1,1,1,1,5.5,4.5,8,1000
BD_ME_2024_0107,Makul_Ella,1/21/2024,Vegetative,6.56,0.188,86.7,211.4,23,87.9,53.8,44.1,1,1,1,1,11,0,0,0
BD_ME_2024_0108,Makul_Ella,12/28/2023,Tuber_Initiation,5.4,0.164,85,131.9,16.1,88.8,59.4,41,0,1,1,0,11,0,12.5,0
BD_UP_2024_0114,Uva_Paranagama,9/10/2024,Germination,5.54,0.12,50.8,105.7,25.1,82.1,68.2,25.4,1,0,1,0,5.5,4.5,12.5,1500
BD_ME_2023_0109,Makul_Ella,3/26/2024,Vegetative,5.1,0.157,78.5,210.5,19.2,86.5,38.8,43.3,1,1,1,1,11,0,0,0
BD_BR_2023_0096,Boralanda,6/10/2024,Tuber_Initiation,4.73,0.131,79.7,221.1,15.5,94.6,63.5,30.8,1,1,1,1,11,0,12.5,0
BD_BR_2023_0097,Boralanda,7/11/2023,Vegetative,5.52,0.18,132.4,291.4,15.1,93.8,51.2,15,1,0,2,1,11,0,0,0
BD_RK_2023_0123,Rathkarawua,11/7/2024,Vegetative,5.69,0.101,131.2,323.5,19,68.4,45.4,53.7,2,2,2,2,7,0,0,0
BD_HN_2024_0115,Hinnarangolla,4/27/2023,Maturation,5.05,0.23,73.8,271.2,18.5,86.3,45.4,34.3,1,1,1,1,0,0,0,0
BD_UP_2024_0115,Uva_Paranagama,8/4/2023,Vegetative,4.82,0.197,50.6,139.8,27.4,81.5,50.6,32.5,0,1,1,0,11,0,0,0
BD_HN_2023_0116,Hinnarangolla,9/7/2023,Germination,5.27,0.159,53.2,326.7,23.8,84.2,60.9,46.8,1,1,1,2,5.5,4.5,5,600
BD_WD_2023_0117,Welimada,5/18/2023,Germination,6.01,0.182,98.6,216.8,23,76.7,72.9,18.2,1,0,1,1,5.5,4.5,8,1500
BD_MH_2023_0104,Mirahawatte,2/27/2023,Vegetative,6.55,0.071,99.2,298.7,24.9,78.1,57,39.5,1,1,1,1,11,0,0,0
BD_OH_2023_0123,Ohiya,6/13/2024,Maturation,5.96,0.118,105.3,205.4,15.1,88.8,58.3,28.3,2,0,2,1,0,0,0,0
BD_MH_2023_0105,Mirahawatte,11/8/2024,Tuber_Initiation,5.88,0.112,106.2,294.7,18.6,74.4,38.6,56.8,2,2,2,1,5.5,0,12.5,0
BD_BW_2023_0123,Bandarawela,4/4/2024,Maturation,6.26,0.112,158.4,305.1,27.7,71.6,50.2,51,2,2,2,2,0,0,0,0
BD_UP_2023_0116,Uva_Paranagama,8/13/2023,Maturation,5.93,0.051,23.8,244.5,20.5,80,58.2,27.6,1,0,0,1,0,0,0,0
BD_MH_2023_0106,Mirahawatte,8/19/2024,Vegetative,5.53,0.04,172.3,311,25,79.8,69.8,50.2,2,2,2,2,7,0,0,0
BD_MH_2024_0107,Mirahawatte,6/21/2023,Tuber_Initiation,6.43,0.098,109.1,253.6,21.6,83.1,51.1,56,2,2,2,1,5.5,0,12.5,0
BD_UP_2023_0117,Uva_Paranagama,8/24/2023,Maturation,5.33,0.139,34.5,157.6,26,75.2,59.4,37.9,1,1,0,1,0,0,0,0
BD_HN_2023_0117,Hinnarangolla,4/22/2023,Germination,5.84,0.089,119.7,248.8,22.2,88.8,71.2,41.7,2,1,2,1,5.5,0,8,600
BD_BR_2024_0098,Boralanda,6/3/2023,Germination,4.89,0.041,56.5,219.8,16.5,87.3,54.4,47.8,1,1,1,1,5.5,4.5,8,1000
BD_WD_2024_0118,Welimada,9/21/2024,Germination,7.11,0.12,115.7,230,20.4,79.6,65.6,58,1,2,2,1,3,0,8,1000
BD_ME_2023_0110,Makul_Ella,4/6/2023,Maturation,5.66,0.193,68.1,257.5,21.9,86.2,55,39.8,1,1,1,1,0,0,0,0
BD_WD_2023_0119,Welimada,11/25/2024,Maturation,5.08,0.117,62.1,281,17.5,76.9,35.5,31.8,1,1,1,1,0,0,0,0
BD_ME_2024_0111,Makul_Ella,1/15/2024,Germination,5.43,0.1,107.5,237.4,18.8,82.7,62.5,44.7,2,1,2,1,5.5,0,8,600
BD_ME_2024_0112,Makul_Ella,8/23/2023,Maturation,6.22,0.129,82.2,267.8,18.2,79.7,46.5,60.8,2,2,1,1,0,0,0,0
BD_HN_2024_0118,Hinnarangolla,8/26/2024,Germination,6.73,0.152,58.8,197.5,22.4,75.2,53.1,42.7,1,1,1,1,5.5,4.5,8,600
BD_HN_2023_0119,Hinnarangolla,9/18/2023,Maturation,7.29,0.112,68.6,221.2,22.4,82.7,54.7,26.7,1,0,1,1,0,0,0,0
BD_BR_2023_0099,Boralanda,10/18/2023,Maturation,5.89,0.088,58.5,221.4,17.8,88.4,60.1,22.7,2,0,1,1,0,0,0,0
BD_OH_2023_0124,Ohiya,1/6/2023,Germination,6.24,0.18,97.4,137,16.8,87.3,57.5,36.4,1,1,1,0,5.5,4.5,12.5,1000
BD_MH_2023_0108,Mirahawatte,6/16/2024,Germination,6.08,0.119,106.2,315,23.6,81.1,50.6,49.5,2,1,2,2,5.5,0,5,600
BD_HN_2023_0120,Hinnarangolla,12/5/2024,Tuber_Initiation,4.5,0.165,93,168.7,20.6,86.5,64.6,21.1,1,0,1,1,16.5,0,12.5,0
BD_HN_2024_0121,Hinnarangolla,4/20/2023,Vegetative,5.7,0.197,55.4,181.6,17.5,72.2,45.8,41.6,1,1,1,1,11,0,0,0
BD_HN_2024_0122,Hinnarangolla,9/25/2023,Maturation,6.11,0.106,106.8,178.6,24.9,83.4,55.4,40.6,2,1,2,1,0,0,0,0
BD_MH_2024_0109,Mirahawatte,9/18/2024,Tuber_Initiation,6.02,0.099,47.4,283.6,24.3,78.7,39.4,47.5,1,1,0,1,11,0,12.5,0
BD_HN_2023_0123,Hinnarangolla,2/28/2024,Maturation,5.63,0.159,72.8,154.9,24.7,85.9,41.6,36.6,1,1,1,1,0,0,0,0
BD_WD_2024_0120,Welimada,7/26/2024,Maturation,5.82,0.129,101.2,231.9,22.2,84.1,62.4,49.2,2,1,2,1,0,0,0,0
BD_OH_2024_0125,Ohiya,8/14/2024,Tuber_Initiation,6.25,0.048,119.1,270.3,12.8,91.7,53.8,52.5,2,2,2,1,5.5,0,12.5,0
BD_HN_2023_0124,Hinnarangolla,11/6/2024,Germination,5.76,0.061,76.6,304.3,19.6,79,57.5,39.9,2,1,1,2,5.5,4.5,5,1500
BD_BR_2024_0100,Boralanda,12/17/2024,Vegetative,6.38,0.219,124.5,188.7,21.1,91,51.8,21.3,1,0,2,1,11,0,0,0
BD_BW_2023_0124,Bandarawela,6/4/2024,Maturation,6.01,0.083,114.2,308.7,22.1,82.8,58.1,47.9,2,1,2,2,0,0,0,0
BD_RK_2023_0124,Rathkarawua,6/14/2023,Maturation,7.21,0.066,114.3,300.8,24,86.2,66.6,34,2,1,2,2,0,0,0,0
BD_HP_2023_0095,Haputhale,5/29/2023,Maturation,6.22,0.135,75.5,341,23.5,74.3,41,37.2,2,1,1,2,0,0,0,0
BD_MH_2024_0110,Mirahawatte,4/1/2023,Germination,5.69,0.088,111.7,328.2,24.3,84.1,59.5,37.4,2,1,2,2,5.5,0,5,1000
BD_OH_2023_0126,Ohiya,1/15/2024,Germination,6.27,0.158,43.1,233.9,18.3,82.3,41.2,38,1,1,0,1,5.5,6.7,8,1500
BD_MH_2023_0111,Mirahawatte,1/29/2024,Maturation,5.69,0.053,148.9,360.8,24.3,71.2,54.1,44.8,2,1,2,2,0,0,0,0
BD_MH_2024_0112,Mirahawatte,12/29/2024,Germination,6.42,0.109,92.7,292.6,24.5,83.9,57.4,36.3,2,1,1,1,5.5,4.5,8,600
BD_WD_2024_0121,Welimada,3/25/2024,Germination,5.93,0.198,45.3,205.9,17.2,89.1,52.2,39.3,1,1,0,1,5.5,6.7,8,1000
BD_BR_2024_0101,Boralanda,7/19/2023,Germination,5.2,0.075,53.4,157.8,15.5,90.1,61.3,40,1,1,1,1,5.5,4.5,8,1500
BD_MH_2023_0113,Mirahawatte,9/21/2024,Vegetative,6.57,0.04,121.6,338.1,19.6,83.6,48.3,23.9,2,0,2,2,11,0,0,0
BD_HP_2024_0096,Haputhale,9/2/2023,Germination,6.43,0.056,118.5,344.6,24.6,77.2,56.6,54.7,2,2,2,2,3,0,5,600
BD_WD_2023_0122,Welimada,10/10/2023,Maturation,5.33,0.15,89.7,162.6,18.2,92,66.6,15,1,0,1,1,0,0,0,0
BD_RK_2024_0125,Rathkarawua,2/20/2024,Vegetative,6.09,0.101,128.9,367.1,20.2,77.3,56.7,47.6,2,1,2,2,11,0,0,0
BD_ME_2023_0113,Makul_Ella,12/21/2024,Germination,6.56,0.089,95.1,355.3,23.6,83.2,59.3,22.1,2,0,1,2,5.5,4.5,5,1500
BD_BW_2024_0125,Bandarawela,7/26/2024,Tuber_Initiation,5.8,0.075,106.6,336.6,21,65.1,50.1,46.9,2,1,2,2,11,0,8,0
BD_RK_2024_0126,Rathkarawua,8/20/2023,Vegetative,6.25,0.123,120,266.4,20.2,72.5,60.1,43.4,2,1,2,1,11,0,0,0
BD_UP_2024_0118,Uva_Paranagama,8/11/2024,Germination,4.5,0.157,29,142.3,21.7,67.7,40.9,19.8,0,0,0,0,5.5,6.7,12.5,1500
BD_OH_2023_0127,Ohiya,2/21/2024,Germination,7.3,0.198,111.6,291.2,14.8,83.2,43.9,50.2,1,2,2,1,3,0,8,1500
BD_ME_2023_0114,Makul_Ella,5/30/2024,Tuber_Initiation,5.15,0.165,56.6,220,19.1,76.1,59.3,29.7,1,0,1,1,16.5,0,12.5,0
BD_RK_2023_0127,Rathkarawua,6/9/2024,Tuber_Initiation,6.47,0.108,104,287.2,25.7,84.1,58.1,60.4,2,2,2,1,5.5,0,12.5,0
BD_ME_2024_0115,Makul_Ella,12/11/2024,Maturation,5.28,0.181,125,219.8,22.3,82.4,42.7,38.6,1,1,2,1,0,0,0,0
BD_HN_2024_0125,Hinnarangolla,9/7/2023,Tuber_Initiation,6.19,0.072,79.4,334.8,20.2,72.3,60.9,42.3,2,1,1,2,11,0,8,0
BD_UP_2024_0119,Uva_Paranagama,8/23/2024,Germination,5.36,0.159,55.8,156.9,21.2,76.6,49.3,26.9,1,0,1,1,5.5,4.5,8,1500
BD_UP_2023_0120,Uva_Paranagama,9/22/2023,Germination,6.5,0.183,77.9,163.7,21.7,70.1,49,33,1,1,1,1,5.5,4.5,8,1500
BD_HN_2023_0126,Hinnarangolla,11/24/2024,Vegetative,6.13,0.209,54.6,294.9,19.3,83.9,55.2,26.8,1,0,1,1,11,0,0,0
BD_RK_2024_0128,Rathkarawua,12/28/2023,Germination,6.45,0.132,178.1,352.5,21,81.6,59,59.2,2,2,2,2,3,0,5,600
BD_OH_2023_0128,Ohiya,10/22/2023,Germination,5.86,0.185,104.4,276.2,19.7,92.2,61.1,27.7,1,0,2,1,5.5,0,8,1500
BD_HN_2024_0127,Hinnarangolla,3/19/2023,Vegetative,4.97,0.114,111.4,242.3,23.6,75.9,55,39.6,1,1,2,1,11,0,0,0
BD_UP_2024_0121,Uva_Paranagama,12/29/2023,Vegetative,4.83,0.229,38.1,208.3,20.6,65.6,30,17.9,0,0,0,1,11,0,0,0
BD_MH_2024_0114,Mirahawatte,7/7/2023,Vegetative,5.97,0.145,165,390.9,21.1,84.8,35.5,28.2,2,0,2,2,11,0,0,0
BD_UP_2023_0122,Uva_Paranagama,8/29/2023,Vegetative,7.26,0.243,29.1,165.7,27.3,78,43.6,20.9,0,0,0,1,11,0,0,0
BD_OH_2023_0129,Ohiya,8/23/2023,Vegetative,6.24,0.161,49,272.5,13.9,85.4,46.2,31.7,1,1,0,1,11,0,0,0
BD_BR_2024_0102,Boralanda,6/9/2023,Germination,6.09,0.226,104.4,236.4,20.8,81.7,47.4,38.6,1,1,2,1,5.5,0,8,1500
BD_BW_2023_0126,Bandarawela,11/23/2024,Maturation,6.54,0.074,135.1,370.6,27.9,71.9,58.3,56.9,2,2,2,2,0,0,0,0
BD_MH_2023_0115,Mirahawatte,7/8/2024,Germination,5.73,0.06,112.2,335.8,20.3,78.2,49.3,38.5,2,1,2,2,5.5,0,5,600
BD_UP_2024_0123,Uva_Paranagama,9/27/2024,Tuber_Initiation,4.72,0.215,35.7,244.5,25.2,73.9,61.6,41.1,0,1,0,1,11,0,12.5,0
BD_UP_2024_0124,Uva_Paranagama,5/17/2024,Vegetative,6.3,0.29,43.6,145.1,22.7,80.1,55.1,23.2,0,0,0,0,11,0,0,0
BD_ME_2024_0116,Makul_Ella,2/12/2024,Vegetative,6.6,0.181,56.5,197.6,17.7,83.9,70.1,32,1,1,1,1,11,0,0,0
BD_MH_2023_0116,Mirahawatte,2/25/2023,Maturation,6.29,0.062,136.4,331,22.1,84.7,61.9,60.4,2,2,2,2,0,0,0,0
BD_UP_2023_0125,Uva_Paranagama,5/29/2024,Tuber_Initiation,6.11,0.18,91.9,191,22.1,80.1,42.7,27.7,1,0,1,1,16.5,0,12.5,0
BD_HN_2023_0128,Hinnarangolla,4/13/2024,Germination,5.58,0.148,93,232.8,18.3,75,47.1,18.2,2,0,1,1,5.5,4.5,8,1000
BD_ME_2024_0117,Makul_Ella,11/20/2023,Germination,6.37,0.129,139.6,246.2,16.7,90.4,51.4,38.9,2,1,2,1,5.5,0,8,1000
BD_HP_2023_0097,Haputhale,1/24/2024,Germination,6.31,0.127,134.2,320.5,23,73.5,40.4,42.6,2,1,2,2,5.5,0,5,600
BD_RK_2024_0129,Rathkarawua,9/19/2024,Tuber_Initiation,6.11,0.047,78,329.1,23.7,77.8,65,54.4,2,2,1,2,5.5,0,8,0
BD_WD_2024_0123,Welimada,8/31/2023,Tuber_Initiation,5.79,0.167,73.6,204.6,19,89.9,62.5,47.9,1,1,1,1,11,0,12.5,0
BD_UP_2024_0126,Uva_Paranagama,1/10/2024,Vegetative,4.97,0.117,28,196.2,24.4,77.6,59,39,1,1,0,1,11,0,0,0
BD_UP_2024_0127,Uva_Paranagama,8/4/2023,Maturation,5.36,0.13,64.3,241.2,23.7,73.4,40,24.5,1,0,1,1,0,0,0,0
BD_RK_2024_0130,Rathkarawua,2/15/2024,Tuber_Initiation,6.15,0.099,160,336.9,25.4,68.7,33.2,50.2,2,2,2,2,5.5,0,8,0
BD_UP_2023_0128,Uva_Paranagama,8/8/2024,Vegetative,5.48,0.125,63.4,118.1,26.6,74.6,50.8,32.5,1,1,1,0,11,0,0,0
BD_MH_2023_0117,Mirahawatte,4/13/2023,Tuber_Initiation,5.92,0.093,166.6,283.1,20.6,78.7,60,43.7,2,1,2,1,11,0,12.5,0
BD_BR_2024_0103,Boralanda,1/26/2024,Vegetative,5.05,0.177,101.7,158.1,16.2,87.4,30,42.7,1,1,2,1,11,0,0,0
BD_WD_2023_0124,Welimada,4/29/2024,Germination,6.19,0.126,48.9,197.2,19.3,80.1,42.9,33.7,1,1,0,1,5.5,6.7,8,1000
BD_WD_2024_0125,Welimada,5/26/2024,Vegetative,6.38,0.12,87,177.2,19.6,77.5,64.2,40.3,2,1,1,1,11,0,0,0
